Row ID,Order ID,Order Date,Ship Date,Ship Mode,Customer ID,Customer Name,Segment,Country,City,State,Postal Code,Region,Product ID,Category,Sub-Category,Product Name,Sales,Quantity,Discount,Profit
7981,CA-2011-103800,2013-01-03,2013-01-07,Standard Class,DP-13000,Darren Powers,Consumer,United States,Houston,Texas,77095,Central,OFF-PA-10000174,Office Supplies,Paper,"Message Book, Wirebound, Four 5 1/2"" X 4"" Forms/Pg., 200 Dupl. Sets/Book",16.448,2,0.2,5.551199999999998
740,CA-2011-112326,2013-01-04,2013-01-08,Standard Class,PO-19195,Phillina Ober,Home Office,United States,Naperville,Illinois,60540,Central,OFF-LA-10003223,Office Supplies,Labels,Avery 508,11.784,3,0.2,4.271699999999999
741,CA-2011-112326,2013-01-04,2013-01-08,Standard Class,PO-19195,Phillina Ober,Home Office,United States,Naperville,Illinois,60540,Central,OFF-ST-10002743,Office Supplies,Storage,SAFCO Boltless Steel Shelving,272.736,3,0.2,-64.77480000000001
742,CA-2011-112326,2013-01-04,2013-01-08,Standard Class,PO-19195,Phillina Ober,Home Office,United States,Naperville,Illinois,60540,Central,OFF-BI-10004094,Office Supplies,Binders,GBC Standard Plastic Binding Systems Combs,3.539999999999999,2,0.8,-5.487
7661,CA-2011-105417,2013-01-07,2013-01-12,Standard Class,VS-21820,Vivek Sundaresam,Consumer,United States,Huntsville,Texas,77340,Central,FUR-FU-10004864,Furniture,Furnishings,"Howard Miller 14-1/2"" Diameter Chrome Round Wall Clock",76.72800000000001,3,0.6,-53.70959999999999
7662,CA-2011-105417,2013-01-07,2013-01-12,Standard Class,VS-21820,Vivek Sundaresam,Consumer,United States,Huntsville,Texas,77340,Central,OFF-BI-10003708,Office Supplies,Binders,"Acco Four Pocket Poly Ring Binder with Label Holder, Smoke, 1""",10.429999999999998,7,0.8,-18.252500000000005
593,CA-2011-135405,2013-01-09,2013-01-13,Standard Class,MS-17830,Melanie Seite,Consumer,United States,Laredo,Texas,78041,Central,OFF-AR-10004078,Office Supplies,Art,Newell 312,9.344,2,0.2,1.1679999999999997
594,CA-2011-135405,2013-01-09,2013-01-13,Standard Class,MS-17830,Melanie Seite,Consumer,United States,Laredo,Texas,78041,Central,TEC-AC-10001266,Technology,Accessories,Memorex Micro Travel Drive 8 GB,31.200000000000003,3,0.2,9.749999999999996
6327,CA-2011-167927,2013-01-20,2013-01-26,Standard Class,XP-21865,Xylona Preis,Consumer,United States,Westland,Michigan,48185,Central,OFF-ST-10000760,Office Supplies,Storage,Eldon Fold 'N Roll Cart System,13.98,1,0.0,4.0542
6328,CA-2011-167927,2013-01-20,2013-01-26,Standard Class,XP-21865,Xylona Preis,Consumer,United States,Westland,Michigan,48185,Central,FUR-FU-10002918,Furniture,Furnishings,Eldon ClusterMat Chair Mat with Cordless Antistatic Protection,272.94,3,0.0,30.02340000000001
6329,CA-2011-167927,2013-01-20,2013-01-26,Standard Class,XP-21865,Xylona Preis,Consumer,United States,Westland,Michigan,48185,Central,OFF-BI-10000605,Office Supplies,Binders,"Acco Pressboard Covers with Storage Hooks, 9 1/2"" x 11"", Executive Red",19.05,5,0.0,8.953499999999998
6330,CA-2011-167927,2013-01-20,2013-01-26,Standard Class,XP-21865,Xylona Preis,Consumer,United States,Westland,Michigan,48185,Central,OFF-AP-10002311,Office Supplies,Appliances,"Holmes Replacement Filter for HEPA Air Cleaner, Very Large Room, HEPA Filter",247.716,4,0.1,93.58160000000001
6331,CA-2011-167927,2013-01-20,2013-01-26,Standard Class,XP-21865,Xylona Preis,Consumer,United States,Westland,Michigan,48185,Central,OFF-ST-10003123,Office Supplies,Storage,Fellowes Bases and Tops For Staxonsteel/High-Stak Systems,66.58,2,0.0,15.979199999999999
6332,CA-2011-167927,2013-01-20,2013-01-26,Standard Class,XP-21865,Xylona Preis,Consumer,United States,Westland,Michigan,48185,Central,OFF-AR-10004456,Office Supplies,Art,Panasonic KP-4ABK Battery-Operated Pencil Sharpener,43.92,3,0.0,12.736799999999999
6333,CA-2011-167927,2013-01-20,2013-01-26,Standard Class,XP-21865,Xylona Preis,Consumer,United States,Westland,Michigan,48185,Central,FUR-FU-10002268,Furniture,Furnishings,Ultra Door Push Plate,14.73,3,0.0,4.860899999999999
6334,CA-2011-167927,2013-01-20,2013-01-26,Standard Class,XP-21865,Xylona Preis,Consumer,United States,Westland,Michigan,48185,Central,OFF-BI-10004364,Office Supplies,Binders,Storex Dura Pro Binders,29.700000000000003,5,0.0,13.365
9887,CA-2011-146997,2013-01-23,2013-01-27,Standard Class,SG-20605,Speros Goranitis,Consumer,United States,Lafayette,Indiana,47905,Central,OFF-FA-10003467,Office Supplies,Fasteners,"Alliance Big Bands Rubber Bands, 12/Pack",5.9399999999999995,3,0.0,0.0
8150,CA-2011-167997,2013-01-26,2013-01-29,First Class,CA-11965,Carol Adams,Corporate,United States,Rapid City,South Dakota,57701,Central,OFF-BI-10001758,Office Supplies,Binders,Wilson Jones 14 Line Acrylic Coated Pressboard Data Binders,10.68,2,0.0,5.0196
8151,CA-2011-167997,2013-01-26,2013-01-29,First Class,CA-11965,Carol Adams,Corporate,United States,Rapid City,South Dakota,57701,Central,FUR-BO-10004409,Furniture,Bookcases,"Safco Value Mate Series Steel Bookcases, Baked Enamel Finish on Steel, Gray",141.96,2,0.0,39.7488
6388,CA-2011-134103,2013-01-30,2013-02-04,Standard Class,MV-18190,Mike Vittorini,Consumer,United States,Detroit,Michigan,48234,Central,OFF-PA-10001204,Office Supplies,Paper,Xerox 1972,10.56,2,0.0,4.752
6389,CA-2011-134103,2013-01-30,2013-02-04,Standard Class,MV-18190,Mike Vittorini,Consumer,United States,Detroit,Michigan,48234,Central,OFF-ST-10000991,Office Supplies,Storage,Space Solutions HD Industrial Steel Shelving.,229.94,2,0.0,6.898200000000003
541,CA-2011-140795,2013-02-01,2013-02-03,First Class,BD-11500,Bradley Drucker,Consumer,United States,Green Bay,Wisconsin,54302,Central,TEC-AC-10001432,Technology,Accessories,Enermax Aurora Lite Keyboard,468.90000000000003,6,0.0,206.31600000000006
8981,CA-2011-108182,2013-02-06,2013-02-10,Second Class,DL-13315,Delfina Latchford,Consumer,United States,Romeoville,Illinois,60441,Central,OFF-BI-10001196,Office Supplies,Binders,"Avery Flip-Chart Easel Binder, Black",8.951999999999998,2,0.8,-14.770800000000001
9255,CA-2011-168368,2013-02-11,2013-02-15,Second Class,GA-14725,Guy Armstrong,Consumer,United States,Columbia,Missouri,65203,Central,FUR-CH-10001146,Furniture,Chairs,"Global Value Mid-Back Manager's Chair, Gray",60.89,1,0.0,15.222499999999997
9256,CA-2011-168368,2013-02-11,2013-02-15,Second Class,GA-14725,Guy Armstrong,Consumer,United States,Columbia,Missouri,65203,Central,OFF-LA-10004853,Office Supplies,Labels,Avery 483,14.940000000000001,3,0.0,6.8724
9257,CA-2011-168368,2013-02-11,2013-02-15,Second Class,GA-14725,Guy Armstrong,Consumer,United States,Columbia,Missouri,65203,Central,OFF-BI-10004728,Office Supplies,Binders,Wilson Jones Turn Tabs Binder Tool for Ring Binders,9.64,2,0.0,4.4344
9258,CA-2011-168368,2013-02-11,2013-02-15,Second Class,GA-14725,Guy Armstrong,Consumer,United States,Columbia,Missouri,65203,Central,FUR-FU-10002298,Furniture,Furnishings,"Rubbermaid ClusterMat Chairmats, Mat Size- 66"" x 60"", Lip 20"" x 11"" -90 Degree Angle",332.94,3,0.0,53.270399999999995
9259,CA-2011-168368,2013-02-11,2013-02-15,Second Class,GA-14725,Guy Armstrong,Consumer,United States,Columbia,Missouri,65203,Central,OFF-BI-10004654,Office Supplies,Binders,VariCap6 Expandable Binder,51.900000000000006,3,0.0,24.393
9260,CA-2011-168368,2013-02-11,2013-02-15,Second Class,GA-14725,Guy Armstrong,Consumer,United States,Columbia,Missouri,65203,Central,OFF-ST-10002583,Office Supplies,Storage,Fellowes Neat Ideas Storage Cubes,64.96,2,0.0,2.598399999999998
5467,CA-2011-107706,2013-02-14,2013-02-19,Second Class,ST-20530,Shui Tom,Consumer,United States,Houston,Texas,77095,Central,OFF-PA-10000466,Office Supplies,Paper,"Memo Book, 100 Message Capacity, 5 3/8” x 11”",16.176000000000002,3,0.2,6.065999999999999
1333,CA-2011-122567,2013-02-16,2013-02-21,Standard Class,MN-17935,Michael Nguyen,Consumer,United States,Dallas,Texas,75220,Central,OFF-BI-10002012,Office Supplies,Binders,Wilson Jones Easy Flow II Sheet Lifters,1.0799999999999998,3,0.8,-1.7280000000000002
1334,CA-2011-122567,2013-02-16,2013-02-21,Standard Class,MN-17935,Michael Nguyen,Consumer,United States,Dallas,Texas,75220,Central,OFF-AP-10001303,Office Supplies,Appliances,"Holmes Cool Mist Humidifier for the Whole House with 8-Gallon Output per Day, Extended Life Filter",7.959999999999997,2,0.8,-13.930000000000003
9516,CA-2011-154165,2013-02-17,2013-02-24,Standard Class,DL-13315,Delfina Latchford,Consumer,United States,Chicago,Illinois,60653,Central,OFF-AR-10003631,Office Supplies,Art,Staples in misc. colors,54.208,14,0.2,8.808799999999998
6082,US-2011-165589,2013-02-18,2013-02-18,Same Day,TB-21595,Troy Blackwell,Consumer,United States,Lubbock,Texas,79424,Central,FUR-FU-10002396,Furniture,Furnishings,"DAX Copper Panel Document Frame, 5 x 7 Size",25.16,5,0.6,-11.322
8223,CA-2011-152905,2013-02-18,2013-02-24,Standard Class,AB-10015,Aaron Bergman,Consumer,United States,Arlington,Texas,76017,Central,OFF-ST-10000321,Office Supplies,Storage,Akro Stacking Bins,12.624,2,0.2,-2.524800000000002
4521,CA-2011-109491,2013-02-20,2013-02-26,Standard Class,LC-16930,Linda Cazamias,Corporate,United States,Richmond,Indiana,47374,Central,TEC-AC-10001284,Technology,Accessories,Enermax Briskie RF Wireless Keyboard and Mouse Combo,62.31,3,0.0,22.4316
4522,CA-2011-109491,2013-02-20,2013-02-26,Standard Class,LC-16930,Linda Cazamias,Corporate,United States,Richmond,Indiana,47374,Central,FUR-FU-10000221,Furniture,Furnishings,"Master Caster Door Stop, Brown",20.32,4,0.0,6.908799999999999
2883,CA-2011-165540,2013-02-21,2013-02-25,Standard Class,TM-21010,Tamara Manning,Consumer,United States,Woodstock,Illinois,60098,Central,OFF-BI-10004094,Office Supplies,Binders,GBC Standard Plastic Binding Systems Combs,8.849999999999998,5,0.8,-13.717499999999998
6530,CA-2011-103744,2013-02-23,2013-02-27,Standard Class,MG-17875,Michael Grace,Home Office,United States,El Paso,Texas,79907,Central,OFF-LA-10004425,Office Supplies,Labels,Staple-on labels,6.936000000000001,3,0.2,2.3409000000000004
6531,CA-2011-103744,2013-02-23,2013-02-27,Standard Class,MG-17875,Michael Grace,Home Office,United States,El Paso,Texas,79907,Central,OFF-BI-10000320,Office Supplies,Binders,GBC Plastic Binding Combs,4.427999999999999,3,0.8,-6.863399999999999
6548,CA-2011-113880,2013-03-01,2013-03-05,Standard Class,VF-21715,Vicky Freymann,Home Office,United States,Elmhurst,Illinois,60126,Central,FUR-CH-10000863,Furniture,Chairs,Novimex Swivel Fabric Task Chair,634.116,6,0.3,-172.11720000000003
6549,CA-2011-113880,2013-03-01,2013-03-05,Standard Class,VF-21715,Vicky Freymann,Home Office,United States,Elmhurst,Illinois,60126,Central,OFF-PA-10003036,Office Supplies,Paper,"Black Print Carbonless 8 1/2"" x 8 1/4"" Rapid Memo Book",17.472,3,0.2,5.678399999999998
7948,CA-2011-131009,2013-03-01,2013-03-05,Standard Class,SC-20380,Shahid Collister,Consumer,United States,El Paso,Texas,79907,Central,OFF-FA-10004395,Office Supplies,Fasteners,Plymouth Boxed Rubber Bands by Plymouth,18.84,5,0.2,-3.5324999999999998
7949,CA-2011-131009,2013-03-01,2013-03-05,Standard Class,SC-20380,Shahid Collister,Consumer,United States,El Paso,Texas,79907,Central,FUR-CH-10001270,Furniture,Chairs,Harbour Creations Steel Folding Chair,362.24999999999994,6,0.3,0.0
7950,CA-2011-131009,2013-03-01,2013-03-05,Standard Class,SC-20380,Shahid Collister,Consumer,United States,El Paso,Texas,79907,Central,FUR-FU-10001095,Furniture,Furnishings,DAX Black Cherry Wood-Tone Poster Frame,63.55200000000001,6,0.6,-34.9536
7951,CA-2011-131009,2013-03-01,2013-03-05,Standard Class,SC-20380,Shahid Collister,Consumer,United States,El Paso,Texas,79907,Central,OFF-ST-10001469,Office Supplies,Storage,Fellowes Bankers Box Recycled Super Stor/Drawer,129.552,3,0.2,-22.671600000000005
8310,CA-2011-168312,2013-03-01,2013-03-07,Standard Class,GW-14605,Giulietta Weimer,Consumer,United States,Houston,Texas,77036,Central,OFF-ST-10003692,Office Supplies,Storage,Recycled Steel Personal File for Hanging File Folders,137.352,3,0.2,8.584499999999991
8311,CA-2011-168312,2013-03-01,2013-03-07,Standard Class,GW-14605,Giulietta Weimer,Consumer,United States,Houston,Texas,77036,Central,FUR-TA-10001866,Furniture,Tables,Bevis Round Conference Room Tables and Bases,376.50899999999996,3,0.3,-43.029600000000045
7349,CA-2011-130421,2013-03-03,2013-03-07,Standard Class,SC-20020,Sam Craven,Consumer,United States,Houston,Texas,77095,Central,OFF-AP-10002534,Office Supplies,Appliances,3.6 Cubic Foot Counter Height Office Refrigerator,176.77199999999996,3,0.8,-459.60720000000003
1172,US-2011-100279,2013-03-10,2013-03-14,Standard Class,SW-20275,Scott Williamson,Consumer,United States,Royal Oak,Michigan,48073,Central,OFF-PA-10002259,Office Supplies,Paper,"Geographics Note Cards, Blank, White, 8 1/2"" x 11""",22.38,2,0.0,10.7424
9406,CA-2011-152618,2013-03-14,2013-03-17,First Class,RB-19465,Rick Bensley,Home Office,United States,Chicago,Illinois,60653,Central,TEC-MA-10003626,Technology,Machines,Hewlett-Packard Deskjet 6540 Color Inkjet Printer,574.91,2,0.3,156.04699999999997
9407,CA-2011-152618,2013-03-14,2013-03-17,First Class,RB-19465,Rick Bensley,Home Office,United States,Chicago,Illinois,60653,Central,OFF-PA-10001215,Office Supplies,Paper,Xerox 1963,8.448,2,0.2,2.6399999999999997
1346,CA-2011-118339,2013-03-17,2013-03-24,Standard Class,BN-11515,Bradley Nguyen,Consumer,United States,Lakeville,Minnesota,55044,Central,OFF-AP-10001154,Office Supplies,Appliances,Bionaire Personal Warm Mist Humidifier/Vaporizer,93.78,2,0.0,36.574200000000005
1347,CA-2011-118339,2013-03-17,2013-03-24,Standard Class,BN-11515,Bradley Nguyen,Consumer,United States,Lakeville,Minnesota,55044,Central,OFF-PA-10000466,Office Supplies,Paper,"Memo Book, 100 Message Capacity, 5 3/8” x 11”",47.18,7,0.0,23.59
1348,CA-2011-118339,2013-03-17,2013-03-24,Standard Class,BN-11515,Bradley Nguyen,Consumer,United States,Lakeville,Minnesota,55044,Central,OFF-AR-10003829,Office Supplies,Art,Newell 35,19.68,6,0.0,5.707199999999998
1349,CA-2011-118339,2013-03-17,2013-03-24,Standard Class,BN-11515,Bradley Nguyen,Consumer,United States,Lakeville,Minnesota,55044,Central,OFF-BI-10001758,Office Supplies,Binders,Wilson Jones 14 Line Acrylic Coated Pressboard Data Binders,53.4,10,0.0,25.098
1350,CA-2011-118339,2013-03-17,2013-03-24,Standard Class,BN-11515,Bradley Nguyen,Consumer,United States,Lakeville,Minnesota,55044,Central,OFF-BI-10000136,Office Supplies,Binders,Avery Non-Stick Heavy Duty View Round Locking Ring Binders,35.88,6,0.0,17.2224
5101,CA-2011-158442,2013-03-17,2013-03-17,Same Day,AZ-10750,Annie Zypern,Consumer,United States,Dallas,Texas,75217,Central,OFF-AR-10003732,Office Supplies,Art,Newell 333,4.4479999999999995,2,0.2,0.3335999999999999
5102,CA-2011-158442,2013-03-17,2013-03-17,Same Day,AZ-10750,Annie Zypern,Consumer,United States,Dallas,Texas,75217,Central,OFF-PA-10002195,Office Supplies,Paper,Xerox 1966,5.184000000000001,1,0.2,1.8792
5103,CA-2011-158442,2013-03-17,2013-03-17,Same Day,AZ-10750,Annie Zypern,Consumer,United States,Dallas,Texas,75217,Central,OFF-PA-10002365,Office Supplies,Paper,Xerox 1967,15.552000000000003,3,0.2,5.4432
4341,US-2011-129609,2013-03-22,2013-03-22,Same Day,VM-21835,Vivian Mathis,Consumer,United States,Portage,Indiana,46368,Central,OFF-AR-10003478,Office Supplies,Art,"Avery Hi-Liter EverBold Pen Style Fluorescent Highlighters, 4/Pack",16.28,2,0.0,6.5120000000000005
7840,US-2011-137869,2013-03-28,2013-04-02,Standard Class,CV-12295,Christina VanderZanden,Consumer,United States,Des Moines,Iowa,50315,Central,OFF-EN-10001509,Office Supplies,Envelopes,Poly String Tie Envelopes,6.12,3,0.0,2.8763999999999994
7841,US-2011-137869,2013-03-28,2013-04-02,Standard Class,CV-12295,Christina VanderZanden,Consumer,United States,Des Moines,Iowa,50315,Central,FUR-TA-10003954,Furniture,Tables,Hon 94000 Series Round Tables,1184.72,4,0.0,106.62480000000005
7306,CA-2011-137274,2013-03-29,2013-04-02,Standard Class,MG-18145,Mike Gockenbach,Consumer,United States,Plano,Texas,75023,Central,FUR-TA-10001889,Furniture,Tables,Bush Advantage Collection Racetrack Conference Table,890.8409999999999,3,0.3,-152.7156
7630,CA-2011-162089,2013-03-30,2013-04-01,First Class,MP-17470,Mark Packer,Home Office,United States,Brownsville,Texas,78521,Central,OFF-EN-10002230,Office Supplies,Envelopes,Airmail Envelopes,335.72,5,0.2,113.3055
7631,CA-2011-162089,2013-03-30,2013-04-01,First Class,MP-17470,Mark Packer,Home Office,United States,Brownsville,Texas,78521,Central,TEC-PH-10001819,Technology,Phones,Innergie mMini Combo Duo USB Travel Charging Kit,251.94400000000002,7,0.2,88.18039999999998
7632,CA-2011-162089,2013-03-30,2013-04-01,First Class,MP-17470,Mark Packer,Home Office,United States,Brownsville,Texas,78521,Central,FUR-CH-10002304,Furniture,Chairs,"Global Stack Chair without Arms, Black",127.30199999999999,7,0.3,-9.092999999999996
8431,US-2011-113124,2013-03-30,2013-04-05,Standard Class,NC-18340,Nat Carroll,Consumer,United States,Apple Valley,Minnesota,55124,Central,OFF-ST-10001511,Office Supplies,Storage,Space Solutions Commercial Steel Shelving,129.3,2,0.0,6.464999999999989
5049,US-2011-104759,2013-03-31,2013-04-04,Standard Class,DD-13570,Dorothy Dickinson,Consumer,United States,Chicago,Illinois,60610,Central,OFF-BI-10002071,Office Supplies,Binders,Fellowes Black Plastic Comb Bindings,8.133999999999999,7,0.8,-13.827800000000003
5050,US-2011-104759,2013-03-31,2013-04-04,Standard Class,DD-13570,Dorothy Dickinson,Consumer,United States,Chicago,Illinois,60610,Central,TEC-AC-10004901,Technology,Accessories,Kensington SlimBlade Notebook Wireless Mouse with Nano Receiver ,79.98400000000001,2,0.2,13.9972
8827,US-2011-157847,2013-04-02,2013-04-06,Second Class,SC-20020,Sam Craven,Consumer,United States,Houston,Texas,77095,Central,OFF-PA-10002986,Office Supplies,Paper,Xerox 1898,26.720000000000002,5,0.2,9.352
8828,US-2011-157847,2013-04-02,2013-04-06,Second Class,SC-20020,Sam Craven,Consumer,United States,Houston,Texas,77095,Central,OFF-PA-10001593,Office Supplies,Paper,Xerox 1947,33.48800000000001,7,0.2,10.464999999999998
3955,CA-2011-133228,2013-04-04,2013-04-09,Standard Class,MS-17710,Maurice Satty,Consumer,United States,Detroit,Michigan,48205,Central,FUR-FU-10004020,Furniture,Furnishings,Advantus Panel Wall Acrylic Frame,5.47,1,0.0,2.3521
3956,CA-2011-133228,2013-04-04,2013-04-09,Standard Class,MS-17710,Maurice Satty,Consumer,United States,Detroit,Michigan,48205,Central,OFF-AR-10001955,Office Supplies,Art,Newell 319,79.36,4,0.0,23.807999999999993
3879,CA-2011-151001,2013-04-05,2013-04-07,First Class,JG-15805,John Grady,Corporate,United States,Decatur,Illinois,62521,Central,OFF-ST-10003455,Office Supplies,Storage,"Tenex File Box, Personal Filing Tote with Lid, Black",49.632000000000005,4,0.2,3.7224000000000004
3880,CA-2011-151001,2013-04-05,2013-04-07,First Class,JG-15805,John Grady,Corporate,United States,Decatur,Illinois,62521,Central,OFF-ST-10001031,Office Supplies,Storage,Adjustable Personal File Tote,52.096000000000004,4,0.2,3.907200000000003
9507,CA-2011-149104,2013-04-05,2013-04-07,Second Class,RD-19900,Ruben Dartt,Consumer,United States,Dearborn Heights,Michigan,48127,Central,OFF-AR-10002952,Office Supplies,Art,Stanley Contemporary Battery Pencil Sharpeners,26.7,2,0.0,7.475999999999999
9508,CA-2011-149104,2013-04-05,2013-04-07,Second Class,RD-19900,Ruben Dartt,Consumer,United States,Dearborn Heights,Michigan,48127,Central,OFF-BI-10004209,Office Supplies,Binders,"Fellowes Twister Kit, Gray/Clear, 3/pkg",40.199999999999996,5,0.0,18.089999999999996
9509,CA-2011-149104,2013-04-05,2013-04-07,Second Class,RD-19900,Ruben Dartt,Consumer,United States,Dearborn Heights,Michigan,48127,Central,OFF-AR-10004685,Office Supplies,Art,"Binney & Smith Crayola Metallic Colored Pencils, 8-Color Set",13.89,3,0.0,4.583699999999999
9510,CA-2011-149104,2013-04-05,2013-04-07,Second Class,RD-19900,Ruben Dartt,Consumer,United States,Dearborn Heights,Michigan,48127,Central,OFF-ST-10000991,Office Supplies,Storage,Space Solutions HD Industrial Steel Shelving.,689.8199999999999,6,0.0,20.69460000000001
4862,CA-2011-138940,2013-04-11,2013-04-16,Second Class,GM-14455,Gary Mitchum,Home Office,United States,Austin,Texas,78745,Central,TEC-PH-10001835,Technology,Phones,Jawbone JAMBOX Wireless Bluetooth Speaker,758.3520000000001,6,0.2,265.4232
9098,US-2011-158365,2013-04-12,2013-04-17,Standard Class,SV-20785,Stewart Visinsky,Consumer,United States,Bloomington,Indiana,47401,Central,OFF-PA-10000289,Office Supplies,Paper,Xerox 213,32.400000000000006,5,0.0,15.552000000000001
6569,CA-2011-100678,2013-04-18,2013-04-22,Standard Class,KM-16720,Kunst Miller,Consumer,United States,Houston,Texas,77095,Central,OFF-AR-10001868,Office Supplies,Art,Prang Dustless Chalk Sticks,2.688,2,0.2,1.008
6570,CA-2011-100678,2013-04-18,2013-04-22,Standard Class,KM-16720,Kunst Miller,Consumer,United States,Houston,Texas,77095,Central,FUR-CH-10002602,Furniture,Chairs,DMI Arturo Collection Mission-style Design Wood Chair,317.058,3,0.3,-18.117599999999996
6571,CA-2011-100678,2013-04-18,2013-04-22,Standard Class,KM-16720,Kunst Miller,Consumer,United States,Houston,Texas,77095,Central,OFF-EN-10000056,Office Supplies,Envelopes,Cameo Buff Policy Envelopes,149.352,3,0.2,50.40629999999998
6572,CA-2011-100678,2013-04-18,2013-04-22,Standard Class,KM-16720,Kunst Miller,Consumer,United States,Houston,Texas,77095,Central,TEC-AC-10000474,Technology,Accessories,Kensington Expert Mouse Optical USB Trackball for PC or Mac,227.976,3,0.2,28.496999999999957
5076,CA-2011-134572,2013-04-20,2013-04-22,Second Class,SV-20365,Seth Vernon,Consumer,United States,Houston,Texas,77070,Central,FUR-TA-10001705,Furniture,Tables,Bush Advantage Collection Round Conference Table,744.0999999999999,5,0.3,-95.67000000000004
5077,CA-2011-134572,2013-04-20,2013-04-22,Second Class,SV-20365,Seth Vernon,Consumer,United States,Houston,Texas,77070,Central,OFF-ST-10004634,Office Supplies,Storage,"Personal Folder Holder, Ebony",44.84000000000001,5,0.2,5.604999999999995
5078,CA-2011-134572,2013-04-20,2013-04-22,Second Class,SV-20365,Seth Vernon,Consumer,United States,Houston,Texas,77070,Central,FUR-TA-10004442,Furniture,Tables,Riverside Furniture Stanwyck Manor Table Series,401.59000000000003,2,0.3,-131.95100000000002
1749,US-2011-157406,2013-04-25,2013-04-29,Standard Class,DA-13450,Dianna Arnett,Home Office,United States,Houston,Texas,77095,Central,OFF-PA-10003543,Office Supplies,Paper,Xerox 1985,10.368000000000002,2,0.2,3.6288
1750,US-2011-157406,2013-04-25,2013-04-29,Standard Class,DA-13450,Dianna Arnett,Home Office,United States,Houston,Texas,77095,Central,OFF-AR-10002221,Office Supplies,Art,12 Colored Short Pencils,6.24,3,0.2,0.5460000000000007
1553,CA-2011-130274,2013-05-03,2013-05-05,First Class,JS-15940,Joni Sundaresam,Home Office,United States,Appleton,Wisconsin,54915,Central,OFF-LA-10002195,Office Supplies,Labels,Avery 481,21.560000000000002,7,0.0,10.348799999999999
1166,CA-2011-117709,2013-05-04,2013-05-08,Standard Class,PM-18940,Paul MacIntyre,Consumer,United States,Jackson,Michigan,49201,Central,OFF-BI-10001294,Office Supplies,Binders,Fellowes Binding Cases,46.8,4,0.0,21.059999999999995
7296,CA-2011-111899,2013-05-04,2013-05-05,First Class,NC-18340,Nat Carroll,Consumer,United States,Houston,Texas,77036,Central,OFF-AR-10001725,Office Supplies,Art,Boston Home & Office Model 2000 Electric Pencil Sharpeners,37.839999999999996,2,0.2,2.8380000000000027
7297,CA-2011-111899,2013-05-04,2013-05-05,First Class,NC-18340,Nat Carroll,Consumer,United States,Houston,Texas,77036,Central,OFF-FA-10000840,Office Supplies,Fasteners,OIC Thumb-Tacks,5.4719999999999995,6,0.2,1.8467999999999996
4560,CA-2011-110219,2013-05-05,2013-05-08,First Class,EB-13870,Emily Burns,Consumer,United States,San Antonio,Texas,78207,Central,FUR-CH-10001146,Furniture,Chairs,"Global Value Mid-Back Manager's Chair, Gray",127.869,3,0.3,-9.133500000000012
4656,CA-2011-160738,2013-05-05,2013-05-10,Standard Class,KH-16330,Katharine Harms,Corporate,United States,Freeport,Illinois,61032,Central,OFF-ST-10003442,Office Supplies,Storage,Eldon Portable Mobile Manager,45.248000000000005,2,0.2,3.959199999999999
544,CA-2011-103849,2013-05-11,2013-05-16,Standard Class,PG-18895,Paul Gonzalez,Consumer,United States,Fort Worth,Texas,76106,Central,TEC-AC-10001465,Technology,Accessories,SanDisk Cruzer 64 GB USB Flash Drive,58.112,2,0.2,7.263999999999994
545,CA-2011-103849,2013-05-11,2013-05-16,Standard Class,PG-18895,Paul Gonzalez,Consumer,United States,Fort Worth,Texas,76106,Central,TEC-PH-10002597,Technology,Phones,Xblue XB-1670-86 X16 Small Office Telephone - Titanium,100.792,1,0.2,6.299500000000002
546,CA-2011-103849,2013-05-11,2013-05-16,Standard Class,PG-18895,Paul Gonzalez,Consumer,United States,Fort Worth,Texas,76106,Central,FUR-FU-10000723,Furniture,Furnishings,"Deflect-o EconoMat Studded, No Bevel Mat for Low Pile Carpeting",66.11200000000001,4,0.6,-84.29279999999999
1759,CA-2011-139017,2013-05-11,2013-05-17,Standard Class,RM-19375,Raymond Messe,Consumer,United States,Houston,Texas,77095,Central,TEC-AC-10001013,Technology,Accessories,Logitech ClearChat Comfort/USB Headset H390,46.864000000000004,2,0.2,7.615399999999994
9429,CA-2011-152100,2013-05-11,2013-05-16,Standard Class,VW-21775,Victoria Wilson,Corporate,United States,Huntsville,Texas,77340,Central,FUR-CH-10000015,Furniture,Chairs,Hon Multipurpose Stacking Arm Chairs,1212.9599999999998,8,0.3,-69.3119999999999
9590,CA-2011-119172,2013-05-11,2013-05-15,Standard Class,HD-14785,Harold Dahlen,Home Office,United States,Chicago,Illinois,60610,Central,OFF-PA-10003036,Office Supplies,Paper,"Black Print Carbonless 8 1/2"" x 8 1/4"" Rapid Memo Book",17.472,3,0.2,5.678399999999998
9591,CA-2011-119172,2013-05-11,2013-05-15,Standard Class,HD-14785,Harold Dahlen,Home Office,United States,Chicago,Illinois,60610,Central,OFF-BI-10002026,Office Supplies,Binders,Avery Arch Ring Binders,104.57999999999998,9,0.8,-172.55700000000007
1658,CA-2011-127159,2013-05-12,2013-05-15,First Class,HL-15040,Hunter Lopez,Consumer,United States,Milwaukee,Wisconsin,53209,Central,FUR-FU-10000010,Furniture,Furnishings,"DAX Value U-Channel Document Frames, Easel Back",34.79,7,0.0,10.784899999999999
3006,CA-2011-148761,2013-05-17,2013-05-21,Standard Class,PA-19060,Pete Armstrong,Home Office,United States,Eau Claire,Wisconsin,54703,Central,OFF-BI-10000666,Office Supplies,Binders,Surelock Post Binders,91.67999999999999,3,0.0,45.839999999999996
9833,CA-2011-133963,2013-05-18,2013-05-22,Second Class,GA-14515,George Ashbrook,Consumer,United States,Dallas,Texas,75220,Central,OFF-PA-10001526,Office Supplies,Paper,Xerox 1949,3.9840000000000004,1,0.2,1.4442000000000004
4143,US-2011-107699,2013-05-19,2013-05-23,Standard Class,JH-15820,John Huston,Consumer,United States,Midland,Michigan,48640,Central,OFF-BI-10001249,Office Supplies,Binders,Avery Heavy-Duty EZD View Binder with Locking Rings,57.42,9,0.0,26.413199999999996
8581,CA-2011-130673,2013-05-20,2013-05-22,Second Class,MC-17590,Matt Collister,Corporate,United States,San Marcos,Texas,78666,Central,FUR-FU-10003489,Furniture,Furnishings,Contemporary Borderless Frame,10.332,3,0.6,-5.940899999999999
8582,CA-2011-130673,2013-05-20,2013-05-22,Second Class,MC-17590,Matt Collister,Corporate,United States,San Marcos,Texas,78666,Central,OFF-PA-10000289,Office Supplies,Paper,Xerox 213,10.368000000000002,2,0.2,3.6288
8583,CA-2011-130673,2013-05-20,2013-05-22,Second Class,MC-17590,Matt Collister,Corporate,United States,San Marcos,Texas,78666,Central,TEC-AC-10004227,Technology,Accessories,SanDisk Ultra 16 GB MicroSDHC Class 10 Memory Card,20.784000000000002,2,0.2,-3.6372000000000027
8584,CA-2011-130673,2013-05-20,2013-05-22,Second Class,MC-17590,Matt Collister,Corporate,United States,San Marcos,Texas,78666,Central,OFF-ST-10000636,Office Supplies,Storage,Rogers Profile Extra Capacity Storage Tub,66.96,5,0.2,-13.392000000000003
9792,CA-2011-127166,2013-05-21,2013-05-23,Second Class,KH-16360,Katherine Hughes,Consumer,United States,Houston,Texas,77070,Central,OFF-EN-10003134,Office Supplies,Envelopes,Staple envelope,56.06399999999999,6,0.2,21.024
9793,CA-2011-127166,2013-05-21,2013-05-23,Second Class,KH-16360,Katherine Hughes,Consumer,United States,Houston,Texas,77070,Central,FUR-CH-10003396,Furniture,Chairs,Global Deluxe Steno Chair,107.772,2,0.3,-29.25240000000001
9794,CA-2011-127166,2013-05-21,2013-05-23,Second Class,KH-16360,Katherine Hughes,Consumer,United States,Houston,Texas,77070,Central,OFF-PA-10001560,Office Supplies,Paper,"Adams Telephone Message Books, 5 1/4” x 11”",4.832000000000001,1,0.2,1.6307999999999998
9795,CA-2011-127166,2013-05-21,2013-05-23,Second Class,KH-16360,Katherine Hughes,Consumer,United States,Houston,Texas,77070,Central,OFF-BI-10000977,Office Supplies,Binders,Ibico Plastic Spiral Binding Combs,18.239999999999995,3,0.8,-31.00800000000001
1819,US-2011-130379,2013-05-25,2013-05-29,Standard Class,JL-15235,Janet Lee,Consumer,United States,Chicago,Illinois,60623,Central,OFF-AP-10001394,Office Supplies,Appliances,Harmony Air Purifier,75.59999999999998,2,0.8,-166.32000000000005
1820,US-2011-130379,2013-05-25,2013-05-29,Standard Class,JL-15235,Janet Lee,Consumer,United States,Chicago,Illinois,60623,Central,FUR-FU-10002553,Furniture,Furnishings,"Electrix Incandescent Magnifying Lamp, Black",29.32,2,0.6,-24.188999999999993
6740,CA-2011-144029,2013-05-26,2013-05-31,Standard Class,MM-18055,Michelle Moray,Consumer,United States,Chicago,Illinois,60623,Central,OFF-ST-10001837,Office Supplies,Storage,"SAFCO Mobile Desk Side File, Wire Frame",102.624,3,0.2,7.696800000000003
6741,CA-2011-144029,2013-05-26,2013-05-31,Standard Class,MM-18055,Michelle Moray,Consumer,United States,Chicago,Illinois,60623,Central,FUR-CH-10003981,Furniture,Chairs,Global Commerce Series Low-Back Swivel/Tilt Chairs,359.772,2,0.3,-5.139600000000058
6742,CA-2011-144029,2013-05-26,2013-05-31,Standard Class,MM-18055,Michelle Moray,Consumer,United States,Chicago,Illinois,60623,Central,OFF-AR-10000716,Office Supplies,Art,DIXON Ticonderoga Erasable Checking Pencils,13.392000000000001,3,0.2,3.1806000000000005
1326,US-2011-117058,2013-05-27,2013-05-30,First Class,LE-16810,Laurel Elliston,Consumer,United States,Chicago,Illinois,60653,Central,OFF-BI-10004139,Office Supplies,Binders,Fellowes Presentation Covers for Comb Binding Machines,17.459999999999997,6,0.8,-30.555000000000007
5751,CA-2011-145800,2013-05-30,2013-06-05,Standard Class,SS-20410,Shahid Shariari,Consumer,United States,Buffalo Grove,Illinois,60089,Central,FUR-TA-10001539,Furniture,Tables,Chromcraft Rectangular Conference Tables,355.455,3,0.5,-184.83660000000003
8553,CA-2011-140473,2013-05-30,2013-06-03,Standard Class,MC-17425,Mark Cousins,Corporate,United States,Chicago,Illinois,60623,Central,TEC-CO-10004202,Technology,Copiers,Brother DCP1000 Digital 3 in 1 Multifunction Machine,719.9760000000001,3,0.2,134.9955
245,CA-2011-131926,2013-06-01,2013-06-06,Second Class,DW-13480,Dianna Wilson,Home Office,United States,Lakeville,Minnesota,55044,Central,FUR-CH-10004063,Furniture,Chairs,Global Deluxe High-Back Manager's Chair,2001.8600000000001,7,0.0,580.5393999999999
246,CA-2011-131926,2013-06-01,2013-06-06,Second Class,DW-13480,Dianna Wilson,Home Office,United States,Lakeville,Minnesota,55044,Central,OFF-ST-10002276,Office Supplies,Storage,Safco Steel Mobile File Cart,166.72,2,0.0,41.68000000000001
247,CA-2011-131926,2013-06-01,2013-06-06,Second Class,DW-13480,Dianna Wilson,Home Office,United States,Lakeville,Minnesota,55044,Central,OFF-PA-10004082,Office Supplies,Paper,"Adams Telephone Message Book w/Frequently-Called Numbers Space, 400 Messages per Book",47.88,6,0.0,23.94
248,CA-2011-131926,2013-06-01,2013-06-06,Second Class,DW-13480,Dianna Wilson,Home Office,United States,Lakeville,Minnesota,55044,Central,OFF-AP-10002945,Office Supplies,Appliances,Honeywell Enviracaire Portable HEPA Air Cleaner for 17' x 22' Room,1503.25,5,0.0,496.07249999999993
249,CA-2011-131926,2013-06-01,2013-06-06,Second Class,DW-13480,Dianna Wilson,Home Office,United States,Lakeville,Minnesota,55044,Central,OFF-PA-10000061,Office Supplies,Paper,Xerox 205,25.92,4,0.0,12.441600000000001
9150,US-2011-157070,2013-06-01,2013-06-06,Standard Class,QJ-19255,Quincy Jones,Corporate,United States,Detroit,Michigan,48234,Central,OFF-BI-10001765,Office Supplies,Binders,Wilson Jones Heavy-Duty Casebound Ring Binders with Metal Hinges,138.56,4,0.0,66.5088
9151,US-2011-157070,2013-06-01,2013-06-06,Standard Class,QJ-19255,Quincy Jones,Corporate,United States,Detroit,Michigan,48234,Central,OFF-AP-10004859,Office Supplies,Appliances,Acco 6 Outlet Guardian Premium Surge Suppressor,65.52000000000001,5,0.1,12.376000000000001
6323,CA-2011-141299,2013-06-03,2013-06-07,Second Class,RB-19795,Ross Baird,Home Office,United States,Midland,Michigan,48640,Central,OFF-EN-10004459,Office Supplies,Envelopes,Security-Tint Envelopes,15.28,2,0.0,7.4872
9844,CA-2011-163867,2013-06-03,2013-06-06,First Class,RE-19450,Richard Eichhorn,Consumer,United States,Decatur,Illinois,62521,Central,OFF-LA-10001771,Office Supplies,Labels,Avery 513,15.936000000000002,4,0.2,5.1792
9845,CA-2011-163867,2013-06-03,2013-06-06,First Class,RE-19450,Richard Eichhorn,Consumer,United States,Decatur,Illinois,62521,Central,FUR-FU-10001475,Furniture,Furnishings,"Contract Clock, 14"", Brown",61.544,7,0.6,-40.0036
9846,CA-2011-163867,2013-06-03,2013-06-06,First Class,RE-19450,Richard Eichhorn,Consumer,United States,Decatur,Illinois,62521,Central,OFF-ST-10000877,Office Supplies,Storage,Recycled Steel Personal File for Standard File Folders,132.696,3,0.2,9.952199999999998
6301,US-2011-161305,2013-06-06,2013-06-12,Standard Class,SB-20170,Sarah Bern,Consumer,United States,Chicago,Illinois,60623,Central,OFF-BI-10002794,Office Supplies,Binders,"Avery Trapezoid Ring Binder, 3"" Capacity, Black, 1040 sheets",24.587999999999994,3,0.8,-38.11140000000001
6302,US-2011-161305,2013-06-06,2013-06-12,Standard Class,SB-20170,Sarah Bern,Consumer,United States,Chicago,Illinois,60623,Central,OFF-EN-10000461,Office Supplies,Envelopes,"#10- 4 1/8"" x 9 1/2"" Recycled Envelopes",13.984000000000002,2,0.2,4.7196
6473,CA-2011-151897,2013-06-06,2013-06-10,Standard Class,VT-21700,Valerie Takahito,Home Office,United States,Houston,Texas,77070,Central,OFF-LA-10001074,Office Supplies,Labels,Round Specialty Laser Printer Labels,100.24000000000001,10,0.2,33.83099999999999
394,US-2011-134971,2013-06-07,2013-06-10,Second Class,BP-11095,Bart Pistole,Corporate,United States,Peoria,Illinois,61604,Central,OFF-BI-10003982,Office Supplies,Binders,Wilson Jones Century Plastic Molded Ring Binders,12.461999999999996,3,0.8,-20.5623
4722,CA-2011-106229,2013-06-07,2013-06-11,Second Class,NR-18550,Nick Radford,Consumer,United States,Aurora,Illinois,60505,Central,FUR-TA-10002041,Furniture,Tables,"Bevis Round Conference Table Top, X-Base",268.935,3,0.5,-209.7693
489,CA-2011-133753,2013-06-09,2013-06-13,Second Class,CW-11905,Carl Weiss,Home Office,United States,Huntsville,Texas,77340,Central,TEC-PH-10000376,Technology,Phones,Square Credit Card Reader,7.992000000000001,1,0.2,0.5994000000000002
490,CA-2011-133753,2013-06-09,2013-06-13,Second Class,CW-11905,Carl Weiss,Home Office,United States,Huntsville,Texas,77340,Central,TEC-AC-10000303,Technology,Accessories,Logitech M510 Wireless Mouse,63.98400000000001,2,0.2,10.397399999999998
491,CA-2011-133753,2013-06-09,2013-06-13,Second Class,CW-11905,Carl Weiss,Home Office,United States,Huntsville,Texas,77340,Central,OFF-AR-10001953,Office Supplies,Art,Boston 1645 Deluxe Heavier-Duty Electric Pencil Sharpener,70.368,2,0.2,6.157200000000003
9697,CA-2011-144281,2013-06-10,2013-06-15,Second Class,HK-14890,Heather Kirkland,Corporate,United States,Detroit,Michigan,48234,Central,OFF-LA-10003930,Office Supplies,Labels,"Dot Matrix Printer Tape Reel Labels, White, 5000/Box",491.55,5,0.0,240.8595
5221,CA-2011-140487,2013-06-14,2013-06-20,Standard Class,SR-20425,Sharelle Roach,Home Office,United States,Detroit,Michigan,48234,Central,FUR-BO-10000711,Furniture,Bookcases,"Hon Metal Bookcases, Gray",212.94,3,0.0,57.4938
916,US-2011-141215,2013-06-15,2013-06-21,Standard Class,KL-16555,Kelly Lampkin,Corporate,United States,San Antonio,Texas,78207,Central,FUR-TA-10001520,Furniture,Tables,"Lesro Sheffield Collection Coffee Table, End Table, Center Table, Corner Table",99.918,2,0.3,-18.55620000000002
917,US-2011-141215,2013-06-15,2013-06-21,Standard Class,KL-16555,Kelly Lampkin,Corporate,United States,San Antonio,Texas,78207,Central,FUR-CH-10003379,Furniture,Chairs,Global Commerce Series High-Back Swivel/Tilt Chairs,797.944,4,0.3,-56.99599999999998
918,US-2011-141215,2013-06-15,2013-06-21,Standard Class,KL-16555,Kelly Lampkin,Corporate,United States,San Antonio,Texas,78207,Central,OFF-BI-10002706,Office Supplies,Binders,Avery Premier Heavy-Duty Binder with Round Locking Rings,8.567999999999998,3,0.8,-14.5656
6938,CA-2011-126963,2013-06-15,2013-06-15,Same Day,PS-18760,Pamela Stobb,Consumer,United States,El Paso,Texas,79907,Central,OFF-PA-10001952,Office Supplies,Paper,Xerox 1902,36.544000000000004,2,0.2,11.876799999999998
2496,CA-2011-136644,2013-06-16,2013-06-22,Standard Class,SC-20575,Sonia Cooley,Consumer,United States,Mishawaka,Indiana,46544,Central,FUR-CH-10000225,Furniture,Chairs,"Global Geo Office Task Chair, Gray",647.84,8,0.0,32.39199999999994
9897,CA-2011-156342,2013-06-17,2013-06-20,Second Class,JF-15415,Jennifer Ferguson,Consumer,United States,Chicago,Illinois,60653,Central,OFF-PA-10001725,Office Supplies,Paper,Xerox 1892,62.016,2,0.2,22.480800000000002
3506,CA-2011-166863,2013-06-20,2013-06-24,Standard Class,SC-20020,Sam Craven,Consumer,United States,Plano,Texas,75023,Central,TEC-PH-10000369,Technology,Phones,HTC One Mini,201.584,2,0.2,20.158400000000015
3507,CA-2011-166863,2013-06-20,2013-06-24,Standard Class,SC-20020,Sam Craven,Consumer,United States,Plano,Texas,75023,Central,OFF-BI-10000756,Office Supplies,Binders,Storex DuraTech Recycled Plastic Frosted Binders,3.3919999999999995,4,0.8,-5.088000000000001
3508,CA-2011-166863,2013-06-20,2013-06-24,Standard Class,SC-20020,Sam Craven,Consumer,United States,Plano,Texas,75023,Central,FUR-BO-10001608,Furniture,Bookcases,"Hon Metal Bookcases, Black",193.0656,4,0.32,-19.874399999999994
3509,CA-2011-166863,2013-06-20,2013-06-24,Standard Class,SC-20020,Sam Craven,Consumer,United States,Plano,Texas,75023,Central,OFF-PA-10001166,Office Supplies,Paper,Xerox 2,15.552000000000003,3,0.2,5.4432
3510,CA-2011-166863,2013-06-20,2013-06-24,Standard Class,SC-20020,Sam Craven,Consumer,United States,Plano,Texas,75023,Central,OFF-PA-10000587,Office Supplies,Paper,"Array Parchment Paper, Assorted Colors",11.648000000000001,2,0.2,4.0768
3511,CA-2011-166863,2013-06-20,2013-06-24,Standard Class,SC-20020,Sam Craven,Consumer,United States,Plano,Texas,75023,Central,TEC-MA-10001972,Technology,Machines,Okidata C331dn Printer,418.8,2,0.4,-97.71999999999997
3512,CA-2011-166863,2013-06-20,2013-06-24,Standard Class,SC-20020,Sam Craven,Consumer,United States,Plano,Texas,75023,Central,OFF-ST-10004123,Office Supplies,Storage,Safco Industrial Wire Shelving System,509.48800000000006,7,0.2,-127.37200000000001
8146,US-2011-112949,2013-06-20,2013-06-27,Standard Class,Co-12640,Corey-Lock,Consumer,United States,Lawton,Oklahoma,73505,Central,OFF-AP-10001005,Office Supplies,Appliances,Honeywell Quietcare HEPA Air Cleaner,471.90000000000003,6,0.0,155.72699999999998
8147,US-2011-112949,2013-06-20,2013-06-27,Standard Class,Co-12640,Corey-Lock,Consumer,United States,Lawton,Oklahoma,73505,Central,OFF-AR-10003469,Office Supplies,Art,Nontoxic Chalk,3.52,2,0.0,1.6896
2157,CA-2011-124646,2013-06-22,2013-06-24,First Class,DV-13465,Dianna Vittorini,Consumer,United States,Minneapolis,Minnesota,55407,Central,OFF-ST-10001097,Office Supplies,Storage,Office Impressions Heavy Duty Welded Shelving & Multimedia Storage Drawers,501.81000000000006,3,0.0,0.0
2158,CA-2011-124646,2013-06-22,2013-06-24,First Class,DV-13465,Dianna Vittorini,Consumer,United States,Minneapolis,Minnesota,55407,Central,OFF-ST-10001469,Office Supplies,Storage,Fellowes Bankers Box Recycled Super Stor/Drawer,161.94,3,0.0,9.716399999999993
2924,CA-2011-156993,2013-06-28,2013-07-04,Standard Class,RW-19630,Rob Williams,Corporate,United States,Detroit,Michigan,48234,Central,OFF-FA-10003495,Office Supplies,Fasteners,Staples,6.08,1,0.0,3.04
2690,CA-2011-123064,2013-06-30,2013-07-02,First Class,RA-19915,Russell Applegate,Consumer,United States,Chicago,Illinois,60653,Central,OFF-AR-10004582,Office Supplies,Art,BIC Brite Liner Grip Highlighters,5.248,4,0.2,1.6399999999999995
4502,CA-2011-116757,2013-06-30,2013-07-04,Standard Class,MS-17980,Michael Stewart,Corporate,United States,Houston,Texas,77095,Central,OFF-PA-10002005,Office Supplies,Paper,Xerox 225,25.920000000000005,5,0.2,9.072
4503,CA-2011-116757,2013-06-30,2013-07-04,Standard Class,MS-17980,Michael Stewart,Corporate,United States,Houston,Texas,77095,Central,OFF-FA-10002815,Office Supplies,Fasteners,Staples,21.312000000000005,6,0.2,7.1928
1356,US-2011-160444,2013-07-05,2013-07-05,Same Day,DC-12850,Dan Campbell,Consumer,United States,Houston,Texas,77036,Central,OFF-ST-10001522,Office Supplies,Storage,"Gould Plastics 18-Pocket Panel Bin, 34w x 5-1/4d x 20-1/2h",220.776,3,0.2,-44.15520000000002
1357,US-2011-160444,2013-07-05,2013-07-05,Same Day,DC-12850,Dan Campbell,Consumer,United States,Houston,Texas,77036,Central,OFF-ST-10000563,Office Supplies,Storage,Fellowes Bankers Box Stor/Drawer Steel Plus,281.42400000000004,11,0.2,-35.178000000000004
3367,CA-2011-165379,2013-07-09,2013-07-15,Standard Class,BM-11650,Brian Moss,Corporate,United States,Dallas,Texas,75217,Central,OFF-PA-10003072,Office Supplies,Paper,"Eureka Recycled Copy Paper 8 1/2"" x 11"", Ream",10.368000000000002,2,0.2,3.6288
3368,CA-2011-165379,2013-07-09,2013-07-15,Standard Class,BM-11650,Brian Moss,Corporate,United States,Dallas,Texas,75217,Central,OFF-PA-10002245,Office Supplies,Paper,Xerox 1895,14.352000000000002,3,0.2,4.484999999999999
5801,CA-2011-123225,2013-07-11,2013-07-14,First Class,MN-17935,Michael Nguyen,Consumer,United States,El Paso,Texas,79907,Central,TEC-PH-10000895,Technology,Phones,Polycom VVX 310 VoIP phone,575.9680000000001,4,0.2,43.19760000000002
5802,CA-2011-123225,2013-07-11,2013-07-14,First Class,MN-17935,Michael Nguyen,Consumer,United States,El Paso,Texas,79907,Central,OFF-PA-10000552,Office Supplies,Paper,Xerox 200,10.368000000000002,2,0.2,3.6288
7399,CA-2011-124807,2013-07-12,2013-07-15,Second Class,ME-17725,Max Engle,Consumer,United States,Chicago,Illinois,60610,Central,OFF-PA-10001526,Office Supplies,Paper,Xerox 1949,35.856,9,0.2,12.997800000000003
7400,CA-2011-124807,2013-07-12,2013-07-15,Second Class,ME-17725,Max Engle,Consumer,United States,Chicago,Illinois,60610,Central,TEC-AC-10002857,Technology,Accessories,"Verbatim 25 GB 6x Blu-ray Single Layer Recordable Disc, 1/Pack",23.840000000000003,4,0.2,3.2779999999999987
8314,CA-2011-161508,2013-07-12,2013-07-16,Standard Class,PV-18985,Paul Van Hugh,Home Office,United States,League City,Texas,77573,Central,FUR-CH-10002126,Furniture,Chairs,Hon Deluxe Fabric Upholstered Stacking Chairs,512.358,3,0.3,-14.638799999999947
8315,CA-2011-161508,2013-07-12,2013-07-16,Standard Class,PV-18985,Paul Van Hugh,Home Office,United States,League City,Texas,77573,Central,OFF-FA-10001561,Office Supplies,Fasteners,Stockwell Push Pins,3.4880000000000004,2,0.2,0.5668
8316,CA-2011-161508,2013-07-12,2013-07-16,Standard Class,PV-18985,Paul Van Hugh,Home Office,United States,League City,Texas,77573,Central,OFF-AR-10003158,Office Supplies,Art,Fluorescent Highlighters by Dixon,22.288,7,0.2,3.9003999999999985
8317,CA-2011-161508,2013-07-12,2013-07-16,Standard Class,PV-18985,Paul Van Hugh,Home Office,United States,League City,Texas,77573,Central,OFF-PA-10001804,Office Supplies,Paper,Xerox 195,16.032,3,0.2,5.611199999999999
2207,US-2011-103905,2013-07-14,2013-07-20,Standard Class,AW-10930,Arthur Wiediger,Home Office,United States,Aurora,Illinois,60505,Central,OFF-BI-10001098,Office Supplies,Binders,Acco D-Ring Binder w/DublLock,29.93199999999999,7,0.8,-46.39460000000001
2208,US-2011-103905,2013-07-14,2013-07-20,Standard Class,AW-10930,Arthur Wiediger,Home Office,United States,Aurora,Illinois,60505,Central,TEC-PH-10001552,Technology,Phones,I Need's 3d Hello Kitty Hybrid Silicone Case Cover for HTC One X 4g with 3d Hello Kitty Stylus Pen Green/pink,38.272000000000006,4,0.2,3.8272000000000013
3270,CA-2011-115980,2013-07-15,2013-07-19,Standard Class,VW-21775,Victoria Wilson,Corporate,United States,Sioux Falls,South Dakota,57103,Central,TEC-AC-10003709,Technology,Accessories,Maxell 4.7GB DVD-R 5/Pack,2.9699999999999998,3,0.0,1.3068000000000004
3271,CA-2011-115980,2013-07-15,2013-07-19,Standard Class,VW-21775,Victoria Wilson,Corporate,United States,Sioux Falls,South Dakota,57103,Central,OFF-FA-10000304,Office Supplies,Fasteners,Advantus Push Pins,6.540000000000001,3,0.0,2.6814000000000004
3076,CA-2011-143903,2013-07-20,2013-07-24,Standard Class,KM-16375,Katherine Murray,Home Office,United States,Dallas,Texas,75217,Central,OFF-ST-10003306,Office Supplies,Storage,Letter Size Cart,342.86400000000003,3,0.2,38.57219999999995
3077,CA-2011-143903,2013-07-20,2013-07-24,Standard Class,KM-16375,Katherine Murray,Home Office,United States,Dallas,Texas,75217,Central,FUR-FU-10003724,Furniture,Furnishings,Westinghouse Clip-On Gooseneck Lamps,16.74,5,0.6,-14.228999999999997
3078,CA-2011-143903,2013-07-20,2013-07-24,Standard Class,KM-16375,Katherine Murray,Home Office,United States,Dallas,Texas,75217,Central,FUR-CH-10002024,Furniture,Chairs,HON 5400 Series Task Chairs for Big and Tall,981.372,2,0.3,-140.19599999999997
8022,CA-2011-129189,2013-07-21,2013-07-25,Standard Class,HM-14860,Harry Marie,Corporate,United States,Dallas,Texas,75217,Central,OFF-AP-10000124,Office Supplies,Appliances,Acco 6 Outlet Guardian Basic Surge Suppressor,4.991999999999999,3,0.8,-12.979200000000002
8023,CA-2011-129189,2013-07-21,2013-07-25,Standard Class,HM-14860,Harry Marie,Corporate,United States,Dallas,Texas,75217,Central,OFF-EN-10003567,Office Supplies,Envelopes,"Inter-Office Recycled Envelopes, Brown Kraft, Button-String,10"" x 13"" , 100/Box",87.92,5,0.2,29.673000000000005
8024,CA-2011-129189,2013-07-21,2013-07-25,Standard Class,HM-14860,Harry Marie,Corporate,United States,Dallas,Texas,75217,Central,FUR-CH-10004997,Furniture,Chairs,Hon Every-Day Series Multi-Task Chairs,657.93,5,0.3,-93.98999999999995
8025,CA-2011-129189,2013-07-21,2013-07-25,Standard Class,HM-14860,Harry Marie,Corporate,United States,Dallas,Texas,75217,Central,OFF-BI-10000494,Office Supplies,Binders,Acco Economy Flexible Poly Round Ring Binder,1.0439999999999998,1,0.8,-1.8270000000000004
8481,CA-2011-109890,2013-07-21,2013-07-27,Standard Class,PG-18820,Patrick Gardner,Consumer,United States,Omaha,Nebraska,68104,Central,TEC-PH-10004100,Technology,Phones,Griffin GC17055 Auxiliary Audio Cable,35.98,2,0.0,10.0744
9675,US-2011-164644,2013-07-22,2013-07-24,Second Class,JL-15850,John Lucas,Consumer,United States,Houston,Texas,77095,Central,OFF-ST-10003123,Office Supplies,Storage,Fellowes Bases and Tops For Staxonsteel/High-Stak Systems,26.632,1,0.2,1.331599999999999
2344,US-2011-155894,2013-07-26,2013-07-30,Second Class,CL-11890,Carl Ludwig,Consumer,United States,Chicago,Illinois,60623,Central,OFF-ST-10004804,Office Supplies,Storage,"Belkin 19"" Vented Equipment Shelf, Black",123.55199999999999,3,0.2,-29.343599999999995
9775,CA-2011-169019,2013-07-26,2013-07-30,Standard Class,LF-17185,Luke Foster,Consumer,United States,San Antonio,Texas,78207,Central,OFF-BI-10004995,Office Supplies,Binders,GBC DocuBind P400 Electric Binding System,2177.5839999999994,8,0.8,-3701.8928000000014
9776,CA-2011-169019,2013-07-26,2013-07-30,Standard Class,LF-17185,Luke Foster,Consumer,United States,San Antonio,Texas,78207,Central,FUR-FU-10004666,Furniture,Furnishings,DAX Clear Channel Poster Frame,17.496000000000002,3,0.6,-10.060199999999998
9777,CA-2011-169019,2013-07-26,2013-07-30,Standard Class,LF-17185,Luke Foster,Consumer,United States,San Antonio,Texas,78207,Central,OFF-BI-10001524,Office Supplies,Binders,GBC Premium Transparent Covers with Diagonal Lined Pattern,16.783999999999995,4,0.8,-26.854400000000012
9778,CA-2011-169019,2013-07-26,2013-07-30,Standard Class,LF-17185,Luke Foster,Consumer,United States,San Antonio,Texas,78207,Central,TEC-AC-10002076,Technology,Accessories,Microsoft Natural Keyboard Elite,431.136,9,0.2,-26.946000000000012
9779,CA-2011-169019,2013-07-26,2013-07-30,Standard Class,LF-17185,Luke Foster,Consumer,United States,San Antonio,Texas,78207,Central,OFF-BI-10001679,Office Supplies,Binders,GBC Instant Index System for Binding Systems,8.879999999999999,5,0.8,-13.32
9780,CA-2011-169019,2013-07-26,2013-07-30,Standard Class,LF-17185,Luke Foster,Consumer,United States,San Antonio,Texas,78207,Central,OFF-AP-10003281,Office Supplies,Appliances,Acco 6 Outlet Guardian Standard Surge Suppressor,4.8359999999999985,2,0.8,-12.090000000000003
6173,US-2011-106299,2013-08-02,2013-08-08,Standard Class,NZ-18565,Nick Zandusky,Home Office,United States,Springfield,Missouri,65807,Central,OFF-BI-10001758,Office Supplies,Binders,Wilson Jones 14 Line Acrylic Coated Pressboard Data Binders,26.7,5,0.0,12.549
6174,US-2011-106299,2013-08-02,2013-08-08,Standard Class,NZ-18565,Nick Zandusky,Home Office,United States,Springfield,Missouri,65807,Central,TEC-AC-10003237,Technology,Accessories,Memorex Micro Travel Drive 4 GB,21.2,2,0.0,9.116000000000001
6175,US-2011-106299,2013-08-02,2013-08-08,Standard Class,NZ-18565,Nick Zandusky,Home Office,United States,Springfield,Missouri,65807,Central,OFF-ST-10002011,Office Supplies,Storage,Smead Adjustable Mobile File Trolley with Lockable Top,838.38,2,0.0,226.36260000000004
8894,CA-2011-124723,2013-08-05,2013-08-12,Standard Class,GZ-14470,Gary Zandusky,Consumer,United States,Texas City,Texas,77590,Central,FUR-TA-10001307,Furniture,Tables,"SAFCO PlanMaster Heigh-Adjustable Drafting Table Base, 43w x 30d x 30-37h, Black",489.22999999999996,2,0.3,41.934
5069,CA-2011-124478,2013-08-08,2013-08-12,Standard Class,MA-17560,Matt Abelman,Home Office,United States,Trenton,Michigan,48183,Central,TEC-CO-10001571,Technology,Copiers,Sharp 1540cs Digital Laser Copier,549.99,1,0.0,274.995
5070,CA-2011-124478,2013-08-08,2013-08-12,Standard Class,MA-17560,Matt Abelman,Home Office,United States,Trenton,Michigan,48183,Central,OFF-AP-10002495,Office Supplies,Appliances,"Acco Smartsocket Table Surge Protector, 6 Color-Coded Adapter Outlets",167.535,3,0.1,37.22999999999998
5071,CA-2011-124478,2013-08-08,2013-08-12,Standard Class,MA-17560,Matt Abelman,Home Office,United States,Trenton,Michigan,48183,Central,OFF-EN-10002500,Office Supplies,Envelopes,Globe Weis Peel & Seel First Class Envelopes,38.339999999999996,3,0.0,17.253
5072,CA-2011-124478,2013-08-08,2013-08-12,Standard Class,MA-17560,Matt Abelman,Home Office,United States,Trenton,Michigan,48183,Central,FUR-FU-10002088,Furniture,Furnishings,Nu-Dell Float Frame 11 x 14 1/2,53.88,6,0.0,22.629600000000003
5073,CA-2011-124478,2013-08-08,2013-08-12,Standard Class,MA-17560,Matt Abelman,Home Office,United States,Trenton,Michigan,48183,Central,TEC-PH-10001128,Technology,Phones,Motorola Droid Maxx,299.98,2,0.0,83.99440000000001
3295,CA-2011-138023,2013-08-15,2013-08-18,First Class,KH-16510,Keith Herrera,Consumer,United States,Dallas,Texas,75081,Central,OFF-BI-10003638,Office Supplies,Binders,GBC Durable Plastic Covers,30.959999999999994,8,0.8,-52.63200000000002
2045,CA-2011-129168,2013-08-17,2013-08-23,Standard Class,KB-16585,Ken Black,Corporate,United States,Houston,Texas,77095,Central,OFF-PA-10001639,Office Supplies,Paper,Xerox 203,15.552000000000003,3,0.2,5.4432
5800,CA-2011-166716,2013-08-20,2013-08-25,Second Class,CR-12730,Craig Reiter,Consumer,United States,Chicago,Illinois,60610,Central,FUR-CH-10004495,Furniture,Chairs,"Global Leather and Oak Executive Chair, Black",421.372,2,0.3,-6.019600000000054
9366,US-2011-166828,2013-08-22,2013-08-25,First Class,JF-15415,Jennifer Ferguson,Consumer,United States,Saint Charles,Missouri,63301,Central,OFF-PA-10001846,Office Supplies,Paper,Xerox 1899,11.56,2,0.0,5.6644000000000005
8695,US-2011-112795,2013-08-23,2013-08-28,Second Class,CR-12625,Corey Roper,Home Office,United States,Grand Rapids,Michigan,49505,Central,OFF-PA-10001934,Office Supplies,Paper,Xerox 1993,19.44,3,0.0,9.5256
8459,CA-2011-126200,2013-08-25,2013-08-29,Standard Class,JE-15715,Joe Elijah,Consumer,United States,Houston,Texas,77070,Central,OFF-BI-10002133,Office Supplies,Binders,"Wilson Jones Elliptical Ring 3 1/2"" Capacity Binders, 800 sheets",25.679999999999993,3,0.8,-39.804
8460,CA-2011-126200,2013-08-25,2013-08-29,Standard Class,JE-15715,Joe Elijah,Consumer,United States,Houston,Texas,77070,Central,OFF-BI-10002225,Office Supplies,Binders,"Square Ring Data Binders, Rigid 75 Pt. Covers, 11"" x 14-7/8""",12.383999999999997,3,0.8,-19.814400000000003
3194,CA-2011-165428,2013-09-01,2013-09-04,First Class,JL-15130,Jack Lebron,Consumer,United States,Houston,Texas,77036,Central,OFF-BI-10002949,Office Supplies,Binders,Prestige Round Ring Binders,3.6479999999999992,3,0.8,-6.019200000000003
3195,CA-2011-165428,2013-09-01,2013-09-04,First Class,JL-15130,Jack Lebron,Consumer,United States,Houston,Texas,77036,Central,OFF-PA-10004100,Office Supplies,Paper,Xerox 216,31.104000000000006,6,0.2,10.8864
5029,CA-2011-151792,2013-09-02,2013-09-07,Second Class,CV-12295,Christina VanderZanden,Consumer,United States,Chicago,Illinois,60653,Central,TEC-AC-10001606,Technology,Accessories,Logitech Wireless Performance Mouse MX for PC and Mac,239.976,3,0.2,53.994600000000005
7289,CA-2011-158281,2013-09-02,2013-09-07,Standard Class,AG-10525,Andy Gerbode,Corporate,United States,Houston,Texas,77095,Central,TEC-MA-10002210,Technology,Machines,Epson TM-T88V Direct Thermal Printer - Monochrome - Desktop,559.71,3,0.4,-121.27049999999997
9140,CA-2011-106971,2013-09-02,2013-09-08,Standard Class,BM-11785,Bryan Mills,Consumer,United States,Buffalo Grove,Illinois,60089,Central,TEC-AC-10000844,Technology,Accessories,Logitech Gaming G510s - Keyboard,475.944,7,0.2,95.18879999999997
8398,US-2011-120236,2013-09-03,2013-09-04,First Class,MR-17545,Mathew Reese,Home Office,United States,Houston,Texas,77095,Central,OFF-BI-10004099,Office Supplies,Binders,GBC VeloBinder Strips,7.679999999999998,5,0.8,-11.52
2646,CA-2011-131002,2013-09-07,2013-09-12,Second Class,TB-21400,Tom Boeckenhauer,Consumer,United States,Tulsa,Oklahoma,74133,Central,FUR-FU-10004270,Furniture,Furnishings,"Executive Impressions 13"" Clairmont Wall Clock",57.69,3,0.0,23.652900000000002
2647,CA-2011-131002,2013-09-07,2013-09-12,Second Class,TB-21400,Tom Boeckenhauer,Consumer,United States,Tulsa,Oklahoma,74133,Central,OFF-BI-10000948,Office Supplies,Binders,"GBC Laser Imprintable Binding System Covers, Desert Sand",42.81,3,0.0,20.1207
2648,CA-2011-131002,2013-09-07,2013-09-12,Second Class,TB-21400,Tom Boeckenhauer,Consumer,United States,Tulsa,Oklahoma,74133,Central,OFF-PA-10000223,Office Supplies,Paper,Xerox 2000,12.96,2,0.0,6.2208000000000006
2649,CA-2011-131002,2013-09-07,2013-09-12,Second Class,TB-21400,Tom Boeckenhauer,Consumer,United States,Tulsa,Oklahoma,74133,Central,FUR-FU-10004665,Furniture,Furnishings,"3M Polarizing Task Lamp with Clamp Arm, Light Gray",821.8799999999999,6,0.0,213.68880000000001
2650,CA-2011-131002,2013-09-07,2013-09-12,Second Class,TB-21400,Tom Boeckenhauer,Consumer,United States,Tulsa,Oklahoma,74133,Central,TEC-PH-10000215,Technology,Phones,Plantronics Cordless Phone Headset with In-line Volume - M214C,104.85000000000001,3,0.0,28.309500000000007
5261,CA-2011-105165,2013-09-07,2013-09-10,First Class,SZ-20035,Sam Zeldin,Home Office,United States,Houston,Texas,77036,Central,TEC-PH-10000675,Technology,Phones,Panasonic KX TS3282B Corded phone,196.776,3,0.2,14.758199999999995
5262,CA-2011-105165,2013-09-07,2013-09-10,First Class,SZ-20035,Sam Zeldin,Home Office,United States,Houston,Texas,77036,Central,OFF-BI-10000050,Office Supplies,Binders,"Angle-D Binders with Locking Rings, Label Holders",2.9199999999999995,2,0.8,-4.8180000000000005
5263,CA-2011-105165,2013-09-07,2013-09-10,First Class,SZ-20035,Sam Zeldin,Home Office,United States,Houston,Texas,77036,Central,FUR-TA-10004154,Furniture,Tables,"Riverside Furniture Oval Coffee Table, Oval End Table, End Table with Drawer",200.79500000000002,1,0.3,-22.948000000000008
5264,CA-2011-105165,2013-09-07,2013-09-10,First Class,SZ-20035,Sam Zeldin,Home Office,United States,Houston,Texas,77036,Central,TEC-AC-10002718,Technology,Accessories,Belkin Standard 104 key USB Keyboard,46.688,4,0.2,-2.918000000000003
5265,CA-2011-105165,2013-09-07,2013-09-10,First Class,SZ-20035,Sam Zeldin,Home Office,United States,Houston,Texas,77036,Central,OFF-AR-10003179,Office Supplies,Art,Dixon Ticonderoga Core-Lock Colored Pencils,21.864,3,0.2,3.5528999999999984
5979,CA-2011-117765,2013-09-07,2013-09-13,Standard Class,RB-19465,Rick Bensley,Home Office,United States,Tulsa,Oklahoma,74133,Central,FUR-TA-10001039,Furniture,Tables,KI Adjustable-Height Table,429.90000000000003,5,0.0,111.77400000000003
5980,CA-2011-117765,2013-09-07,2013-09-13,Standard Class,RB-19465,Rick Bensley,Home Office,United States,Tulsa,Oklahoma,74133,Central,OFF-BI-10000474,Office Supplies,Binders,Avery Recycled Flexi-View Covers for Binding Systems,32.06,2,0.0,15.3888
5981,CA-2011-117765,2013-09-07,2013-09-13,Standard Class,RB-19465,Rick Bensley,Home Office,United States,Tulsa,Oklahoma,74133,Central,FUR-CH-10004698,Furniture,Chairs,"Padded Folding Chairs, Black, 4/Carton",161.96,2,0.0,45.34880000000001
5982,CA-2011-117765,2013-09-07,2013-09-13,Standard Class,RB-19465,Rick Bensley,Home Office,United States,Tulsa,Oklahoma,74133,Central,OFF-ST-10003327,Office Supplies,Storage,Akro-Mils 12-Gallon Tote,19.86,2,0.0,5.759399999999998
9479,CA-2011-126193,2013-09-07,2013-09-14,Standard Class,SS-20410,Shahid Shariari,Consumer,United States,Oswego,Illinois,60543,Central,OFF-FA-10000936,Office Supplies,Fasteners,Acco Hot Clips Clips to Go,13.16,5,0.2,4.1125
9480,CA-2011-126193,2013-09-07,2013-09-14,Standard Class,SS-20410,Shahid Shariari,Consumer,United States,Oswego,Illinois,60543,Central,OFF-BI-10001249,Office Supplies,Binders,Avery Heavy-Duty EZD View Binder with Locking Rings,3.8279999999999994,3,0.8,-6.507600000000002
9481,CA-2011-126193,2013-09-07,2013-09-14,Standard Class,SS-20410,Shahid Shariari,Consumer,United States,Oswego,Illinois,60543,Central,OFF-BI-10004632,Office Supplies,Binders,Ibico Hi-Tech Manual Binding System,304.98999999999995,5,0.8,-533.7325000000001
165,CA-2011-139892,2013-09-08,2013-09-12,Standard Class,BM-11140,Becky Martin,Consumer,United States,San Antonio,Texas,78207,Central,OFF-AR-10004441,Office Supplies,Art,BIC Brite Liner Highlighters,9.936,3,0.2,2.7324
166,CA-2011-139892,2013-09-08,2013-09-12,Standard Class,BM-11140,Becky Martin,Consumer,United States,San Antonio,Texas,78207,Central,TEC-MA-10000822,Technology,Machines,Lexmark MX611dhe Monochrome Laser Printer,8159.951999999999,8,0.4,-1359.992000000002
167,CA-2011-139892,2013-09-08,2013-09-12,Standard Class,BM-11140,Becky Martin,Consumer,United States,San Antonio,Texas,78207,Central,OFF-ST-10000991,Office Supplies,Storage,Space Solutions HD Industrial Steel Shelving.,275.928,3,0.2,-58.634699999999995
168,CA-2011-139892,2013-09-08,2013-09-12,Standard Class,BM-11140,Becky Martin,Consumer,United States,San Antonio,Texas,78207,Central,FUR-CH-10004287,Furniture,Chairs,SAFCO Arco Folding Chair,1740.0599999999997,9,0.3,-24.858000000000175
169,CA-2011-139892,2013-09-08,2013-09-12,Standard Class,BM-11140,Becky Martin,Consumer,United States,San Antonio,Texas,78207,Central,OFF-AR-10002656,Office Supplies,Art,Sanford Liquid Accent Highlighters,32.064,6,0.2,6.813599999999997
170,CA-2011-139892,2013-09-08,2013-09-12,Standard Class,BM-11140,Becky Martin,Consumer,United States,San Antonio,Texas,78207,Central,OFF-AP-10002518,Office Supplies,Appliances,Kensington 7 Outlet MasterPiece Power Center,177.97999999999996,5,0.8,-453.84900000000005
171,CA-2011-139892,2013-09-08,2013-09-12,Standard Class,BM-11140,Becky Martin,Consumer,United States,San Antonio,Texas,78207,Central,TEC-PH-10003931,Technology,Phones,JBL Micro Wireless Portable Bluetooth Speaker,143.976,3,0.2,8.998500000000007
837,US-2011-115987,2013-09-08,2013-09-13,Second Class,LH-17020,Lisa Hazard,Consumer,United States,Tyler,Texas,75701,Central,OFF-BI-10001071,Office Supplies,Binders,GBC ProClick Punch Binding System,51.18399999999998,4,0.8,-79.33519999999999
5290,CA-2011-146283,2013-09-08,2013-09-15,Standard Class,KT-16465,Kean Takahito,Consumer,United States,Houston,Texas,77036,Central,OFF-PA-10002259,Office Supplies,Paper,"Geographics Note Cards, Blank, White, 8 1/2"" x 11""",17.904,2,0.2,6.2664
5291,CA-2011-146283,2013-09-08,2013-09-15,Standard Class,KT-16465,Kean Takahito,Consumer,United States,Houston,Texas,77036,Central,FUR-CH-10004287,Furniture,Chairs,SAFCO Arco Folding Chair,966.6999999999998,5,0.3,-13.810000000000116
5292,CA-2011-146283,2013-09-08,2013-09-15,Standard Class,KT-16465,Kean Takahito,Consumer,United States,Houston,Texas,77036,Central,OFF-PA-10000482,Office Supplies,Paper,"Snap-A-Way Black Print Carbonless Ruled Speed Letter, Triplicate",182.112,6,0.2,61.46279999999998
898,CA-2011-144407,2013-09-09,2013-09-15,Standard Class,MS-17365,Maribeth Schnelling,Consumer,United States,Detroit,Michigan,48227,Central,OFF-LA-10003923,Office Supplies,Labels,Alphabetical Labels for Top Tab Filing,103.60000000000001,7,0.0,51.800000000000004
8381,CA-2011-103527,2013-09-09,2013-09-14,Second Class,CC-12220,Chris Cortes,Consumer,United States,Chicago,Illinois,60653,Central,OFF-PA-10001622,Office Supplies,Paper,"Ampad Poly Cover Wirebound Steno Book, 6"" x 9"" Assorted Colors, Gregg Ruled",10.896,3,0.2,3.4049999999999994
3161,US-2011-150924,2013-09-12,2013-09-16,Second Class,PT-19090,Pete Takahito,Consumer,United States,Houston,Texas,77070,Central,OFF-BI-10004040,Office Supplies,Binders,Wilson Jones Impact Binders,5.179999999999999,5,0.8,-8.029
5449,US-2011-119081,2013-09-12,2013-09-19,Standard Class,TA-21385,Tom Ashbrook,Home Office,United States,Olathe,Kansas,66062,Central,OFF-SU-10000157,Office Supplies,Supplies,Compact Automatic Electric Letter Opener,357.93,3,0.0,7.158600000000007
5450,US-2011-119081,2013-09-12,2013-09-19,Standard Class,TA-21385,Tom Ashbrook,Home Office,United States,Olathe,Kansas,66062,Central,TEC-AC-10001542,Technology,Accessories,SanDisk Cruzer 16 GB USB Flash Drive,57.400000000000006,5,0.0,10.905999999999993
5451,US-2011-119081,2013-09-12,2013-09-19,Standard Class,TA-21385,Tom Ashbrook,Home Office,United States,Olathe,Kansas,66062,Central,OFF-BI-10004519,Office Supplies,Binders,GBC DocuBind P100 Manual Binding Machine,331.96,2,0.0,149.38199999999998
5452,US-2011-119081,2013-09-12,2013-09-19,Standard Class,TA-21385,Tom Ashbrook,Home Office,United States,Olathe,Kansas,66062,Central,FUR-FU-10003464,Furniture,Furnishings,"Seth Thomas 8 1/2"" Cubicle Clock",40.56,2,0.0,12.979199999999999
5278,CA-2011-113859,2013-09-13,2013-09-17,Standard Class,BC-11125,Becky Castell,Home Office,United States,Odessa,Texas,79762,Central,FUR-CH-10004698,Furniture,Chairs,"Padded Folding Chairs, Black, 4/Carton",340.116,6,0.3,-9.717599999999976
175,US-2011-100853,2013-09-14,2013-09-19,Standard Class,JB-15400,Jennifer Braxton,Corporate,United States,Chicago,Illinois,60623,Central,OFF-AP-10000891,Office Supplies,Appliances,Kensington 7 Outlet MasterPiece HOMEOFFICE Power Control Center,52.44799999999999,2,0.8,-131.12000000000003
176,US-2011-100853,2013-09-14,2013-09-19,Standard Class,JB-15400,Jennifer Braxton,Corporate,United States,Chicago,Illinois,60623,Central,OFF-LA-10003148,Office Supplies,Labels,Avery 51,20.16,4,0.2,6.551999999999999
8433,US-2011-127635,2013-09-14,2013-09-18,Second Class,SC-20260,Scott Cohen,Corporate,United States,Corpus Christi,Texas,78415,Central,OFF-FA-10000053,Office Supplies,Fasteners,Revere Boxed Rubber Bands by Revere,6.048,4,0.2,-1.3607999999999998
8434,US-2011-127635,2013-09-14,2013-09-18,Second Class,SC-20260,Scott Cohen,Corporate,United States,Corpus Christi,Texas,78415,Central,OFF-PA-10004610,Office Supplies,Paper,Xerox 1900,6.848000000000001,2,0.2,2.1399999999999992
8435,US-2011-127635,2013-09-14,2013-09-18,Second Class,SC-20260,Scott Cohen,Corporate,United States,Corpus Christi,Texas,78415,Central,FUR-FU-10000550,Furniture,Furnishings,Stacking Trays by OIC,9.96,5,0.6,-6.723000000000001
8436,US-2011-127635,2013-09-14,2013-09-18,Second Class,SC-20260,Scott Cohen,Corporate,United States,Corpus Christi,Texas,78415,Central,OFF-BI-10001721,Office Supplies,Binders,Trimflex Flexible Post Binders,8.551999999999998,2,0.8,-13.6832
263,US-2011-106992,2013-09-19,2013-09-21,Second Class,SB-20290,Sean Braxton,Corporate,United States,Houston,Texas,77036,Central,TEC-MA-10000822,Technology,Machines,Lexmark MX611dhe Monochrome Laser Printer,3059.982,3,0.4,-509.99700000000075
264,US-2011-106992,2013-09-19,2013-09-21,Second Class,SB-20290,Sean Braxton,Corporate,United States,Houston,Texas,77036,Central,TEC-MA-10003353,Technology,Machines,Xerox WorkCentre 6505DN Laser Multifunction Printer,2519.9579999999996,7,0.4,-251.99579999999992
126,US-2011-134614,2013-09-20,2013-09-25,Standard Class,PF-19165,Philip Fox,Consumer,United States,Bloomington,Illinois,61701,Central,FUR-TA-10004534,Furniture,Tables,Bevis 44 x 96 Conference Tables,617.7,6,0.5,-407.68200000000013
8867,CA-2011-120411,2013-09-20,2013-09-23,First Class,SB-20185,Sarah Brown,Consumer,United States,Chicago,Illinois,60653,Central,FUR-BO-10004218,Furniture,Bookcases,"Bush Heritage Pine Collection 5-Shelf Bookcase, Albany Pine Finish, *Special Order",493.42999999999995,5,0.3,-70.48999999999998
8868,CA-2011-120411,2013-09-20,2013-09-23,First Class,SB-20185,Sarah Brown,Consumer,United States,Chicago,Illinois,60653,Central,TEC-PH-10002185,Technology,Phones,QVS USB Car Charger 2-Port 2.1Amp for iPod/iPhone/iPad/iPad 2/iPad 3,11.120000000000001,2,0.2,3.4749999999999996
2791,CA-2011-125514,2013-09-21,2013-09-22,First Class,BM-11650,Brian Moss,Corporate,United States,Omaha,Nebraska,68104,Central,OFF-AP-10000358,Office Supplies,Appliances,Fellowes Basic Home/Office Series Surge Protectors,25.96,2,0.0,7.528399999999998
2792,CA-2011-125514,2013-09-21,2013-09-22,First Class,BM-11650,Brian Moss,Corporate,United States,Omaha,Nebraska,68104,Central,OFF-AP-10003281,Office Supplies,Appliances,Acco 6 Outlet Guardian Standard Surge Suppressor,36.269999999999996,3,0.0,10.880999999999997
2793,CA-2011-125514,2013-09-21,2013-09-22,First Class,BM-11650,Brian Moss,Corporate,United States,Omaha,Nebraska,68104,Central,OFF-PA-10000029,Office Supplies,Paper,Xerox 224,6.48,1,0.0,3.1104000000000003
5305,US-2011-166310,2013-09-21,2013-09-23,First Class,JS-15940,Joni Sundaresam,Home Office,United States,Garland,Texas,75043,Central,FUR-FU-10001546,Furniture,Furnishings,Dana Swing-Arm Lamps,8.544,2,0.6,-7.475999999999999
5725,CA-2011-103191,2013-09-22,2013-09-27,Standard Class,VG-21805,Vivek Grady,Corporate,United States,Chicago,Illinois,60653,Central,OFF-ST-10002574,Office Supplies,Storage,"SAFCO Commercial Wire Shelving, Black",331.536,3,0.2,-82.884
4097,CA-2011-116904,2013-09-23,2013-09-28,Standard Class,SC-20095,Sanjit Chand,Consumer,United States,Minneapolis,Minnesota,55407,Central,OFF-PA-10004888,Office Supplies,Paper,Xerox 217,32.400000000000006,5,0.0,15.552000000000001
4098,CA-2011-116904,2013-09-23,2013-09-28,Standard Class,SC-20095,Sanjit Chand,Consumer,United States,Minneapolis,Minnesota,55407,Central,OFF-ST-10000736,Office Supplies,Storage,Carina Double Wide Media Storage Towers in Natural & Black,404.90000000000003,5,0.0,16.195999999999984
4099,CA-2011-116904,2013-09-23,2013-09-28,Standard Class,SC-20095,Sanjit Chand,Consumer,United States,Minneapolis,Minnesota,55407,Central,OFF-BI-10001120,Office Supplies,Binders,Ibico EPK-21 Electric Binding System,9449.95,5,0.0,4630.4755000000005
4100,CA-2011-116904,2013-09-23,2013-09-28,Standard Class,SC-20095,Sanjit Chand,Consumer,United States,Minneapolis,Minnesota,55407,Central,OFF-BI-10000301,Office Supplies,Binders,GBC Instant Report Kit,12.94,2,0.0,6.47
2825,US-2011-112914,2013-09-25,2013-09-30,Standard Class,MT-18070,Michelle Tran,Home Office,United States,Houston,Texas,77041,Central,OFF-PA-10003270,Office Supplies,Paper,Xerox 1954,33.792,8,0.2,10.559999999999999
2826,US-2011-112914,2013-09-25,2013-09-30,Standard Class,MT-18070,Michelle Tran,Home Office,United States,Houston,Texas,77041,Central,FUR-BO-10003272,Furniture,Bookcases,O'Sullivan Living Dimensions 5-Shelf Bookcases,300.53279999999995,2,0.32,-97.23120000000003
2827,US-2011-112914,2013-09-25,2013-09-30,Standard Class,MT-18070,Michelle Tran,Home Office,United States,Houston,Texas,77041,Central,OFF-BI-10002982,Office Supplies,Binders,Avery Self-Adhesive Photo Pockets for Polaroid Photos,2.7239999999999993,2,0.8,-4.358400000000001
2828,US-2011-112914,2013-09-25,2013-09-30,Standard Class,MT-18070,Michelle Tran,Home Office,United States,Houston,Texas,77041,Central,OFF-EN-10001509,Office Supplies,Envelopes,Poly String Tie Envelopes,3.2640000000000002,2,0.2,1.1015999999999997
2107,US-2011-152723,2013-09-26,2013-09-26,Same Day,HG-14965,Henry Goldwyn,Corporate,United States,Mesquite,Texas,75150,Central,OFF-BI-10003460,Office Supplies,Binders,Acco 3-Hole Punch,0.8759999999999998,1,0.8,-1.4016000000000002
9896,CA-2011-115049,2013-09-26,2013-10-01,Standard Class,MM-17920,Michael Moore,Consumer,United States,Chicago,Illinois,60623,Central,TEC-AC-10004859,Technology,Accessories,"Maxell Pro 80 Minute CD-R, 10/Pack",153.824,11,0.2,38.456
1351,CA-2011-153976,2013-10-03,2013-10-08,Second Class,BP-11290,Beth Paige,Consumer,United States,Evanston,Illinois,60201,Central,FUR-CH-10002880,Furniture,Chairs,"Global High-Back Leather Tilter, Burgundy",258.279,3,0.3,-70.10430000000002
8218,CA-2011-120775,2013-10-03,2013-10-07,Standard Class,RD-19930,Russell D'Ascenzo,Consumer,United States,Dallas,Texas,75217,Central,OFF-FA-10002676,Office Supplies,Fasteners,Colored Push Pins,4.344,3,0.2,0.8687999999999998
8219,CA-2011-120775,2013-10-03,2013-10-07,Standard Class,RD-19930,Russell D'Ascenzo,Consumer,United States,Dallas,Texas,75217,Central,FUR-FU-10000758,Furniture,Furnishings,DAX Natural Wood-Tone Poster Frame,31.776000000000003,3,0.6,-19.065600000000007
8220,CA-2011-120775,2013-10-03,2013-10-07,Standard Class,RD-19930,Russell D'Ascenzo,Consumer,United States,Dallas,Texas,75217,Central,OFF-LA-10002271,Office Supplies,Labels,Smead Alpha-Z Color-Coded Second Alphabetical Labels and Starter Set,4.928000000000001,2,0.2,1.7247999999999997
8221,CA-2011-120775,2013-10-03,2013-10-07,Standard Class,RD-19930,Russell D'Ascenzo,Consumer,United States,Dallas,Texas,75217,Central,OFF-BI-10002609,Office Supplies,Binders,Avery Hidden Tab Dividers for Binding Systems,1.7879999999999996,3,0.8,-3.0396
8222,CA-2011-120775,2013-10-03,2013-10-07,Standard Class,RD-19930,Russell D'Ascenzo,Consumer,United States,Dallas,Texas,75217,Central,OFF-FA-10000254,Office Supplies,Fasteners,Sterling Rubber Bands by Alliance,15.072000000000001,4,0.2,-3.7680000000000002
5418,CA-2011-132542,2013-10-06,2013-10-08,Second Class,AM-10360,Alice McCarthy,Corporate,United States,Omaha,Nebraska,68104,Central,OFF-BI-10004099,Office Supplies,Binders,GBC VeloBinder Strips,15.36,2,0.0,7.68
8830,CA-2011-109680,2013-10-06,2013-10-09,First Class,VP-21760,Victoria Pisteka,Corporate,United States,Indianapolis,Indiana,46203,Central,OFF-ST-10001932,Office Supplies,Storage,Fellowes Staxonsteel Drawer Files,386.34,2,0.0,54.08760000000001
3827,CA-2011-132801,2013-10-07,2013-10-12,Standard Class,JG-15805,John Grady,Corporate,United States,Dallas,Texas,75217,Central,OFF-ST-10001228,Office Supplies,Storage,"Fellowes Personal Hanging Folder Files, Navy",107.44,10,0.2,10.744000000000007
7546,CA-2011-103492,2013-10-10,2013-10-15,Standard Class,CM-12715,Craig Molinari,Corporate,United States,Huntsville,Texas,77340,Central,TEC-PH-10001128,Technology,Phones,Motorola Droid Maxx,719.9520000000001,6,0.2,71.99520000000001
7547,CA-2011-103492,2013-10-10,2013-10-15,Standard Class,CM-12715,Craig Molinari,Corporate,United States,Huntsville,Texas,77340,Central,TEC-PH-10004667,Technology,Phones,Cisco 8x8 Inc. 6753i IP Business Phone System,755.9440000000002,7,0.2,66.14509999999996
7548,CA-2011-103492,2013-10-10,2013-10-15,Standard Class,CM-12715,Craig Molinari,Corporate,United States,Huntsville,Texas,77340,Central,OFF-BI-10004817,Office Supplies,Binders,GBC Personal VeloBind Strips,11.979999999999997,5,0.8,-19.16800000000001
7549,CA-2011-103492,2013-10-10,2013-10-15,Standard Class,CM-12715,Craig Molinari,Corporate,United States,Huntsville,Texas,77340,Central,OFF-BI-10004140,Office Supplies,Binders,Avery Non-Stick Binders,0.8979999999999998,1,0.8,-1.5715000000000008
9440,US-2011-154655,2013-10-12,2013-10-17,Standard Class,BP-11050,Barry Pond,Corporate,United States,Chicago,Illinois,60623,Central,OFF-SU-10000898,Office Supplies,Supplies,"Acme Hot Forged Carbon Steel Scissors with Nickel-Plated Handles, 3 7/8"" Cut, 8""L",22.240000000000002,2,0.2,2.501999999999997
5756,CA-2011-163748,2013-10-14,2013-10-18,Standard Class,HG-15025,Hunter Glantz,Consumer,United States,Fort Worth,Texas,76106,Central,OFF-AP-10004052,Office Supplies,Appliances,"Hoover Replacement Belts For Soft Guard & Commercial Ltweight Upright Vacs, 2/Pk",3.1599999999999993,4,0.8,-8.532
5757,CA-2011-163748,2013-10-14,2013-10-18,Standard Class,HG-15025,Hunter Glantz,Consumer,United States,Fort Worth,Texas,76106,Central,TEC-CO-10002095,Technology,Copiers,Hewlett Packard 610 Color Digital Copier / Printer,1999.96,5,0.2,624.9875
9064,US-2011-151015,2013-10-14,2013-10-20,Standard Class,BD-11500,Bradley Drucker,Consumer,United States,Chicago,Illinois,60653,Central,OFF-PA-10002581,Office Supplies,Paper,Xerox 1951,322.192,13,0.2,100.68499999999997
9065,US-2011-151015,2013-10-14,2013-10-20,Standard Class,BD-11500,Bradley Drucker,Consumer,United States,Chicago,Illinois,60653,Central,OFF-BI-10000343,Office Supplies,Binders,"Pressboard Covers with Storage Hooks, 9 1/2"" x 11"", Light Blue",2.9459999999999993,3,0.8,-4.860900000000001
9066,US-2011-151015,2013-10-14,2013-10-20,Standard Class,BD-11500,Bradley Drucker,Consumer,United States,Chicago,Illinois,60653,Central,OFF-PA-10001184,Office Supplies,Paper,Xerox 1903,19.136000000000003,4,0.2,6.9368
6874,CA-2011-124394,2013-10-17,2013-10-22,Second Class,TB-21520,Tracy Blumstein,Consumer,United States,Beaumont,Texas,77705,Central,OFF-BI-10003676,Office Supplies,Binders,"GBC Standard Recycled Report Covers, Clear Plastic Sheets",10.779999999999996,5,0.8,-17.248000000000008
6875,CA-2011-124394,2013-10-17,2013-10-22,Second Class,TB-21520,Tracy Blumstein,Consumer,United States,Beaumont,Texas,77705,Central,TEC-AC-10001314,Technology,Accessories,Case Logic 2.4GHz Wireless Keyboard,119.97600000000001,3,0.2,-17.99640000000002
9558,CA-2011-103086,2013-10-17,2013-10-19,Second Class,EB-14170,Evan Bailliet,Consumer,United States,Houston,Texas,77095,Central,FUR-FU-10004586,Furniture,Furnishings,G.E. Longer-Life Indoor Recessed Floodlight Bulbs,5.312,2,0.6,-1.5935999999999995
47,CA-2011-146703,2013-10-20,2013-10-25,Second Class,PO-18865,Patrick O'Donnell,Consumer,United States,Westland,Michigan,48185,Central,OFF-ST-10001713,Office Supplies,Storage,"Gould Plastics 9-Pocket Panel Bin, 18-3/8w x 5-1/4d x 20-1/2h, Black",211.96,4,0.0,8.478399999999993
6554,CA-2011-137092,2013-10-20,2013-10-22,Second Class,LS-16975,Lindsay Shagiari,Home Office,United States,Chicago,Illinois,60653,Central,TEC-AC-10001606,Technology,Accessories,Logitech Wireless Performance Mouse MX for PC and Mac,319.968,4,0.2,71.9928
6555,CA-2011-137092,2013-10-20,2013-10-22,Second Class,LS-16975,Lindsay Shagiari,Home Office,United States,Chicago,Illinois,60653,Central,OFF-ST-10003805,Office Supplies,Storage,"24 Capacity Maxi Data Binder Racks, Pearl",505.32000000000005,3,0.2,31.582499999999953
6556,CA-2011-137092,2013-10-20,2013-10-22,Second Class,LS-16975,Lindsay Shagiari,Home Office,United States,Chicago,Illinois,60653,Central,OFF-PA-10002109,Office Supplies,Paper,Wirebound Voice Message Log Book,3.808,1,0.2,1.2375999999999996
6557,CA-2011-137092,2013-10-20,2013-10-22,Second Class,LS-16975,Lindsay Shagiari,Home Office,United States,Chicago,Illinois,60653,Central,OFF-BI-10000632,Office Supplies,Binders,Satellite Sectional Post Binders,8.681999999999997,1,0.8,-14.759400000000003
6558,CA-2011-137092,2013-10-20,2013-10-22,Second Class,LS-16975,Lindsay Shagiari,Home Office,United States,Chicago,Illinois,60653,Central,OFF-LA-10003510,Office Supplies,Labels,"Avery 4027 File Folder Labels for Dot Matrix Printers, 5000 Labels per Box, White",24.424000000000003,1,0.2,7.9378
7371,CA-2011-107769,2013-10-28,2013-11-01,Standard Class,BT-11395,Bill Tyler,Corporate,United States,Garden City,Kansas,67846,Central,TEC-PH-10001336,Technology,Phones,Digium D40 VoIP phone,257.98,2,0.0,74.8142
488,CA-2011-154627,2013-10-29,2013-10-31,First Class,SA-20830,Sue Ann Reed,Consumer,United States,Chicago,Illinois,60610,Central,TEC-PH-10001363,Technology,Phones,Apple iPhone 5S,2735.952,6,0.2,341.9939999999997
9546,CA-2011-166590,2013-10-29,2013-11-02,Standard Class,NC-18625,Noah Childs,Corporate,United States,Columbus,Indiana,47201,Central,TEC-AC-10003433,Technology,Accessories,Maxell 4.7GB DVD+R 5/Pack,1.98,2,0.0,0.891
9547,CA-2011-166590,2013-10-29,2013-11-02,Standard Class,NC-18625,Noah Childs,Corporate,United States,Columbus,Indiana,47201,Central,OFF-PA-10000482,Office Supplies,Paper,"Snap-A-Way Black Print Carbonless Ruled Speed Letter, Triplicate",75.88,2,0.0,35.663599999999995
4159,CA-2011-126907,2013-11-01,2013-11-08,Standard Class,SM-20950,Suzanne McNair,Corporate,United States,Chicago,Illinois,60610,Central,OFF-PA-10000533,Office Supplies,Paper,Southworth Parchment Paper & Envelopes,15.696000000000002,3,0.2,5.1011999999999995
6228,CA-2011-148782,2013-11-02,2013-11-07,Standard Class,PO-18850,Patrick O'Brill,Consumer,United States,Irving,Texas,75061,Central,TEC-PH-10002923,Technology,Phones,"Logitech B530 USB Headset - headset - Full size, Binaural",88.77600000000001,3,0.2,7.767900000000001
9078,US-2011-124625,2013-11-03,2013-11-07,Standard Class,SP-20650,Stephanie Phelps,Corporate,United States,Omaha,Nebraska,68104,Central,TEC-AC-10003280,Technology,Accessories,Belkin F8E887 USB Wired Ergonomic Keyboard,89.97,3,0.0,18.893699999999995
3186,CA-2011-123498,2013-11-07,2013-11-09,First Class,TC-20980,Tamara Chand,Corporate,United States,Houston,Texas,77041,Central,OFF-BI-10000632,Office Supplies,Binders,Satellite Sectional Post Binders,26.045999999999992,3,0.8,-44.2782
3187,CA-2011-123498,2013-11-07,2013-11-09,First Class,TC-20980,Tamara Chand,Corporate,United States,Houston,Texas,77041,Central,OFF-EN-10004773,Office Supplies,Envelopes,Staple envelope,74.352,3,0.2,26.952599999999997
4781,CA-2011-159310,2013-11-07,2013-11-12,Standard Class,SC-20725,Steven Cartwright,Consumer,United States,Houston,Texas,77070,Central,FUR-CH-10002758,Furniture,Chairs,"Hon Deluxe Fabric Upholstered Stacking Chairs, Squared Back",683.1439999999999,4,0.3,0.0
4782,CA-2011-159310,2013-11-07,2013-11-12,Standard Class,SC-20725,Steven Cartwright,Consumer,United States,Houston,Texas,77070,Central,OFF-BI-10000201,Office Supplies,Binders,"Avery Triangle Shaped Sheet Lifters, Black, 2/Pack",1.4759999999999995,3,0.8,-2.214
4783,CA-2011-159310,2013-11-07,2013-11-12,Standard Class,SC-20725,Steven Cartwright,Consumer,United States,Houston,Texas,77070,Central,OFF-SU-10004115,Office Supplies,Supplies,Acme Stainless Steel Office Snips,40.711999999999996,7,0.2,3.5623000000000022
4831,CA-2011-120278,2013-11-07,2013-11-12,Standard Class,MS-17365,Maribeth Schnelling,Consumer,United States,Wausau,Wisconsin,54401,Central,OFF-AP-10001293,Office Supplies,Appliances,Belkin 8 Outlet Surge Protector,245.88,6,0.0,68.84639999999999
4832,CA-2011-120278,2013-11-07,2013-11-12,Standard Class,MS-17365,Maribeth Schnelling,Consumer,United States,Wausau,Wisconsin,54401,Central,OFF-ST-10004258,Office Supplies,Storage,Portable Personal File Box,36.63,3,0.0,9.890100000000004
4833,CA-2011-120278,2013-11-07,2013-11-12,Standard Class,MS-17365,Maribeth Schnelling,Consumer,United States,Wausau,Wisconsin,54401,Central,OFF-ST-10002214,Office Supplies,Storage,X-Rack File for Hanging Folders,22.58,2,0.0,5.870799999999999
4834,CA-2011-120278,2013-11-07,2013-11-12,Standard Class,MS-17365,Maribeth Schnelling,Consumer,United States,Wausau,Wisconsin,54401,Central,OFF-BI-10004970,Office Supplies,Binders,"ACCOHIDE 3-Ring Binder, Blue, 1""",12.39,3,0.0,5.8233
5165,CA-2011-121006,2013-11-10,2013-11-16,Standard Class,SC-20020,Sam Craven,Consumer,United States,Midland,Michigan,48640,Central,OFF-AR-10001149,Office Supplies,Art,"Avery Hi-Liter Comfort Grip Fluorescent Highlighter, Yellow Ink",3.9,2,0.0,1.521
5166,CA-2011-121006,2013-11-10,2013-11-16,Standard Class,SC-20020,Sam Craven,Consumer,United States,Midland,Michigan,48640,Central,OFF-PA-10000130,Office Supplies,Paper,Xerox 199,12.84,3,0.0,5.777999999999999
5167,CA-2011-121006,2013-11-10,2013-11-16,Standard Class,SC-20020,Sam Craven,Consumer,United States,Midland,Michigan,48640,Central,OFF-PA-10002479,Office Supplies,Paper,Xerox 4200 Series MultiUse Premium Copy Paper (20Lb. and 84 Bright),15.84,3,0.0,7.128
5168,CA-2011-121006,2013-11-10,2013-11-16,Standard Class,SC-20020,Sam Craven,Consumer,United States,Midland,Michigan,48640,Central,FUR-CH-10004997,Furniture,Chairs,Hon Every-Day Series Multi-Task Chairs,563.9399999999999,3,0.0,112.78800000000001
5169,CA-2011-121006,2013-11-10,2013-11-16,Standard Class,SC-20020,Sam Craven,Consumer,United States,Midland,Michigan,48640,Central,OFF-ST-10004950,Office Supplies,Storage,Acco Perma 3000 Stacking Storage Drawers,62.94,3,0.0,11.9586
5170,CA-2011-121006,2013-11-10,2013-11-16,Standard Class,SC-20020,Sam Craven,Consumer,United States,Midland,Michigan,48640,Central,OFF-ST-10001490,Office Supplies,Storage,"Hot File 7-Pocket, Floor Stand",535.41,3,0.0,160.62299999999993
17,CA-2011-105893,2013-11-11,2013-11-18,Standard Class,PK-19075,Pete Kriz,Consumer,United States,Madison,Wisconsin,53711,Central,OFF-ST-10004186,Office Supplies,Storage,"Stur-D-Stor Shelving, Vertical 5-Shelf: 72""H x 36""W x 18 1/2""D",665.88,6,0.0,13.317599999999999
3325,CA-2011-165309,2013-11-11,2013-11-15,Standard Class,KD-16270,Karen Daniels,Consumer,United States,Houston,Texas,77095,Central,OFF-BI-10001359,Office Supplies,Binders,GBC DocuBind TL300 Electric Binding System,896.9899999999998,5,0.8,-1480.033500000001
3326,CA-2011-165309,2013-11-11,2013-11-15,Standard Class,KD-16270,Karen Daniels,Consumer,United States,Houston,Texas,77095,Central,OFF-BI-10001267,Office Supplies,Binders,"Universal Recycled Hanging Pressboard Report Binders, Letter Size",1.2339999999999998,1,0.8,-1.9744000000000002
3327,CA-2011-165309,2013-11-11,2013-11-15,Standard Class,KD-16270,Karen Daniels,Consumer,United States,Houston,Texas,77095,Central,OFF-AR-10003582,Office Supplies,Art,"Boston Electric Pencil Sharpener, Model 1818, Charcoal Black",67.56,3,0.2,6.756000000000004
3328,CA-2011-165309,2013-11-11,2013-11-15,Standard Class,KD-16270,Karen Daniels,Consumer,United States,Houston,Texas,77095,Central,OFF-PA-10003724,Office Supplies,Paper,"Wirebound Message Book, 4 per Page",21.720000000000002,5,0.2,7.873499999999999
3329,CA-2011-165309,2013-11-11,2013-11-15,Standard Class,KD-16270,Karen Daniels,Consumer,United States,Houston,Texas,77095,Central,OFF-PA-10001033,Office Supplies,Paper,Xerox 1893,262.336,8,0.2,95.0968
3330,CA-2011-165309,2013-11-11,2013-11-15,Standard Class,KD-16270,Karen Daniels,Consumer,United States,Houston,Texas,77095,Central,TEC-PH-10003505,Technology,Phones,Geemarc AmpliPOWER60,148.48,2,0.2,16.703999999999986
3331,CA-2011-165309,2013-11-11,2013-11-15,Standard Class,KD-16270,Karen Daniels,Consumer,United States,Houston,Texas,77095,Central,TEC-PH-10004959,Technology,Phones,Classic Ivory Antique Telephone ZL1810,241.176,3,0.2,15.07350000000001
9748,US-2011-140914,2013-11-11,2013-11-15,Standard Class,BH-11710,Brosina Hoffman,Consumer,United States,Chicago,Illinois,60653,Central,FUR-FU-10000175,Furniture,Furnishings,DAX Wood Document Frame.,10.984000000000002,2,0.6,-7.9634
9749,US-2011-140914,2013-11-11,2013-11-15,Standard Class,BH-11710,Brosina Hoffman,Consumer,United States,Chicago,Illinois,60653,Central,FUR-CH-10003379,Furniture,Chairs,Global Commerce Series High-Back Swivel/Tilt Chairs,797.944,4,0.3,-56.99599999999998
1863,CA-2011-151078,2013-11-12,2013-11-12,Same Day,RF-19840,Roy Französisch,Consumer,United States,San Antonio,Texas,78207,Central,OFF-ST-10001328,Office Supplies,Storage,"Personal Filing Tote with Lid, Black/Gray",49.632000000000005,4,0.2,4.9632000000000005
5551,US-2011-159618,2013-11-12,2013-11-16,Standard Class,DB-12970,Darren Budd,Corporate,United States,Houston,Texas,77036,Central,OFF-AR-10003183,Office Supplies,Art,Avery Fluorescent Highlighter Four-Color Set,2.672,1,0.2,0.33399999999999974
5552,US-2011-159618,2013-11-12,2013-11-16,Standard Class,DB-12970,Darren Budd,Corporate,United States,Houston,Texas,77036,Central,OFF-SU-10000432,Office Supplies,Supplies,Acco Side-Punched Conventional Columnar Pads,16.656000000000002,6,0.2,-3.123000000000002
5553,US-2011-159618,2013-11-12,2013-11-16,Standard Class,DB-12970,Darren Budd,Corporate,United States,Houston,Texas,77036,Central,TEC-AC-10003832,Technology,Accessories,Imation 16GB Mini TravelDrive USB 2.0 Flash Drive,79.51200000000001,3,0.2,20.8719
5554,US-2011-159618,2013-11-12,2013-11-16,Standard Class,DB-12970,Darren Budd,Corporate,United States,Houston,Texas,77036,Central,OFF-PA-10004100,Office Supplies,Paper,Xerox 216,36.28800000000001,7,0.2,12.700800000000001
5555,US-2011-159618,2013-11-12,2013-11-16,Standard Class,DB-12970,Darren Budd,Corporate,United States,Houston,Texas,77036,Central,FUR-BO-10004467,Furniture,Bookcases,Bestar Classic Bookcase,67.99319999999999,1,0.32,-12.998700000000007
9904,CA-2011-122609,2013-11-12,2013-11-18,Standard Class,DP-13000,Darren Powers,Consumer,United States,Carrollton,Texas,75007,Central,FUR-FU-10004587,Furniture,Furnishings,"GE General Use Halogen Bulbs, 100 Watts, 1 Bulb per Pack",25.128000000000004,3,0.6,-6.9102
9905,CA-2011-122609,2013-11-12,2013-11-18,Standard Class,DP-13000,Darren Powers,Consumer,United States,Carrollton,Texas,75007,Central,TEC-AC-10002567,Technology,Accessories,Logitech G602 Wireless Gaming Mouse,127.984,2,0.2,25.596799999999998
2301,CA-2011-162362,2013-11-14,2013-11-18,Standard Class,JL-15505,Jeremy Lonsdale,Consumer,United States,Midland,Michigan,48640,Central,OFF-BI-10000756,Office Supplies,Binders,Storex DuraTech Recycled Plastic Frosted Binders,12.72,3,0.0,6.36
2302,CA-2011-162362,2013-11-14,2013-11-18,Standard Class,JL-15505,Jeremy Lonsdale,Consumer,United States,Midland,Michigan,48640,Central,OFF-BI-10000546,Office Supplies,Binders,Avery Durable Binders,11.52,4,0.0,5.6448
3261,CA-2011-151554,2013-11-14,2013-11-15,First Class,CM-11815,Candace McMahon,Corporate,United States,Pasadena,Texas,77506,Central,OFF-PA-10004609,Office Supplies,Paper,Xerox 221,20.736000000000004,4,0.2,7.2576
2517,CA-2011-128888,2013-11-15,2013-11-22,Standard Class,PB-19105,Peter Bühler,Consumer,United States,Houston,Texas,77095,Central,OFF-EN-10003001,Office Supplies,Envelopes,Ames Color-File Green Diamond Border X-ray Mailers,604.6560000000001,9,0.2,204.07139999999995
3781,CA-2011-149643,2013-11-16,2013-11-20,Standard Class,RH-19510,Rick Huthwaite,Home Office,United States,Manhattan,Kansas,66502,Central,TEC-PH-10000038,Technology,Phones,Jawbone MINI JAMBOX Wireless Bluetooth Speaker,273.96,2,0.0,10.958399999999983
4445,US-2011-147704,2013-11-16,2013-11-21,Standard Class,SR-20740,Steven Roelle,Home Office,United States,Bloomington,Indiana,47401,Central,OFF-EN-10004483,Office Supplies,Envelopes,"#10 White Business Envelopes,4 1/8 x 9 1/2",78.35,5,0.0,36.82449999999999
4446,US-2011-147704,2013-11-16,2013-11-21,Standard Class,SR-20740,Steven Roelle,Home Office,United States,Bloomington,Indiana,47401,Central,OFF-PA-10003270,Office Supplies,Paper,Xerox 1954,31.68,6,0.0,14.256
4447,US-2011-147704,2013-11-16,2013-11-21,Standard Class,SR-20740,Steven Roelle,Home Office,United States,Bloomington,Indiana,47401,Central,OFF-BI-10001634,Office Supplies,Binders,Wilson Jones Active Use Binders,29.12,4,0.0,14.2688
4448,US-2011-147704,2013-11-16,2013-11-21,Standard Class,SR-20740,Steven Roelle,Home Office,United States,Bloomington,Indiana,47401,Central,OFF-ST-10000675,Office Supplies,Storage,"File Shuttle II and Handi-File, Black",169.45,5,0.0,42.3625
5304,US-2011-139500,2013-11-16,2013-11-20,Standard Class,AB-10165,Alan Barnes,Consumer,United States,Decatur,Illinois,62521,Central,FUR-CH-10002017,Furniture,Chairs,SAFCO Optional Arm Kit for Workspace Cribbage Stacking Chair,37.296,2,0.3,-1.0656000000000017
2093,CA-2011-145926,2013-11-17,2013-11-21,Standard Class,MP-17470,Mark Packer,Home Office,United States,Moorhead,Minnesota,56560,Central,FUR-CH-10004289,Furniture,Chairs,Global Super Steno Chair,479.90000000000003,5,0.0,81.58299999999997
6023,CA-2011-130869,2013-11-17,2013-11-21,Standard Class,CB-12025,Cassandra Brandow,Consumer,United States,Cedar Hill,Texas,75104,Central,OFF-EN-10002600,Office Supplies,Envelopes,"Redi-Strip #10 Envelopes, 4 1/8 x 9 1/2",7.080000000000001,3,0.2,2.477999999999999
4131,CA-2011-115336,2013-11-18,2013-11-25,Standard Class,AB-10600,Ann Blume,Corporate,United States,Chicago,Illinois,60623,Central,OFF-BI-10001107,Office Supplies,Binders,"GBC White Gloss Covers, Plain Front",14.479999999999997,5,0.8,-23.89200000000001
7299,CA-2011-163468,2013-11-18,2013-11-21,First Class,JK-15730,Joe Kamberova,Consumer,United States,Des Plaines,Illinois,60016,Central,FUR-TA-10002533,Furniture,Tables,BPI Conference Tables,292.1,4,0.5,-175.26000000000005
7300,CA-2011-163468,2013-11-18,2013-11-21,First Class,JK-15730,Joe Kamberova,Consumer,United States,Des Plaines,Illinois,60016,Central,FUR-FU-10001546,Furniture,Furnishings,Dana Swing-Arm Lamps,8.544,2,0.6,-7.475999999999999
7301,CA-2011-163468,2013-11-18,2013-11-21,First Class,JK-15730,Joe Kamberova,Consumer,United States,Des Plaines,Illinois,60016,Central,FUR-BO-10003546,Furniture,Bookcases,Hon 4-Shelf Metal Bookcases,424.116,6,0.3,-30.293999999999983
7302,CA-2011-163468,2013-11-18,2013-11-21,First Class,JK-15730,Joe Kamberova,Consumer,United States,Des Plaines,Illinois,60016,Central,OFF-BI-10004728,Office Supplies,Binders,Wilson Jones Turn Tabs Binder Tool for Ring Binders,2.8919999999999995,3,0.8,-4.916400000000001
7303,CA-2011-163468,2013-11-18,2013-11-21,First Class,JK-15730,Joe Kamberova,Consumer,United States,Des Plaines,Illinois,60016,Central,OFF-ST-10000025,Office Supplies,Storage,Fellowes Stor/Drawer Steel Plus Storage Drawers,381.72,5,0.2,-66.80100000000004
8844,CA-2011-141173,2013-11-18,2013-11-20,Second Class,JC-16105,Julie Creighton,Corporate,United States,Minneapolis,Minnesota,55407,Central,OFF-ST-10000885,Office Supplies,Storage,Fellowes Desktop Hanging File Manager,67.15,5,0.0,16.7875
9285,CA-2011-161032,2013-11-18,2013-11-23,Standard Class,MK-17905,Michael Kennedy,Corporate,United States,Franklin,Wisconsin,53132,Central,FUR-CH-10001482,Furniture,Chairs,Office Star - Mesh Screen back chair with Vinyl seat,392.93999999999994,3,0.0,43.223399999999984
9648,CA-2011-150518,2013-11-19,2013-11-24,Standard Class,MW-18220,Mitch Webber,Consumer,United States,Coon Rapids,Minnesota,55433,Central,OFF-ST-10000877,Office Supplies,Storage,Recycled Steel Personal File for Standard File Folders,221.16,4,0.0,57.501599999999996
9649,CA-2011-150518,2013-11-19,2013-11-24,Standard Class,MW-18220,Mitch Webber,Consumer,United States,Coon Rapids,Minnesota,55433,Central,TEC-PH-10002103,Technology,Phones,Jabra SPEAK 410,281.96999999999997,3,0.0,78.9516
5343,US-2011-168501,2013-11-21,2013-11-27,Standard Class,JK-15325,Jason Klamczynski,Corporate,United States,Dallas,Texas,75220,Central,OFF-EN-10001509,Office Supplies,Envelopes,Poly String Tie Envelopes,1.6320000000000001,1,0.2,0.5507999999999998
5344,US-2011-168501,2013-11-21,2013-11-27,Standard Class,JK-15325,Jason Klamczynski,Corporate,United States,Dallas,Texas,75220,Central,TEC-PH-10004922,Technology,Phones,RCA Visys Integrated PBX 8-Line Router,267.96,5,0.2,16.747500000000016
3394,CA-2011-105340,2013-11-22,2013-11-25,First Class,EH-14185,Evan Henry,Consumer,United States,Pasadena,Texas,77506,Central,OFF-BI-10001765,Office Supplies,Binders,Wilson Jones Heavy-Duty Casebound Ring Binders with Metal Hinges,6.927999999999998,1,0.8,-11.084800000000005
3895,US-2011-112200,2013-11-22,2013-11-28,Standard Class,TC-21475,Tony Chapman,Home Office,United States,Bolingbrook,Illinois,60440,Central,OFF-BI-10002571,Office Supplies,Binders,"Avery Framed View Binder, EZD Ring (Locking), Navy, 1 1/2""",9.979999999999997,5,0.8,-16.467000000000002
2084,CA-2011-110352,2013-11-23,2013-11-29,Standard Class,ED-13885,Emily Ducich,Home Office,United States,Houston,Texas,77036,Central,OFF-LA-10003923,Office Supplies,Labels,Alphabetical Labels for Top Tab Filing,23.680000000000003,2,0.2,8.879999999999999
3708,CA-2011-120544,2013-11-23,2013-11-27,Standard Class,SS-20140,Saphhira Shifley,Corporate,United States,Mesquite,Texas,75150,Central,FUR-FU-10001940,Furniture,Furnishings,Staple-based wall hangings,6.368,2,0.6,-2.5471999999999984
3709,CA-2011-120544,2013-11-23,2013-11-27,Standard Class,SS-20140,Saphhira Shifley,Corporate,United States,Mesquite,Texas,75150,Central,OFF-AP-10004336,Office Supplies,Appliances,"Conquest 14 Commercial Heavy-Duty Upright Vacuum, Collection System, Accessory Kit",34.175999999999995,3,0.8,-87.14880000000002
3710,CA-2011-120544,2013-11-23,2013-11-27,Standard Class,SS-20140,Saphhira Shifley,Corporate,United States,Mesquite,Texas,75150,Central,TEC-AC-10003709,Technology,Accessories,Maxell 4.7GB DVD-R 5/Pack,5.5440000000000005,7,0.2,1.6632000000000007
7266,US-2011-143721,2013-11-23,2013-11-26,Second Class,DK-12835,Damala Kotsonis,Corporate,United States,Houston,Texas,77095,Central,FUR-CH-10001973,Furniture,Chairs,Office Star Flex Back Scooter Chair with White Frame,155.37199999999999,2,0.3,-35.5136
9628,CA-2011-139283,2013-11-23,2013-11-27,Standard Class,BT-11440,Bobby Trafton,Consumer,United States,Detroit,Michigan,48227,Central,OFF-BI-10002049,Office Supplies,Binders,UniKeep View Case Binders,14.669999999999998,3,0.0,6.748199999999999
2152,CA-2011-167360,2013-11-24,2013-11-29,Second Class,RB-19435,Richard Bierner,Consumer,United States,Saint Louis,Missouri,63116,Central,TEC-AC-10001772,Technology,Accessories,Memorex Mini Travel Drive 16 GB USB 2.0 Flash Drive,111.79,7,0.0,43.5981
4058,CA-2011-163034,2013-11-24,2013-11-28,Standard Class,DK-12985,Darren Koutras,Consumer,United States,Chicago,Illinois,60610,Central,OFF-ST-10000046,Office Supplies,Storage,Fellowes Super Stor/Drawer Files,646.2,5,0.2,-8.077499999999986
6315,CA-2011-100762,2013-11-24,2013-11-29,Standard Class,NG-18355,Nat Gilpin,Corporate,United States,Jackson,Michigan,49201,Central,OFF-AR-10000380,Office Supplies,Art,"Hunt PowerHouse Electric Pencil Sharpener, Blue",151.92,4,0.0,45.57599999999998
6316,CA-2011-100762,2013-11-24,2013-11-29,Standard Class,NG-18355,Nat Gilpin,Corporate,United States,Jackson,Michigan,49201,Central,OFF-LA-10003930,Office Supplies,Labels,"Dot Matrix Printer Tape Reel Labels, White, 5000/Box",196.62,2,0.0,96.3438
6317,CA-2011-100762,2013-11-24,2013-11-29,Standard Class,NG-18355,Nat Gilpin,Corporate,United States,Jackson,Michigan,49201,Central,OFF-PA-10001815,Office Supplies,Paper,Xerox 1885,144.12,3,0.0,69.17759999999998
6318,CA-2011-100762,2013-11-24,2013-11-29,Standard Class,NG-18355,Nat Gilpin,Corporate,United States,Jackson,Michigan,49201,Central,OFF-PA-10004082,Office Supplies,Paper,"Adams Telephone Message Book w/Frequently-Called Numbers Space, 400 Messages per Book",15.96,2,0.0,7.98
2608,CA-2011-127446,2013-11-25,2013-11-30,Standard Class,MC-17590,Matt Collister,Corporate,United States,Arlington,Texas,76017,Central,TEC-AC-10001635,Technology,Accessories,KeyTronic KT400U2 - Keyboard - Black,24.672,3,0.2,0.0
2609,CA-2011-127446,2013-11-25,2013-11-30,Standard Class,MC-17590,Matt Collister,Corporate,United States,Arlington,Texas,76017,Central,OFF-LA-10001317,Office Supplies,Labels,Avery 520,2.52,1,0.2,0.882
2610,CA-2011-127446,2013-11-25,2013-11-30,Standard Class,MC-17590,Matt Collister,Corporate,United States,Arlington,Texas,76017,Central,FUR-TA-10000577,Furniture,Tables,Bretford CR4500 Series Slim Rectangular Table,1218.7349999999997,5,0.3,-121.87349999999992
2611,CA-2011-127446,2013-11-25,2013-11-30,Standard Class,MC-17590,Matt Collister,Corporate,United States,Arlington,Texas,76017,Central,OFF-LA-10000248,Office Supplies,Labels,Avery 52,5.904,2,0.2,1.9926
2612,CA-2011-127446,2013-11-25,2013-11-30,Standard Class,MC-17590,Matt Collister,Corporate,United States,Arlington,Texas,76017,Central,OFF-PA-10000955,Office Supplies,Paper,Southworth 25% Cotton Granite Paper & Envelopes,15.696000000000002,3,0.2,5.1011999999999995
2613,CA-2011-127446,2013-11-25,2013-11-30,Standard Class,MC-17590,Matt Collister,Corporate,United States,Arlington,Texas,76017,Central,FUR-FU-10000221,Furniture,Furnishings,"Master Caster Door Stop, Brown",6.096,3,0.6,-3.9624000000000006
79,US-2011-147606,2013-11-26,2013-12-01,Second Class,JE-15745,Joel Eaton,Consumer,United States,Houston,Texas,77070,Central,FUR-FU-10003194,Furniture,Furnishings,"Eldon Expressions Desk Accessory, Wood Pencil Holder, Oak",19.3,5,0.6,-14.475000000000001
8573,CA-2011-121629,2013-11-28,2013-12-02,Standard Class,BT-11680,Brian Thompson,Consumer,United States,Houston,Texas,77041,Central,TEC-MA-10004679,Technology,Machines,StarTech.com 10/100 VDSL2 Ethernet Extender Kit,998.8499999999999,5,0.4,-199.7700000000001
9677,US-2011-120145,2013-11-28,2013-12-03,Standard Class,MC-17635,Matthew Clasen,Corporate,United States,Richmond,Indiana,47374,Central,OFF-EN-10003862,Office Supplies,Envelopes,Laser & Ink Jet Business Envelopes,64.02,6,0.0,29.449199999999998
1643,US-2011-134712,2013-11-29,2013-12-04,Standard Class,BS-11380,Bill Stewart,Corporate,United States,Skokie,Illinois,60076,Central,OFF-FA-10003112,Office Supplies,Fasteners,Staples,12.624,2,0.2,3.944999999999999
1792,CA-2011-120474,2013-12-01,2013-12-03,First Class,RP-19390,Resi Pölking,Consumer,United States,Madison,Wisconsin,53711,Central,FUR-CH-10001854,Furniture,Chairs,Office Star - Professional Matrix Back Chair with 2-to-1 Synchro Tilt and Mesh Fabric Seat,2807.84,8,0.0,673.8816000000002
1793,CA-2011-120474,2013-12-01,2013-12-03,First Class,RP-19390,Resi Pölking,Consumer,United States,Madison,Wisconsin,53711,Central,OFF-AR-10000475,Office Supplies,Art,"Hunt BOSTON Vista Battery-Operated Pencil Sharpener, Black",46.64,4,0.0,12.592800000000004
4905,US-2011-161613,2013-12-01,2013-12-03,Second Class,MC-17605,Matt Connell,Corporate,United States,Houston,Texas,77070,Central,FUR-CH-10003746,Furniture,Chairs,Hon 4070 Series Pagoda Round Back Stacking Chairs,674.058,3,0.3,-19.258800000000008
2788,US-2011-117744,2013-12-02,2013-12-06,Standard Class,MD-17860,Michael Dominguez,Corporate,United States,Corpus Christi,Texas,78415,Central,FUR-FU-10001588,Furniture,Furnishings,"Deflect-o SuperTray Unbreakable Stackable Tray, Letter, Black",58.36,5,0.6,-24.802999999999997
2789,US-2011-117744,2013-12-02,2013-12-06,Standard Class,MD-17860,Michael Dominguez,Corporate,United States,Corpus Christi,Texas,78415,Central,OFF-AR-10000940,Office Supplies,Art,Newell 343,16.464,7,0.2,1.4406000000000008
2790,US-2011-117744,2013-12-02,2013-12-06,Standard Class,MD-17860,Michael Dominguez,Corporate,United States,Corpus Christi,Texas,78415,Central,FUR-FU-10002759,Furniture,Furnishings,12-1/2 Diameter Round Wall Clock,39.96000000000001,5,0.6,-23.976
6252,CA-2011-101147,2013-12-02,2013-12-04,First Class,MC-17575,Matt Collins,Consumer,United States,Chicago,Illinois,60623,Central,OFF-AP-10004249,Office Supplies,Appliances,Staple holder,2.3939999999999997,1,0.8,-6.344100000000001
1983,CA-2011-122749,2013-12-03,2013-12-09,Standard Class,NG-18430,Nathan Gelder,Consumer,United States,Oklahoma City,Oklahoma,73120,Central,TEC-PH-10003811,Technology,Phones,Jabra Supreme Plus Driver Edition Headset,479.96,4,0.0,134.3888
2623,CA-2011-164861,2013-12-03,2013-12-06,Second Class,MC-17635,Matthew Clasen,Corporate,United States,Saint Louis,Missouri,63116,Central,OFF-PA-10001972,Office Supplies,Paper,Xerox 214,25.92,4,0.0,12.441600000000001
181,CA-2011-166191,2013-12-05,2013-12-09,Second Class,DK-13150,David Kendrick,Corporate,United States,Decatur,Illinois,62521,Central,OFF-ST-10003455,Office Supplies,Storage,"Tenex File Box, Personal Filing Tote with Lid, Black",24.816000000000003,2,0.2,1.8612000000000002
182,CA-2011-166191,2013-12-05,2013-12-09,Second Class,DK-13150,David Kendrick,Corporate,United States,Decatur,Illinois,62521,Central,TEC-AC-10004659,Technology,Accessories,Imation Secure+ Hardware Encrypted USB 2.0 Flash Drive; 16GB,408.74399999999997,7,0.2,76.63949999999998
2720,CA-2011-110030,2013-12-06,2013-12-08,Second Class,LF-17185,Luke Foster,Consumer,United States,Houston,Texas,77095,Central,FUR-FU-10002759,Furniture,Furnishings,12-1/2 Diameter Round Wall Clock,23.976000000000003,3,0.6,-14.385599999999997
5094,US-2011-140452,2013-12-06,2013-12-10,Standard Class,BK-11260,Berenike Kampe,Consumer,United States,Chicago,Illinois,60610,Central,OFF-AP-10004036,Office Supplies,Appliances,Bionaire 99.97% HEPA Air Cleaner,14.015999999999996,4,0.8,-31.536
5095,US-2011-140452,2013-12-06,2013-12-10,Standard Class,BK-11260,Berenike Kampe,Consumer,United States,Chicago,Illinois,60610,Central,FUR-TA-10004086,Furniture,Tables,KI Adjustable-Height Table,214.95000000000002,5,0.5,-120.37200000000003
5096,US-2011-140452,2013-12-06,2013-12-10,Standard Class,BK-11260,Berenike Kampe,Consumer,United States,Chicago,Illinois,60610,Central,TEC-PH-10000307,Technology,Phones,Shocksock Galaxy S4 Armband,35.04,4,0.2,-7.0080000000000044
5097,US-2011-140452,2013-12-06,2013-12-10,Standard Class,BK-11260,Berenike Kampe,Consumer,United States,Chicago,Illinois,60610,Central,FUR-FU-10002088,Furniture,Furnishings,Nu-Dell Float Frame 11 x 14 1/2,10.776000000000002,3,0.6,-4.8492
5098,US-2011-140452,2013-12-06,2013-12-10,Standard Class,BK-11260,Berenike Kampe,Consumer,United States,Chicago,Illinois,60610,Central,OFF-BI-10004965,Office Supplies,Binders,Ibico Covers for Plastic or Wire Binding Elements,4.599999999999999,2,0.8,-8.050000000000002
5099,US-2011-140452,2013-12-06,2013-12-10,Standard Class,BK-11260,Berenike Kampe,Consumer,United States,Chicago,Illinois,60610,Central,OFF-ST-10002485,Office Supplies,Storage,Rogers Deluxe File Chest,35.168,2,0.2,-8.352400000000001
1794,CA-2011-104773,2013-12-08,2013-12-13,Standard Class,TB-21175,Thomas Boland,Corporate,United States,Houston,Texas,77041,Central,OFF-ST-10000777,Office Supplies,Storage,"Companion Letter/Legal File, Black",60.416,2,0.2,6.0416000000000025
7443,CA-2011-109932,2013-12-09,2013-12-11,First Class,VP-21760,Victoria Pisteka,Corporate,United States,Brownsville,Texas,78521,Central,OFF-PA-10001804,Office Supplies,Paper,Xerox 195,10.688,2,0.2,3.7407999999999997
7444,CA-2011-109932,2013-12-09,2013-12-11,First Class,VP-21760,Victoria Pisteka,Corporate,United States,Brownsville,Texas,78521,Central,OFF-ST-10000036,Office Supplies,Storage,"Recycled Data-Pak for Archival Bound Computer Printouts, 12-1/2 x 12-1/2 x 16",237.09600000000003,3,0.2,20.745899999999985
7852,CA-2011-169649,2013-12-09,2013-12-15,Standard Class,TS-21205,Thomas Seio,Corporate,United States,Chicago,Illinois,60653,Central,OFF-PA-10000143,Office Supplies,Paper,Astroparche Fine Business Paper,8.448,2,0.2,2.9568000000000003
7853,CA-2011-169649,2013-12-09,2013-12-15,Standard Class,TS-21205,Thomas Seio,Corporate,United States,Chicago,Illinois,60653,Central,OFF-AP-10003287,Office Supplies,Appliances,Tripp Lite TLP810NET Broadband Surge for Modem/Fax,20.387999999999995,2,0.8,-53.00880000000001
3142,US-2011-122959,2013-12-12,2013-12-12,Same Day,CY-12745,Craig Yedwab,Corporate,United States,San Antonio,Texas,78207,Central,OFF-BI-10003650,Office Supplies,Binders,GBC DocuBind 300 Electric Binding Machine,210.39199999999997,2,0.8,-336.62720000000013
3592,CA-2011-154186,2013-12-13,2013-12-15,Second Class,RA-19285,Ralph Arnett,Consumer,United States,Houston,Texas,77070,Central,OFF-SU-10001574,Office Supplies,Supplies,Acme Value Line Scissors,2.92,1,0.2,0.36499999999999977
4226,US-2011-102631,2013-12-13,2013-12-17,Standard Class,EB-13840,Ellis Ballard,Corporate,United States,Chicago,Illinois,60623,Central,FUR-FU-10003930,Furniture,Furnishings,Howard Miller 12-3/4 Diameter Accuwave DS  Wall Clock,94.428,3,0.6,-42.49259999999998
1973,CA-2011-148950,2013-12-14,2013-12-19,Standard Class,JD-16015,Joy Daniels,Consumer,United States,Chicago,Illinois,60610,Central,OFF-BI-10001249,Office Supplies,Binders,Avery Heavy-Duty EZD View Binder with Locking Rings,5.103999999999999,4,0.8,-8.676800000000002
1974,CA-2011-148950,2013-12-14,2013-12-19,Standard Class,JD-16015,Joy Daniels,Consumer,United States,Chicago,Illinois,60610,Central,OFF-FA-10003059,Office Supplies,Fasteners,Assorted Color Push Pins,2.8960000000000004,2,0.2,0.4705999999999998
1975,CA-2011-148950,2013-12-14,2013-12-19,Standard Class,JD-16015,Joy Daniels,Consumer,United States,Chicago,Illinois,60610,Central,TEC-AC-10002718,Technology,Accessories,Belkin Standard 104 key USB Keyboard,35.016000000000005,3,0.2,-2.188500000000003
9512,CA-2011-130575,2013-12-14,2013-12-16,First Class,CS-11845,Cari Sayre,Corporate,United States,Chicago,Illinois,60623,Central,OFF-BI-10002353,Office Supplies,Binders,GBC VeloBind Cover Sets,9.263999999999998,3,0.8,-13.895999999999997
1575,CA-2011-101602,2013-12-15,2013-12-18,First Class,MC-18100,Mick Crebagga,Consumer,United States,El Paso,Texas,79907,Central,TEC-PH-10000169,Technology,Phones,ARKON Windshield Dashboard Air Vent Car Mount Holder,40.68,3,0.2,-9.153000000000004
1576,CA-2011-101602,2013-12-15,2013-12-18,First Class,MC-18100,Mick Crebagga,Consumer,United States,El Paso,Texas,79907,Central,FUR-CH-10004675,Furniture,Chairs,"Lifetime Advantage Folding Chairs, 4/Carton",763.28,5,0.3,-21.807999999999993
7007,CA-2011-119466,2013-12-15,2013-12-21,Standard Class,SP-20860,Sung Pak,Corporate,United States,Chicago,Illinois,60623,Central,FUR-FU-10001546,Furniture,Furnishings,Dana Swing-Arm Lamps,8.544,2,0.6,-7.475999999999999
4713,CA-2011-108273,2013-12-16,2013-12-21,Standard Class,EJ-13720,Ed Jacobs,Consumer,United States,Huntsville,Texas,77340,Central,OFF-PA-10000029,Office Supplies,Paper,Xerox 224,36.28800000000001,7,0.2,12.700800000000001
4714,CA-2011-108273,2013-12-16,2013-12-21,Standard Class,EJ-13720,Ed Jacobs,Consumer,United States,Huntsville,Texas,77340,Central,FUR-FU-10002116,Furniture,Furnishings,"Tenex Carpeted, Granite-Look or Clear Contemporary Contour Shape Chair Mats",56.568,2,0.6,-74.9526
4886,CA-2011-151379,2013-12-16,2013-12-20,Standard Class,SC-20695,Steve Chapman,Corporate,United States,Detroit,Michigan,48227,Central,OFF-PA-10000595,Office Supplies,Paper,Xerox 1929,114.2,5,0.0,52.532
9831,CA-2011-113257,2013-12-16,2013-12-18,Second Class,SC-20305,Sean Christensen,Consumer,United States,Beaumont,Texas,77705,Central,TEC-AC-10004171,Technology,Accessories,Razer Kraken 7.1 Surround Sound Over Ear USB Gaming Headset,319.968,4,0.2,95.99040000000001
9832,CA-2011-113257,2013-12-16,2013-12-18,Second Class,SC-20305,Sean Christensen,Consumer,United States,Beaumont,Texas,77705,Central,FUR-FU-10001706,Furniture,Furnishings,Longer-Life Soft White Bulbs,8.624000000000002,7,0.6,-2.587200000000001
9522,CA-2011-169446,2013-12-19,2013-12-25,Standard Class,SG-20605,Speros Goranitis,Consumer,United States,Chicago,Illinois,60623,Central,TEC-PH-10002817,Technology,Phones,RCA ViSYS 25425RE1 Corded phone,323.97600000000006,3,0.2,36.44729999999997
9523,CA-2011-169446,2013-12-19,2013-12-25,Standard Class,SG-20605,Speros Goranitis,Consumer,United States,Chicago,Illinois,60623,Central,OFF-PA-10000295,Office Supplies,Paper,Xerox 229,15.552000000000003,3,0.2,5.4432
9524,CA-2011-169446,2013-12-19,2013-12-25,Standard Class,SG-20605,Speros Goranitis,Consumer,United States,Chicago,Illinois,60623,Central,OFF-ST-10000419,Office Supplies,Storage,"Rogers Jumbo File, Granite",32.592,3,0.2,-7.740600000000001
4283,CA-2011-103100,2013-12-20,2013-12-23,First Class,AB-10105,Adrian Barton,Consumer,United States,Indianapolis,Indiana,46203,Central,OFF-LA-10003720,Office Supplies,Labels,Avery 487,3.69,1,0.0,1.7343
4284,CA-2011-103100,2013-12-20,2013-12-23,First Class,AB-10105,Adrian Barton,Consumer,United States,Indianapolis,Indiana,46203,Central,OFF-BI-10004600,Office Supplies,Binders,Ibico Ibimaster 300 Manual Binding System,1103.97,3,0.0,496.78649999999993
6107,CA-2011-120852,2013-12-20,2013-12-25,Standard Class,WB-21850,William Brown,Consumer,United States,Grand Prairie,Texas,75051,Central,OFF-AP-10001563,Office Supplies,Appliances,Belkin Premiere Surge Master II 8-outlet surge protector,19.431999999999995,2,0.8,-49.55160000000002
6108,CA-2011-120852,2013-12-20,2013-12-25,Standard Class,WB-21850,William Brown,Consumer,United States,Grand Prairie,Texas,75051,Central,TEC-AC-10004510,Technology,Accessories,Logitech Desktop MK120 Mouse and keyboard Combo,65.44,5,0.2,-8.180000000000003
6915,CA-2011-142510,2013-12-22,2013-12-29,Standard Class,NP-18700,Nora Preis,Consumer,United States,Chicago,Illinois,60623,Central,OFF-ST-10000585,Office Supplies,Storage,Economy Rollaway Files,132.16,1,0.2,9.911999999999999
6916,CA-2011-142510,2013-12-22,2013-12-29,Standard Class,NP-18700,Nora Preis,Consumer,United States,Chicago,Illinois,60623,Central,OFF-BI-10002824,Office Supplies,Binders,Recycled Easel Ring Binders,17.903999999999996,6,0.8,-31.332000000000008
6917,CA-2011-142510,2013-12-22,2013-12-29,Standard Class,NP-18700,Nora Preis,Consumer,United States,Chicago,Illinois,60623,Central,OFF-PA-10001289,Office Supplies,Paper,White Computer Printout Paper by Universal,124.032,4,0.2,44.961600000000004
3213,CA-2011-142314,2013-12-23,2013-12-28,Standard Class,SF-20200,Sarah Foster,Consumer,United States,Richmond,Indiana,47374,Central,OFF-AP-10002350,Office Supplies,Appliances,Belkin F9H710-06 7 Outlet SurgeMaster Surge Protector,207.24,11,0.0,58.0272
7005,CA-2011-126333,2013-12-23,2013-12-28,Standard Class,ME-18010,Michelle Ellison,Corporate,United States,Port Arthur,Texas,77642,Central,OFF-PA-10000223,Office Supplies,Paper,Xerox 2000,5.184000000000001,1,0.2,1.8144
125,US-2011-152030,2013-12-26,2013-12-28,Second Class,AD-10180,Alan Dominguez,Home Office,United States,Houston,Texas,77041,Central,FUR-CH-10004063,Furniture,Chairs,Global Deluxe High-Back Manager's Chair,600.558,3,0.3,-8.579400000000078
622,US-2011-111171,2013-12-26,2013-12-31,Standard Class,CA-12265,Christina Anderson,Consumer,United States,Chicago,Illinois,60610,Central,OFF-BI-10002103,Office Supplies,Binders,"Cardinal Slant-D Ring Binder, Heavy Gauge Vinyl",8.689999999999998,5,0.8,-14.773
2967,CA-2011-162866,2013-12-27,2013-12-31,Standard Class,Co-12640,Corey-Lock,Consumer,United States,Skokie,Illinois,60076,Central,FUR-FU-10001473,Furniture,Furnishings,DAX Wood Document Frame,32.952000000000005,6,0.6,-19.771199999999997
2968,CA-2011-162866,2013-12-27,2013-12-31,Standard Class,Co-12640,Corey-Lock,Consumer,United States,Skokie,Illinois,60076,Central,OFF-ST-10002562,Office Supplies,Storage,Staple magnet,30.016000000000005,4,0.2,3.0016
8372,CA-2011-165393,2013-12-27,2013-12-30,First Class,NC-18415,Nathan Cano,Consumer,United States,Fort Worth,Texas,76106,Central,OFF-BI-10001658,Office Supplies,Binders,GBC Standard Therm-A-Bind Covers,4.983999999999999,1,0.8,-8.472800000000003
757,CA-2011-106803,2013-12-29,2014-01-02,Standard Class,DC-13285,Debra Catini,Consumer,United States,Cottage Grove,Minnesota,55016,Central,OFF-ST-10002444,Office Supplies,Storage,Recycled Eldon Regeneration Jumbo File,24.56,2,0.0,6.876799999999999
758,CA-2011-106803,2013-12-29,2014-01-02,Standard Class,DC-13285,Debra Catini,Consumer,United States,Cottage Grove,Minnesota,55016,Central,TEC-AC-10001267,Technology,Accessories,Imation 32GB Pocket Pro USB 3.0 Flash Drive - 32 GB - Black - 1 P ...,119.8,4,0.0,47.92
5678,CA-2011-126802,2013-12-29,2014-01-05,Standard Class,ZC-21910,Zuschuss Carroll,Consumer,United States,Chicago,Illinois,60610,Central,FUR-FU-10000193,Furniture,Furnishings,Tenex Chairmats For Use with Hard Floors,38.976,3,0.6,-50.66879999999999
7204,CA-2011-118276,2013-12-29,2014-01-02,Standard Class,MG-17890,Michael Granlund,Home Office,United States,Saint Charles,Illinois,60174,Central,FUR-FU-10002111,Furniture,Furnishings,"Master Caster Door Stop, Large Brown",8.736,3,0.6,-4.804800000000002
306,CA-2011-130960,2013-12-30,2014-01-04,Standard Class,KB-16600,Ken Brennan,Corporate,United States,Taylor,Michigan,48180,Central,OFF-AR-10003651,Office Supplies,Art,Newell 350,9.84,3,0.0,2.853599999999999
3305,CA-2011-104738,2013-12-30,2014-01-01,Second Class,SP-20620,Stefania Perrino,Corporate,United States,Laredo,Texas,78041,Central,OFF-EN-10004955,Office Supplies,Envelopes,Fashion Color Clasp Envelopes,12.984000000000002,3,0.2,4.7067
3306,CA-2011-104738,2013-12-30,2014-01-01,Second Class,SP-20620,Stefania Perrino,Corporate,United States,Laredo,Texas,78041,Central,TEC-PH-10002468,Technology,Phones,"Plantronics CS 50-USB - headset - Convertible, Monaural",217.58400000000003,2,0.2,19.03860000000001
3307,CA-2011-104738,2013-12-30,2014-01-01,Second Class,SP-20620,Stefania Perrino,Corporate,United States,Laredo,Texas,78041,Central,TEC-PH-10000576,Technology,Phones,AT&T 1080 Corded phone,328.77600000000007,3,0.2,28.767899999999997
3308,CA-2011-104738,2013-12-30,2014-01-01,Second Class,SP-20620,Stefania Perrino,Corporate,United States,Laredo,Texas,78041,Central,OFF-BI-10002160,Office Supplies,Binders,Acco Hanging Data Binders,2.2859999999999996,3,0.8,-3.6576000000000004
3309,CA-2011-104738,2013-12-30,2014-01-01,Second Class,SP-20620,Stefania Perrino,Corporate,United States,Laredo,Texas,78041,Central,TEC-AC-10003628,Technology,Accessories,Logitech 910-002974 M325 Wireless Mouse for Web Scrolling,47.984,2,0.2,14.395200000000004
2006,CA-2011-111150,2013-12-31,2014-01-04,Standard Class,RW-19630,Rob Williams,Corporate,United States,Columbia,Missouri,65203,Central,OFF-AR-10000034,Office Supplies,Art,"BIC Brite Liner Grip Highlighters, Assorted, 5/Pack",29.68,7,0.0,11.575199999999999
2007,CA-2011-111150,2013-12-31,2014-01-04,Standard Class,RW-19630,Rob Williams,Corporate,United States,Columbia,Missouri,65203,Central,TEC-AC-10000290,Technology,Accessories,Sabrent 4-Port USB 2.0 Hub,47.53,7,0.0,16.160200000000003
4559,CA-2011-127383,2013-12-31,2014-01-05,Standard Class,CM-11815,Candace McMahon,Corporate,United States,El Paso,Texas,79907,Central,OFF-EN-10004773,Office Supplies,Envelopes,Staple envelope,49.568000000000005,2,0.2,17.968399999999995
3901,CA-2012-121097,2014-01-03,2014-01-08,Standard Class,SF-20965,Sylvia Foulston,Corporate,United States,Baytown,Texas,77520,Central,OFF-PA-10001937,Office Supplies,Paper,Xerox 21,10.368000000000002,2,0.2,3.6288
5054,CA-2012-141243,2014-01-03,2014-01-08,Second Class,AH-10465,Amy Hunt,Consumer,United States,Dallas,Texas,75217,Central,TEC-AC-10003198,Technology,Accessories,Enermax Acrylux Wireless Keyboard,398.40000000000003,5,0.2,84.65999999999998
5055,CA-2012-141243,2014-01-03,2014-01-08,Second Class,AH-10465,Amy Hunt,Consumer,United States,Dallas,Texas,75217,Central,OFF-AR-10001246,Office Supplies,Art,Newell 317,7.055999999999999,3,0.2,0.7937999999999996
5056,CA-2012-141243,2014-01-03,2014-01-08,Second Class,AH-10465,Amy Hunt,Consumer,United States,Dallas,Texas,75217,Central,FUR-BO-10003272,Furniture,Bookcases,O'Sullivan Living Dimensions 5-Shelf Bookcases,1352.3975999999998,9,0.32,-437.5404000000002
5349,CA-2012-149811,2014-01-04,2014-01-10,Standard Class,CS-12250,Chris Selesnick,Corporate,United States,Woodbury,Minnesota,55125,Central,OFF-BI-10003676,Office Supplies,Binders,"GBC Standard Recycled Report Covers, Clear Plastic Sheets",32.339999999999996,3,0.0,15.5232
5350,CA-2012-149811,2014-01-04,2014-01-10,Standard Class,CS-12250,Chris Selesnick,Corporate,United States,Woodbury,Minnesota,55125,Central,OFF-PA-10004082,Office Supplies,Paper,"Adams Telephone Message Book w/Frequently-Called Numbers Space, 400 Messages per Book",39.900000000000006,5,0.0,19.950000000000003
468,US-2012-101399,2014-01-17,2014-01-24,Standard Class,JS-15940,Joni Sundaresam,Home Office,United States,Park Ridge,Illinois,60068,Central,FUR-FU-10002918,Furniture,Furnishings,Eldon ClusterMat Chair Mat with Cordless Antistatic Protection,254.74400000000003,7,0.6,-312.06139999999994
6625,CA-2012-141250,2014-01-19,2014-01-23,Standard Class,PM-18940,Paul MacIntyre,Consumer,United States,Texas City,Texas,77590,Central,FUR-TA-10002855,Furniture,Tables,Bevis Round Conference Table Top & Single Column Base,102.438,1,0.3,-13.170600000000007
6626,CA-2012-141250,2014-01-19,2014-01-23,Standard Class,PM-18940,Paul MacIntyre,Consumer,United States,Texas City,Texas,77590,Central,FUR-CH-10004875,Furniture,Chairs,Harbour Creations 67200 Series Stacking Chairs,199.304,4,0.3,-8.541600000000003
1713,CA-2012-145401,2014-01-30,2014-02-04,Standard Class,JP-15520,Jeremy Pistek,Consumer,United States,Houston,Texas,77070,Central,OFF-PA-10004405,Office Supplies,Paper,Rediform Voice Mail Log Books,14.303999999999998,6,0.2,5.0064
93,CA-2012-149587,2014-01-31,2014-02-05,Second Class,KB-16315,Karl Braun,Consumer,United States,Minneapolis,Minnesota,55407,Central,OFF-PA-10003177,Office Supplies,Paper,Xerox 1999,12.96,2,0.0,6.2208000000000006
94,CA-2012-149587,2014-01-31,2014-02-05,Second Class,KB-16315,Karl Braun,Consumer,United States,Minneapolis,Minnesota,55407,Central,FUR-FU-10003799,Furniture,Furnishings,"Seth Thomas 13 1/2"" Wall Clock",53.34,3,0.0,16.535399999999996
95,CA-2012-149587,2014-01-31,2014-02-05,Second Class,KB-16315,Karl Braun,Consumer,United States,Minneapolis,Minnesota,55407,Central,OFF-BI-10002852,Office Supplies,Binders,Ibico Standard Transparent Covers,32.96,2,0.0,16.1504
808,CA-2012-140921,2014-02-03,2014-02-05,First Class,AA-10375,Allen Armold,Consumer,United States,Omaha,Nebraska,68104,Central,FUR-FU-10003347,Furniture,Furnishings,Coloredge Poster Frame,28.4,2,0.0,11.076
809,CA-2012-140921,2014-02-03,2014-02-05,First Class,AA-10375,Allen Armold,Consumer,United States,Omaha,Nebraska,68104,Central,TEC-AC-10004901,Technology,Accessories,Kensington SlimBlade Notebook Wireless Mouse with Nano Receiver ,149.97,3,0.0,50.9898
8126,CA-2012-137064,2014-02-06,2014-02-13,Standard Class,TS-21655,Trudy Schmidt,Consumer,United States,Houston,Texas,77070,Central,OFF-BI-10002049,Office Supplies,Binders,UniKeep View Case Binders,2.9339999999999993,3,0.8,-4.987800000000002
8127,CA-2012-137064,2014-02-06,2014-02-13,Standard Class,TS-21655,Trudy Schmidt,Consumer,United States,Houston,Texas,77070,Central,TEC-AC-10003499,Technology,Accessories,Memorex Mini Travel Drive 8 GB USB 2.0 Flash Drive,18.528000000000002,2,0.2,4.4004
8128,CA-2012-137064,2014-02-06,2014-02-13,Standard Class,TS-21655,Trudy Schmidt,Consumer,United States,Houston,Texas,77070,Central,OFF-ST-10003470,Office Supplies,Storage,"Tennsco Snap-Together Open Shelving Units, Starter Sets and Add-On Units",670.7520000000001,3,0.2,-125.76600000000005
7612,US-2012-130491,2014-02-08,2014-02-11,First Class,BH-11710,Brosina Hoffman,Consumer,United States,Garden City,Kansas,67846,Central,OFF-PA-10000791,Office Supplies,Paper,"Wirebound Message Books, Four 2 3/4 x 5 Forms per Page, 200 Sets per Book",9.54,2,0.0,4.292999999999999
7613,US-2012-130491,2014-02-08,2014-02-11,First Class,BH-11710,Brosina Hoffman,Consumer,United States,Garden City,Kansas,67846,Central,OFF-FA-10000134,Office Supplies,Fasteners,"Advantus Push Pins, Aluminum Head",5.81,1,0.0,1.8011
7614,US-2012-130491,2014-02-08,2014-02-11,First Class,BH-11710,Brosina Hoffman,Consumer,United States,Garden City,Kansas,67846,Central,OFF-AR-10001149,Office Supplies,Art,"Sanford Colorific Colored Pencils, 12/Box",5.76,2,0.0,1.7279999999999998
212,CA-2012-101007,2014-02-09,2014-02-13,Second Class,MS-17980,Michael Stewart,Corporate,United States,Dallas,Texas,75220,Central,TEC-AC-10001266,Technology,Accessories,Memorex Micro Travel Drive 8 GB,20.8,2,0.2,6.499999999999999
1843,CA-2012-135391,2014-02-09,2014-02-11,Second Class,FA-14230,Frank Atkinson,Corporate,United States,San Antonio,Texas,78207,Central,OFF-LA-10001074,Office Supplies,Labels,Round Specialty Laser Printer Labels,40.096000000000004,4,0.2,13.532399999999996
1844,CA-2012-135391,2014-02-09,2014-02-11,Second Class,FA-14230,Frank Atkinson,Corporate,United States,San Antonio,Texas,78207,Central,FUR-FU-10001986,Furniture,Furnishings,"Dana Fluorescent Magnifying Lamp, White, 36""",40.784,2,0.6,-30.588
7095,US-2012-153374,2014-02-09,2014-02-13,Second Class,JF-15565,Jill Fjeld,Consumer,United States,Decatur,Illinois,62521,Central,TEC-AC-10001908,Technology,Accessories,Logitech Wireless Headset h800,479.952,6,0.2,89.99099999999999
1788,CA-2012-154326,2014-02-15,2014-02-19,Standard Class,RP-19855,Roy Phan,Corporate,United States,Kenosha,Wisconsin,53142,Central,TEC-PH-10001819,Technology,Phones,Innergie mMini Combo Duo USB Travel Charging Kit,134.97,3,0.0,64.78559999999999
1789,CA-2012-154326,2014-02-15,2014-02-19,Standard Class,RP-19855,Roy Phan,Corporate,United States,Kenosha,Wisconsin,53142,Central,TEC-PH-10000560,Technology,Phones,Samsung Galaxy S III - 16GB - pebble blue (T-Mobile),699.98,2,0.0,195.99440000000004
1790,CA-2012-154326,2014-02-15,2014-02-19,Standard Class,RP-19855,Roy Phan,Corporate,United States,Kenosha,Wisconsin,53142,Central,TEC-AC-10004568,Technology,Accessories,Maxell LTO Ultrium - 800 GB,139.95,5,0.0,26.590499999999988
3972,CA-2012-132374,2014-02-22,2014-02-24,Second Class,PS-19045,Penelope Sewall,Home Office,United States,Sterling Heights,Michigan,48310,Central,OFF-AR-10001615,Office Supplies,Art,Newell 34,79.36,4,0.0,20.6336
8781,CA-2012-133585,2014-03-01,2014-03-04,First Class,CM-12715,Craig Molinari,Corporate,United States,Houston,Texas,77070,Central,OFF-AR-10003696,Office Supplies,Art,Panasonic KP-350BK Electric Pencil Sharpener with Auto Stop,55.328,2,0.2,6.224399999999996
8782,CA-2012-133585,2014-03-01,2014-03-04,First Class,CM-12715,Craig Molinari,Corporate,United States,Houston,Texas,77070,Central,FUR-BO-10001811,Furniture,Bookcases,"Atlantic Metals Mobile 5-Shelf Bookcases, Custom Colors",1227.9984,6,0.32,-36.11760000000015
9445,CA-2012-104052,2014-03-01,2014-03-02,First Class,TP-21565,Tracy Poddar,Corporate,United States,Coppell,Texas,75019,Central,TEC-PH-10003215,Technology,Phones,Jackery Bar Premium Fast-charging Portable Charger,95.84,4,0.2,34.742
1128,CA-2012-105970,2014-03-02,2014-03-07,Standard Class,PA-19060,Pete Armstrong,Home Office,United States,Richmond,Indiana,47374,Central,OFF-AR-10003156,Office Supplies,Art,50 Colored Long Pencils,10.16,1,0.0,2.6416000000000004
1129,CA-2012-105970,2014-03-02,2014-03-07,Standard Class,PA-19060,Pete Armstrong,Home Office,United States,Richmond,Indiana,47374,Central,OFF-EN-10001532,Office Supplies,Envelopes,Brown Kraft Recycled Envelopes,101.88,6,0.0,50.94
2284,CA-2012-153108,2014-03-05,2014-03-09,Standard Class,SF-20200,Sarah Foster,Consumer,United States,New Castle,Indiana,47362,Central,TEC-PH-10001552,Technology,Phones,I Need's 3d Hello Kitty Hybrid Silicone Case Cover for HTC One X 4g with 3d Hello Kitty Stylus Pen Green/pink,23.92,2,0.0,6.697600000000001
2285,CA-2012-153108,2014-03-05,2014-03-09,Standard Class,SF-20200,Sarah Foster,Consumer,United States,New Castle,Indiana,47362,Central,OFF-AP-10002222,Office Supplies,Appliances,Staple holder,60.69,7,0.0,16.386300000000002
5329,CA-2012-120320,2014-03-05,2014-03-09,Standard Class,MV-18190,Mike Vittorini,Consumer,United States,Houston,Texas,77036,Central,TEC-PH-10000149,Technology,Phones,Cisco SPA525G2 IP Phone - Wireless,31.92,2,0.2,2.3939999999999984
6446,CA-2012-151785,2014-03-05,2014-03-10,Standard Class,JJ-15445,Jennifer Jackson,Consumer,United States,Chicago,Illinois,60623,Central,OFF-FA-10000611,Office Supplies,Fasteners,Binder Clips by OIC,7.103999999999999,6,0.2,2.4863999999999997
8250,CA-2012-140221,2014-03-05,2014-03-09,Second Class,MS-17365,Maribeth Schnelling,Consumer,United States,Chicago,Illinois,60653,Central,OFF-BI-10002854,Office Supplies,Binders,"Performers Binder/Pad Holder, Black",11.211999999999998,2,0.8,-16.818000000000005
8251,CA-2012-140221,2014-03-05,2014-03-09,Second Class,MS-17365,Maribeth Schnelling,Consumer,United States,Chicago,Illinois,60653,Central,FUR-FU-10000023,Furniture,Furnishings,Eldon Wave Desk Accessories,4.712,2,0.6,-1.8847999999999994
8252,CA-2012-140221,2014-03-05,2014-03-09,Second Class,MS-17365,Maribeth Schnelling,Consumer,United States,Chicago,Illinois,60653,Central,OFF-AP-10000828,Office Supplies,Appliances,Avanti 4.4 Cu. Ft. Refrigerator,180.97999999999996,5,0.8,-470.548
8253,CA-2012-140221,2014-03-05,2014-03-09,Second Class,MS-17365,Maribeth Schnelling,Consumer,United States,Chicago,Illinois,60653,Central,OFF-ST-10000777,Office Supplies,Storage,"Companion Letter/Legal File, Black",60.416,2,0.2,6.0416000000000025
3995,CA-2012-105627,2014-03-08,2014-03-12,Standard Class,DK-12895,Dana Kaydos,Consumer,United States,Kenosha,Wisconsin,53142,Central,FUR-BO-10002916,Furniture,Bookcases,"Rush Hierlooms Collection 1"" Thick Stackable Bookcases",512.9399999999999,3,0.0,97.45859999999999
3996,CA-2012-105627,2014-03-08,2014-03-12,Standard Class,DK-12895,Dana Kaydos,Consumer,United States,Kenosha,Wisconsin,53142,Central,FUR-CH-10002084,Furniture,Chairs,Hon Mobius Operator's Chair,860.93,7,0.0,189.40460000000002
3997,CA-2012-105627,2014-03-08,2014-03-12,Standard Class,DK-12895,Dana Kaydos,Consumer,United States,Kenosha,Wisconsin,53142,Central,TEC-PH-10003012,Technology,Phones,Nortel Meridian M3904 Professional Digital phone,769.95,5,0.0,223.28549999999993
3998,CA-2012-105627,2014-03-08,2014-03-12,Standard Class,DK-12895,Dana Kaydos,Consumer,United States,Kenosha,Wisconsin,53142,Central,OFF-AR-10002704,Office Supplies,Art,Boston 1900 Electric Pencil Sharpener,14.98,1,0.0,4.494
3999,CA-2012-105627,2014-03-08,2014-03-12,Standard Class,DK-12895,Dana Kaydos,Consumer,United States,Kenosha,Wisconsin,53142,Central,FUR-FU-10000308,Furniture,Furnishings,Deflect-o Glass Clear Studded Chair Mats,373.08,6,0.0,82.0776
7782,CA-2012-132136,2014-03-08,2014-03-12,Standard Class,FO-14305,Frank Olsen,Consumer,United States,Chicago,Illinois,60623,Central,OFF-BI-10002706,Office Supplies,Binders,Avery Premier Heavy-Duty Binder with Round Locking Rings,8.567999999999998,3,0.8,-14.5656
4767,CA-2012-123155,2014-03-09,2014-03-12,First Class,NS-18640,Noel Staavos,Corporate,United States,San Antonio,Texas,78207,Central,TEC-AC-10002473,Technology,Accessories,Maxell 4.7GB DVD-R,113.52000000000001,5,0.2,29.799
4768,CA-2012-123155,2014-03-09,2014-03-12,First Class,NS-18640,Noel Staavos,Corporate,United States,San Antonio,Texas,78207,Central,TEC-PH-10001809,Technology,Phones,Panasonic KX T7736-B Digital phone,359.88,3,0.2,22.492499999999993
988,CA-2012-146829,2014-03-10,2014-03-10,Same Day,TS-21340,Toby Swindell,Consumer,United States,Houston,Texas,77041,Central,OFF-BI-10004022,Office Supplies,Binders,Acco Suede Grain Vinyl Round Ring Binder,1.1119999999999997,2,0.8,-1.8904
9962,CA-2012-168088,2014-03-19,2014-03-22,First Class,CM-12655,Corinna Mitchell,Home Office,United States,Houston,Texas,77041,Central,OFF-PA-10000675,Office Supplies,Paper,Xerox 1919,65.584,2,0.2,23.7742
9963,CA-2012-168088,2014-03-19,2014-03-22,First Class,CM-12655,Corinna Mitchell,Home Office,United States,Houston,Texas,77041,Central,FUR-BO-10004218,Furniture,Bookcases,"Bush Heritage Pine Collection 5-Shelf Bookcase, Albany Pine Finish, *Special Order",383.46559999999994,4,0.32,-67.6704
816,CA-2012-106565,2014-03-20,2014-03-23,First Class,BW-11110,Bart Watters,Corporate,United States,Milwaukee,Wisconsin,53209,Central,OFF-PA-10000061,Office Supplies,Paper,Xerox 205,51.84,8,0.0,24.883200000000002
4958,CA-2012-127607,2014-03-20,2014-03-26,Standard Class,JK-15730,Joe Kamberova,Consumer,United States,Carrollton,Texas,75007,Central,OFF-BI-10001308,Office Supplies,Binders,GBC Standard Plastic Binding Systems' Combs,2.5119999999999996,2,0.8,-4.396000000000003
4959,CA-2012-127607,2014-03-20,2014-03-26,Standard Class,JK-15730,Joe Kamberova,Consumer,United States,Carrollton,Texas,75007,Central,OFF-FA-10003485,Office Supplies,Fasteners,Staples,18.864,9,0.2,6.1308
520,CA-2012-157812,2014-03-22,2014-03-26,Standard Class,DB-13210,Dean Braden,Consumer,United States,Houston,Texas,77041,Central,TEC-AC-10000171,Technology,Accessories,"Verbatim 25 GB 6x Blu-ray Single Layer Recordable Disc, 25/Pack",18.392,1,0.2,5.2877
521,CA-2012-157812,2014-03-22,2014-03-26,Standard Class,DB-13210,Dean Braden,Consumer,United States,Houston,Texas,77041,Central,OFF-ST-10000736,Office Supplies,Storage,Carina Double Wide Media Storage Towers in Natural & Black,129.568,2,0.2,-25.91360000000001
522,CA-2012-157812,2014-03-22,2014-03-26,Standard Class,DB-13210,Dean Braden,Consumer,United States,Houston,Texas,77041,Central,OFF-BI-10000285,Office Supplies,Binders,XtraLife ClearVue Slant-D Ring Binders by Cardinal,14.111999999999997,9,0.8,-21.168
1061,US-2012-125374,2014-03-23,2014-03-29,Standard Class,JD-16060,Julia Dunbar,Consumer,United States,Houston,Texas,77095,Central,FUR-CH-10003396,Furniture,Chairs,Global Deluxe Steno Chair,107.772,2,0.3,-29.25240000000001
1595,CA-2012-118423,2014-03-24,2014-03-27,First Class,DP-13390,Dennis Pardue,Home Office,United States,Peoria,Illinois,61604,Central,FUR-BO-10000362,Furniture,Bookcases,Sauder Inglewood Library Bookcases,359.05799999999994,3,0.3,-35.9058
6434,CA-2012-121405,2014-03-30,2014-04-04,Standard Class,FC-14335,Fred Chung,Corporate,United States,Chicago,Illinois,60610,Central,OFF-PA-10001838,Office Supplies,Paper,"Adams Telephone Message Book W/Dividers/Space For Phone Numbers, 5 1/4""X8 1/2"", 300/Messages",23.52,5,0.2,8.526
6435,CA-2012-121405,2014-03-30,2014-04-04,Standard Class,FC-14335,Fred Chung,Corporate,United States,Chicago,Illinois,60610,Central,TEC-PH-10002890,Technology,Phones,AT&T 17929 Lendline Telephone,180.96,5,0.2,13.571999999999996
7002,CA-2012-104871,2014-03-30,2014-04-03,Standard Class,DR-12940,Daniel Raglin,Home Office,United States,Normal,Illinois,61761,Central,FUR-CH-10003298,Furniture,Chairs,"Office Star - Contemporary Task Swivel chair with Loop Arms, Charcoal",366.74399999999997,4,0.3,-110.02320000000003
6808,CA-2012-128125,2014-03-31,2014-04-05,Standard Class,EB-13705,Ed Braxton,Corporate,United States,Houston,Texas,77095,Central,OFF-PA-10000357,Office Supplies,Paper,"White Dual Perf Computer Printout Paper, 2700 Sheets, 1 Part, Heavyweight, 20 lbs., 14 7/8 x 11",98.376,3,0.2,35.661300000000004
6809,CA-2012-128125,2014-03-31,2014-04-05,Standard Class,EB-13705,Ed Braxton,Corporate,United States,Houston,Texas,77095,Central,FUR-FU-10001085,Furniture,Furnishings,3M Polarizing Light Filter Sleeves,22.38,3,0.6,-7.8330000000000055
2769,US-2012-122140,2014-04-02,2014-04-07,Standard Class,MO-17950,Michael Oakman,Consumer,United States,Dallas,Texas,75220,Central,OFF-AP-10001242,Office Supplies,Appliances,APC 7 Outlet Network SurgeArrest Surge Protector,32.19199999999999,2,0.8,-80.48
2770,US-2012-122140,2014-04-02,2014-04-07,Standard Class,MO-17950,Michael Oakman,Consumer,United States,Dallas,Texas,75220,Central,TEC-AC-10003038,Technology,Accessories,Kingston Digital DataTraveler 16GB USB 2.0,50.120000000000005,7,0.2,-0.6265000000000072
2771,US-2012-122140,2014-04-02,2014-04-07,Standard Class,MO-17950,Michael Oakman,Consumer,United States,Dallas,Texas,75220,Central,TEC-AC-10003289,Technology,Accessories,Anker Ultra-Slim Mini Bluetooth 3.0 Wireless Keyboard,47.976,3,0.2,1.7990999999999993
4046,CA-2012-136378,2014-04-02,2014-04-07,Standard Class,CS-11845,Cari Sayre,Corporate,United States,Houston,Texas,77070,Central,OFF-BI-10003707,Office Supplies,Binders,Aluminum Screw Posts,9.155999999999997,3,0.8,-13.734000000000002
1147,CA-2012-112452,2014-04-04,2014-04-04,Same Day,NC-18340,Nat Carroll,Consumer,United States,Lansing,Michigan,48911,Central,OFF-AP-10003849,Office Supplies,Appliances,Hoover Shoulder Vac Commercial Portable Vacuum,644.076,2,0.1,107.34599999999996
1148,CA-2012-112452,2014-04-04,2014-04-04,Same Day,NC-18340,Nat Carroll,Consumer,United States,Lansing,Michigan,48911,Central,OFF-FA-10000735,Office Supplies,Fasteners,Staples,5.84,2,0.0,2.6279999999999997
1149,CA-2012-112452,2014-04-04,2014-04-04,Same Day,NC-18340,Nat Carroll,Consumer,United States,Lansing,Michigan,48911,Central,OFF-BI-10003350,Office Supplies,Binders,Acco Expandable Hanging Binders,12.76,2,0.0,5.869599999999999
1150,CA-2012-112452,2014-04-04,2014-04-04,Same Day,NC-18340,Nat Carroll,Consumer,United States,Lansing,Michigan,48911,Central,TEC-PH-10000307,Technology,Phones,Shocksock Galaxy S4 Armband,10.95,1,0.0,0.43799999999999883
1151,CA-2012-112452,2014-04-04,2014-04-04,Same Day,NC-18340,Nat Carroll,Consumer,United States,Lansing,Michigan,48911,Central,TEC-CO-10004202,Technology,Copiers,Brother DCP1000 Digital 3 in 1 Multifunction Machine,599.98,2,0.0,209.993
2525,CA-2012-124541,2014-04-06,2014-04-10,Standard Class,TT-21220,Thomas Thornton,Consumer,United States,Houston,Texas,77041,Central,OFF-AR-10004078,Office Supplies,Art,Newell 312,42.047999999999995,9,0.2,5.2559999999999985
2526,CA-2012-124541,2014-04-06,2014-04-10,Standard Class,TT-21220,Thomas Thornton,Consumer,United States,Houston,Texas,77041,Central,TEC-AC-10002550,Technology,Accessories,Maxell 4.7GB DVD-RW 3/Pack,25.488,2,0.2,4.4604
2527,CA-2012-124541,2014-04-06,2014-04-10,Standard Class,TT-21220,Thomas Thornton,Consumer,United States,Houston,Texas,77041,Central,OFF-BI-10004965,Office Supplies,Binders,Ibico Covers for Plastic or Wire Binding Elements,6.899999999999999,3,0.8,-12.075000000000003
2528,CA-2012-124541,2014-04-06,2014-04-10,Standard Class,TT-21220,Thomas Thornton,Consumer,United States,Houston,Texas,77041,Central,OFF-BI-10004209,Office Supplies,Binders,"Fellowes Twister Kit, Gray/Clear, 3/pkg",9.647999999999996,6,0.8,-16.884
2529,CA-2012-124541,2014-04-06,2014-04-10,Standard Class,TT-21220,Thomas Thornton,Consumer,United States,Houston,Texas,77041,Central,OFF-PA-10001526,Office Supplies,Paper,Xerox 1949,7.968000000000001,2,0.2,2.8884000000000007
4821,CA-2012-140025,2014-04-07,2014-04-11,Standard Class,PF-19120,Peter Fuller,Consumer,United States,San Antonio,Texas,78207,Central,OFF-AP-10002651,Office Supplies,Appliances,Hoover Upright Vacuum With Dirt Cup,463.2479999999999,8,0.8,-1181.2824000000003
4822,CA-2012-140025,2014-04-07,2014-04-11,Standard Class,PF-19120,Peter Fuller,Consumer,United States,San Antonio,Texas,78207,Central,TEC-AC-10002402,Technology,Accessories,Razer Kraken PRO Over Ear PC and Music Headset,383.952,6,0.2,47.99399999999997
5539,CA-2012-120551,2014-04-13,2014-04-20,Standard Class,SS-20590,Sonia Sunley,Consumer,United States,Norfolk,Nebraska,68701,Central,OFF-BI-10002071,Office Supplies,Binders,Fellowes Black Plastic Comb Bindings,17.43,3,0.0,8.0178
8929,US-2012-168704,2014-04-13,2014-04-17,Standard Class,FP-14320,Frank Preis,Consumer,United States,Huntsville,Texas,77340,Central,FUR-TA-10000688,Furniture,Tables,"Chromcraft Bull-Nose Wood Round Conference Table Top, Wood Base",609.9799999999999,4,0.3,-113.28200000000004
8930,US-2012-168704,2014-04-13,2014-04-17,Standard Class,FP-14320,Frank Preis,Consumer,United States,Huntsville,Texas,77340,Central,FUR-TA-10002530,Furniture,Tables,"Iceberg OfficeWorks 42"" Round Tables",211.37199999999999,2,0.3,-45.29400000000001
8931,US-2012-168704,2014-04-13,2014-04-17,Standard Class,FP-14320,Frank Preis,Consumer,United States,Huntsville,Texas,77340,Central,TEC-PH-10001061,Technology,Phones,Apple iPhone 5C,239.976,3,0.2,17.998199999999997
6201,CA-2012-146675,2014-04-16,2014-04-20,Standard Class,SB-20185,Sarah Brown,Consumer,United States,Evanston,Illinois,60201,Central,TEC-CO-10001766,Technology,Copiers,Canon PC940 Copier,1439.968,4,0.2,485.9891999999999
6202,CA-2012-146675,2014-04-16,2014-04-20,Standard Class,SB-20185,Sarah Brown,Consumer,United States,Evanston,Illinois,60201,Central,TEC-AC-10004396,Technology,Accessories,Logitech Keyboard K120,43.56,3,0.2,-4.900499999999997
50,CA-2012-115742,2014-04-18,2014-04-22,Standard Class,DP-13000,Darren Powers,Consumer,United States,New Albany,Indiana,47150,Central,OFF-BI-10004410,Office Supplies,Binders,"C-Line Peel & Stick Add-On Filing Pockets, 8-3/4 x 5-1/8, 10/Pack",38.22,6,0.0,17.9634
51,CA-2012-115742,2014-04-18,2014-04-22,Standard Class,DP-13000,Darren Powers,Consumer,United States,New Albany,Indiana,47150,Central,OFF-LA-10002762,Office Supplies,Labels,Avery 485,75.17999999999999,6,0.0,35.334599999999995
52,CA-2012-115742,2014-04-18,2014-04-22,Standard Class,DP-13000,Darren Powers,Consumer,United States,New Albany,Indiana,47150,Central,FUR-FU-10001706,Furniture,Furnishings,Longer-Life Soft White Bulbs,6.16,2,0.0,2.9568
53,CA-2012-115742,2014-04-18,2014-04-22,Standard Class,DP-13000,Darren Powers,Consumer,United States,New Albany,Indiana,47150,Central,FUR-CH-10003061,Furniture,Chairs,"Global Leather Task Chair, Black",89.99,1,0.0,17.098099999999988
9297,US-2012-163433,2014-04-18,2014-04-22,Second Class,MP-17965,Michael Paige,Corporate,United States,Mcallen,Texas,78501,Central,TEC-AC-10003590,Technology,Accessories,"TRENDnet 56K USB 2.0 Phone, Internet and Fax Modem",41.42400000000001,2,0.2,8.284799999999997
9298,US-2012-163433,2014-04-18,2014-04-22,Second Class,MP-17965,Michael Paige,Corporate,United States,Mcallen,Texas,78501,Central,TEC-PH-10003357,Technology,Phones,Grandstream GXP2100 Mainstream Business Phone,244.768,4,0.2,24.476800000000004
9299,US-2012-163433,2014-04-18,2014-04-22,Second Class,MP-17965,Michael Paige,Corporate,United States,Mcallen,Texas,78501,Central,OFF-AR-10003373,Office Supplies,Art,"Boston School Pro Electric Pencil Sharpener, 1670",74.352,3,0.2,6.505799999999997
9300,US-2012-163433,2014-04-18,2014-04-22,Second Class,MP-17965,Michael Paige,Corporate,United States,Mcallen,Texas,78501,Central,OFF-BI-10003676,Office Supplies,Binders,"GBC Standard Recycled Report Covers, Clear Plastic Sheets",4.3119999999999985,2,0.8,-6.899200000000002
9301,US-2012-163433,2014-04-18,2014-04-22,Second Class,MP-17965,Michael Paige,Corporate,United States,Mcallen,Texas,78501,Central,FUR-CH-10000225,Furniture,Chairs,"Global Geo Office Task Chair, Gray",56.686,1,0.3,-20.245000000000008
9302,US-2012-163433,2014-04-18,2014-04-22,Second Class,MP-17965,Michael Paige,Corporate,United States,Mcallen,Texas,78501,Central,TEC-PH-10001870,Technology,Phones,Lunatik TT5L-002 Taktik Strike Impact Protection System for iPhone 5,97.968,2,0.2,6.122999999999994
9303,US-2012-163433,2014-04-18,2014-04-22,Second Class,MP-17965,Michael Paige,Corporate,United States,Mcallen,Texas,78501,Central,OFF-AR-10003481,Office Supplies,Art,Newell 348,7.872,3,0.2,0.8855999999999988
9304,US-2012-163433,2014-04-18,2014-04-22,Second Class,MP-17965,Michael Paige,Corporate,United States,Mcallen,Texas,78501,Central,OFF-PA-10003936,Office Supplies,Paper,Xerox 1994,15.552000000000003,3,0.2,5.4432
9305,US-2012-163433,2014-04-18,2014-04-22,Second Class,MP-17965,Michael Paige,Corporate,United States,Mcallen,Texas,78501,Central,OFF-BI-10000320,Office Supplies,Binders,GBC Plastic Binding Combs,1.4759999999999998,1,0.8,-2.2878
6035,US-2012-155369,2014-04-19,2014-04-25,Standard Class,PG-18820,Patrick Gardner,Consumer,United States,Carrollton,Texas,75007,Central,OFF-AP-10002578,Office Supplies,Appliances,"Fellowes Premier Superior Surge Suppressor, 10-Outlet, With Phone and Remote",19.567999999999998,2,0.8,-52.833600000000004
6036,US-2012-155369,2014-04-19,2014-04-25,Standard Class,PG-18820,Patrick Gardner,Consumer,United States,Carrollton,Texas,75007,Central,OFF-BI-10003925,Office Supplies,Binders,Fellowes PB300 Plastic Comb Binding Machine,310.39199999999994,4,0.8,-512.1468000000002
6168,CA-2012-142433,2014-04-20,2014-04-25,Standard Class,ES-14020,Erica Smith,Consumer,United States,Houston,Texas,77036,Central,OFF-PA-10002377,Office Supplies,Paper,Xerox 1916,117.456,3,0.2,44.04599999999999
8301,CA-2012-109169,2014-04-20,2014-04-24,Standard Class,OT-18730,Olvera Toch,Consumer,United States,Detroit,Michigan,48234,Central,OFF-EN-10003296,Office Supplies,Envelopes,Tyvek Side-Opening Peel & Seel Expanding Envelopes,180.96,2,0.0,81.432
6051,CA-2012-153878,2014-04-25,2014-04-30,Standard Class,TS-21655,Trudy Schmidt,Consumer,United States,Milwaukee,Wisconsin,53209,Central,OFF-AR-10000658,Office Supplies,Art,Newell 324,57.75,5,0.0,16.17
6052,CA-2012-153878,2014-04-25,2014-04-30,Standard Class,TS-21655,Trudy Schmidt,Consumer,United States,Milwaukee,Wisconsin,53209,Central,OFF-AP-10001205,Office Supplies,Appliances,Belkin 5 Outlet SurgeMaster Power Centers,272.4,5,0.0,76.27200000000002
6948,CA-2012-130365,2014-04-25,2014-04-29,Standard Class,ZC-21910,Zuschuss Carroll,Consumer,United States,Aurora,Illinois,60505,Central,OFF-ST-10002574,Office Supplies,Storage,"SAFCO Commercial Wire Shelving, Black",221.024,2,0.2,-55.256
6949,CA-2012-130365,2014-04-25,2014-04-29,Standard Class,ZC-21910,Zuschuss Carroll,Consumer,United States,Aurora,Illinois,60505,Central,FUR-CH-10003535,Furniture,Chairs,"Global Armless Task Chair, Royal Blue",128.058,3,0.3,-23.782199999999996
2899,US-2012-114839,2014-04-26,2014-04-30,Standard Class,PW-19240,Pierre Wener,Consumer,United States,Houston,Texas,77036,Central,FUR-CH-10004086,Furniture,Chairs,Hon 4070 Series Pagoda Armless Upholstered Stacking Chairs,408.422,2,0.3,-5.834600000000023
379,CA-2012-130792,2014-04-28,2014-05-05,Standard Class,RA-19915,Russell Applegate,Consumer,United States,Houston,Texas,77095,Central,OFF-AP-10000696,Office Supplies,Appliances,Holmes Odor Grabber,8.651999999999997,3,0.8,-20.332200000000007
380,CA-2012-130792,2014-04-28,2014-05-05,Standard Class,RA-19915,Russell Applegate,Consumer,United States,Houston,Texas,77095,Central,OFF-ST-10003327,Office Supplies,Storage,Akro-Mils 12-Gallon Tote,23.832,3,0.2,2.6810999999999954
381,CA-2012-130792,2014-04-28,2014-05-05,Standard Class,RA-19915,Russell Applegate,Consumer,United States,Houston,Texas,77095,Central,OFF-BI-10000309,Office Supplies,Binders,"GBC Twin Loop Wire Binding Elements, 9/16"" Spine, Black",12.175999999999998,4,0.8,-18.87280000000001
7683,CA-2012-120782,2014-04-28,2014-05-01,First Class,SD-20485,Shirley Daniels,Home Office,United States,Midland,Michigan,48640,Central,OFF-AP-10003779,Office Supplies,Appliances,Kensington 7 Outlet MasterPiece Power Center with Fax/Phone Line Protection,186.732,1,0.1,41.49599999999997
7684,CA-2012-120782,2014-04-28,2014-05-01,First Class,SD-20485,Shirley Daniels,Home Office,United States,Midland,Michigan,48640,Central,OFF-BI-10003527,Office Supplies,Binders,Fellowes PB500 Electric Punch Plastic Comb Binding Machine with Manual Bind,3812.9700000000003,3,0.0,1906.4850000000001
67,US-2012-164175,2014-04-30,2014-05-05,Standard Class,PS-18970,Paul Stevenson,Home Office,United States,Chicago,Illinois,60610,Central,FUR-CH-10001146,Furniture,Chairs,"Global Value Mid-Back Manager's Chair, Gray",213.11499999999998,5,0.3,-15.22250000000001
4114,CA-2012-116687,2014-05-02,2014-05-07,Standard Class,NC-18625,Noah Childs,Corporate,United States,Houston,Texas,77095,Central,OFF-LA-10000443,Office Supplies,Labels,Avery 501,8.856,3,0.2,2.9888999999999997
4115,CA-2012-116687,2014-05-02,2014-05-07,Standard Class,NC-18625,Noah Childs,Corporate,United States,Houston,Texas,77095,Central,TEC-PH-10001750,Technology,Phones,Samsung Rugby III,158.376,3,0.2,13.857900000000008
3403,CA-2012-129700,2014-05-04,2014-05-05,First Class,LA-16780,Laura Armstrong,Corporate,United States,Tinley Park,Illinois,60477,Central,FUR-FU-10001940,Furniture,Furnishings,Staple-based wall hangings,22.288,7,0.6,-8.915199999999999
5727,CA-2012-110548,2014-05-04,2014-05-08,Standard Class,AH-10690,Anna Häberlin,Corporate,United States,Houston,Texas,77095,Central,TEC-PH-10002922,Technology,Phones,ShoreTel ShorePhone IP 230 VoIP phone,946.344,7,0.2,118.29299999999989
6595,CA-2012-146290,2014-05-04,2014-05-11,Standard Class,SV-20815,Stuart Van,Corporate,United States,Indianapolis,Indiana,46203,Central,OFF-AR-10001897,Office Supplies,Art,Model L Table or Wall-Mount Pencil Sharpener,125.92999999999999,7,0.0,35.260400000000004
2975,CA-2012-137512,2014-05-07,2014-05-12,Standard Class,AG-10675,Anna Gayman,Consumer,United States,Allen,Texas,75002,Central,FUR-TA-10001095,Furniture,Tables,Chromcraft Round Conference Tables,244.00599999999997,2,0.3,-31.372200000000007
2976,CA-2012-137512,2014-05-07,2014-05-12,Standard Class,AG-10675,Anna Gayman,Consumer,United States,Allen,Texas,75002,Central,OFF-PA-10000213,Office Supplies,Paper,Xerox 198,15.936000000000002,4,0.2,5.378400000000001
5062,CA-2012-136798,2014-05-08,2014-05-12,Standard Class,DL-12925,Daniel Lacy,Consumer,United States,Minneapolis,Minnesota,55407,Central,OFF-BI-10003684,Office Supplies,Binders,Wilson Jones Legal Size Ring Binders,43.98,2,0.0,21.99
5063,CA-2012-136798,2014-05-08,2014-05-12,Standard Class,DL-12925,Daniel Lacy,Consumer,United States,Minneapolis,Minnesota,55407,Central,TEC-PH-10000441,Technology,Phones,VTech DS6151,377.96999999999997,3,0.0,105.83160000000002
5064,CA-2012-136798,2014-05-08,2014-05-12,Standard Class,DL-12925,Daniel Lacy,Consumer,United States,Minneapolis,Minnesota,55407,Central,FUR-FU-10000723,Furniture,Furnishings,"Deflect-o EconoMat Studded, No Bevel Mat for Low Pile Carpeting",123.96000000000001,3,0.0,11.156400000000005
8247,CA-2012-129217,2014-05-10,2014-05-10,Same Day,DP-13390,Dennis Pardue,Home Office,United States,Aurora,Illinois,60505,Central,OFF-AP-10002439,Office Supplies,Appliances,Tripp Lite Isotel 8 Ultra 8 Outlet Metal Surge,70.96999999999998,5,0.8,-191.619
8248,CA-2012-129217,2014-05-10,2014-05-10,Same Day,DP-13390,Dennis Pardue,Home Office,United States,Aurora,Illinois,60505,Central,OFF-AR-10004602,Office Supplies,Art,Boston KS Multi-Size Manual Pencil Sharpener,36.784,2,0.2,3.6784000000000017
8662,CA-2012-131856,2014-05-12,2014-05-17,Standard Class,JG-15160,James Galang,Consumer,United States,Houston,Texas,77041,Central,FUR-FU-10000175,Furniture,Furnishings,DAX Wood Document Frame.,21.968000000000004,4,0.6,-15.9268
8663,CA-2012-131856,2014-05-12,2014-05-17,Standard Class,JG-15160,James Galang,Consumer,United States,Houston,Texas,77041,Central,TEC-PH-10001336,Technology,Phones,Digium D40 VoIP phone,619.152,6,0.2,69.65459999999999
8664,CA-2012-131856,2014-05-12,2014-05-17,Standard Class,JG-15160,James Galang,Consumer,United States,Houston,Texas,77041,Central,OFF-PA-10001954,Office Supplies,Paper,Xerox 1964,127.90400000000001,7,0.2,41.568799999999996
7160,CA-2012-145835,2014-05-13,2014-05-18,Second Class,BF-11170,Ben Ferrer,Home Office,United States,Chicago,Illinois,60623,Central,TEC-PH-10004447,Technology,Phones,Toshiba IPT2010-SD IP Telephone,222.38400000000001,2,0.2,16.678799999999995
7161,CA-2012-145835,2014-05-13,2014-05-18,Second Class,BF-11170,Ben Ferrer,Home Office,United States,Chicago,Illinois,60623,Central,OFF-FA-10002280,Office Supplies,Fasteners,Advantus Plastic Paper Clips,16.0,4,0.2,5.6
4289,US-2012-117184,2014-05-17,2014-05-21,Standard Class,ON-18715,Odella Nelson,Corporate,United States,Houston,Texas,77095,Central,OFF-BI-10002082,Office Supplies,Binders,GBC Twin Loop Wire Binding Elements,33.279999999999994,5,0.8,-49.92
4290,US-2012-117184,2014-05-17,2014-05-21,Standard Class,ON-18715,Odella Nelson,Corporate,United States,Houston,Texas,77095,Central,OFF-PA-10002250,Office Supplies,Paper,Things To Do Today Pad,14.088000000000001,3,0.2,4.9308
5248,US-2012-168914,2014-05-21,2014-05-27,Standard Class,JE-15745,Joel Eaton,Consumer,United States,Frankfort,Illinois,60423,Central,OFF-AP-10000358,Office Supplies,Appliances,Fellowes Basic Home/Office Series Surge Protectors,20.767999999999997,8,0.8,-52.95840000000001
7625,CA-2012-136805,2014-05-23,2014-05-27,Second Class,NM-18445,Nathan Mautz,Home Office,United States,Detroit,Michigan,48234,Central,OFF-AP-10001394,Office Supplies,Appliances,Harmony Air Purifier,850.5,5,0.1,245.69999999999993
7626,CA-2012-136805,2014-05-23,2014-05-27,Second Class,NM-18445,Nathan Mautz,Home Office,United States,Detroit,Michigan,48234,Central,FUR-FU-10003724,Furniture,Furnishings,Westinghouse Clip-On Gooseneck Lamps,75.33,9,0.0,19.5858
6899,US-2012-165512,2014-05-24,2014-05-26,Second Class,VS-21820,Vivek Sundaresam,Consumer,United States,Naperville,Illinois,60540,Central,FUR-CH-10002880,Furniture,Chairs,"Global High-Back Leather Tilter, Burgundy",602.651,7,0.3,-163.57670000000005
6900,US-2012-165512,2014-05-24,2014-05-26,Second Class,VS-21820,Vivek Sundaresam,Consumer,United States,Naperville,Illinois,60540,Central,OFF-BI-10001249,Office Supplies,Binders,Avery Heavy-Duty EZD View Binder with Locking Rings,7.655999999999999,6,0.8,-13.015200000000004
4571,US-2012-152128,2014-05-25,2014-05-27,Second Class,NM-18445,Nathan Mautz,Home Office,United States,Wichita,Kansas,67212,Central,OFF-AR-10002445,Office Supplies,Art,SANFORD Major Accent Highlighters,21.240000000000002,3,0.0,8.071200000000001
4572,US-2012-152128,2014-05-25,2014-05-27,Second Class,NM-18445,Nathan Mautz,Home Office,United States,Wichita,Kansas,67212,Central,OFF-BI-10001718,Office Supplies,Binders,GBC DocuBind P50 Personal Binding Machine,127.96,2,0.0,60.1412
9108,CA-2012-132941,2014-05-25,2014-05-28,First Class,MM-18280,Muhammed MacIntyre,Corporate,United States,Haltom City,Texas,76117,Central,OFF-SU-10002557,Office Supplies,Supplies,Fiskars Spring-Action Scissors,22.368000000000002,2,0.2,1.6776
9109,CA-2012-132941,2014-05-25,2014-05-28,First Class,MM-18280,Muhammed MacIntyre,Corporate,United States,Haltom City,Texas,76117,Central,OFF-PA-10002160,Office Supplies,Paper,Xerox 1978,32.368,7,0.2,11.733400000000001
9110,CA-2012-132941,2014-05-25,2014-05-28,First Class,MM-18280,Muhammed MacIntyre,Corporate,United States,Haltom City,Texas,76117,Central,TEC-AC-10003095,Technology,Accessories,Logitech G35 7.1-Channel Surround Sound Headset,207.98400000000004,2,0.2,36.3972
9576,CA-2012-143147,2014-05-26,2014-05-28,Second Class,PS-18760,Pamela Stobb,Consumer,United States,San Antonio,Texas,78207,Central,FUR-CH-10000863,Furniture,Chairs,Novimex Swivel Fabric Task Chair,105.68599999999999,1,0.3,-28.6862
9577,CA-2012-143147,2014-05-26,2014-05-28,Second Class,PS-18760,Pamela Stobb,Consumer,United States,San Antonio,Texas,78207,Central,TEC-MA-10004679,Technology,Machines,StarTech.com 10/100 VDSL2 Ethernet Extender Kit,399.53999999999996,2,0.4,-79.90800000000002
9578,CA-2012-143147,2014-05-26,2014-05-28,Second Class,PS-18760,Pamela Stobb,Consumer,United States,San Antonio,Texas,78207,Central,FUR-CH-10004754,Furniture,Chairs,"Global Stack Chair with Arms, Black",104.93,5,0.3,-4.497
9446,CA-2012-168277,2014-05-29,2014-06-03,Standard Class,KB-16315,Karl Braun,Consumer,United States,Indianapolis,Indiana,46203,Central,OFF-LA-10004484,Office Supplies,Labels,Avery 476,12.39,3,0.0,5.6994
6885,CA-2012-120677,2014-05-31,2014-06-04,Standard Class,BD-11320,Bill Donatelli,Consumer,United States,Minneapolis,Minnesota,55407,Central,FUR-CH-10002320,Furniture,Chairs,Hon Pagoda Stacking Chairs,2567.84,8,0.0,770.3519999999999
9475,CA-2012-100818,2014-05-31,2014-06-05,Second Class,JM-15265,Janet Molinari,Corporate,United States,Chicago,Illinois,60653,Central,OFF-LA-10000443,Office Supplies,Labels,Avery 501,5.904,2,0.2,1.9926
9476,CA-2012-100818,2014-05-31,2014-06-05,Second Class,JM-15265,Janet Molinari,Corporate,United States,Chicago,Illinois,60653,Central,OFF-PA-10001125,Office Supplies,Paper,Xerox 1988,173.48800000000003,7,0.2,54.21499999999998
9477,CA-2012-100818,2014-05-31,2014-06-05,Second Class,JM-15265,Janet Molinari,Corporate,United States,Chicago,Illinois,60653,Central,FUR-FU-10002703,Furniture,Furnishings,"Tenex Traditional Chairmats for Hard Floors, Average Lip, 36"" x 48""",51.56,2,0.6,-61.872
9478,CA-2012-100818,2014-05-31,2014-06-05,Second Class,JM-15265,Janet Molinari,Corporate,United States,Chicago,Illinois,60653,Central,OFF-BI-10004364,Office Supplies,Binders,Storex Dura Pro Binders,3.563999999999999,3,0.8,-6.237000000000002
3969,US-2012-163685,2014-06-01,2014-06-05,Standard Class,KE-16420,Katrina Edelman,Corporate,United States,San Antonio,Texas,78207,Central,OFF-BI-10001890,Office Supplies,Binders,Avery Poly Binder Pockets,5.727999999999999,8,0.8,-9.164800000000003
3970,US-2012-163685,2014-06-01,2014-06-05,Standard Class,KE-16420,Katrina Edelman,Corporate,United States,San Antonio,Texas,78207,Central,OFF-PA-10002606,Office Supplies,Paper,Xerox 1928,42.24,10,0.2,13.199999999999998
9094,US-2012-132836,2014-06-01,2014-06-05,Standard Class,AJ-10945,Ashley Jarboe,Consumer,United States,Detroit,Michigan,48227,Central,TEC-PH-10001299,Technology,Phones,Polycom CX300 Desktop Phone USB VoIP phone,299.98,2,0.0,83.99440000000001
9095,US-2012-132836,2014-06-01,2014-06-05,Standard Class,AJ-10945,Ashley Jarboe,Consumer,United States,Detroit,Michigan,48227,Central,OFF-BI-10004224,Office Supplies,Binders,Catalog Binders with Expanding Posts,403.68,6,0.0,181.65599999999998
9096,US-2012-132836,2014-06-01,2014-06-05,Standard Class,AJ-10945,Ashley Jarboe,Consumer,United States,Detroit,Michigan,48227,Central,TEC-PH-10001300,Technology,Phones,"iKross Bluetooth Portable Keyboard + Cell Phone Stand Holder + Brush for Apple iPhone 5S 5C 5, 4S 4",41.9,2,0.0,11.732
9097,US-2012-132836,2014-06-01,2014-06-05,Standard Class,AJ-10945,Ashley Jarboe,Consumer,United States,Detroit,Michigan,48227,Central,OFF-LA-10004178,Office Supplies,Labels,Avery 491,28.91,7,0.0,13.2986
8829,CA-2012-115168,2014-06-05,2014-06-09,Standard Class,BB-11545,Brenda Bowman,Corporate,United States,Saint Charles,Missouri,63301,Central,OFF-PA-10000528,Office Supplies,Paper,Xerox 1981,10.56,2,0.0,4.752
9164,CA-2012-164007,2014-06-08,2014-06-12,Standard Class,MG-17695,Maureen Gnade,Consumer,United States,Chicago,Illinois,60610,Central,TEC-AC-10003433,Technology,Accessories,Maxell 4.7GB DVD+R 5/Pack,2.3760000000000003,3,0.2,0.7424999999999999
9165,CA-2012-164007,2014-06-08,2014-06-12,Standard Class,MG-17695,Maureen Gnade,Consumer,United States,Chicago,Illinois,60610,Central,OFF-AP-10003849,Office Supplies,Appliances,Hoover Shoulder Vac Commercial Portable Vacuum,143.12799999999996,2,0.8,-393.6020000000001
4952,CA-2012-144190,2014-06-09,2014-06-13,Standard Class,NC-18415,Nathan Cano,Consumer,United States,Royal Oak,Michigan,48073,Central,OFF-PA-10000304,Office Supplies,Paper,Xerox 1995,12.96,2,0.0,6.2208000000000006
9072,CA-2012-136105,2014-06-12,2014-06-16,Standard Class,SZ-20035,Sam Zeldin,Home Office,United States,Columbus,Indiana,47201,Central,OFF-ST-10002444,Office Supplies,Storage,Recycled Eldon Regeneration Jumbo File,24.56,2,0.0,6.876799999999999
3937,CA-2012-118955,2014-06-16,2014-06-20,Standard Class,LS-17230,Lycoris Saunders,Consumer,United States,Grand Prairie,Texas,75051,Central,OFF-EN-10001028,Office Supplies,Envelopes,Staple envelope,28.752000000000002,3,0.2,9.344399999999998
3938,CA-2012-118955,2014-06-16,2014-06-20,Standard Class,LS-17230,Lycoris Saunders,Consumer,United States,Grand Prairie,Texas,75051,Central,OFF-PA-10004156,Office Supplies,Paper,Xerox 188,27.216,3,0.2,9.865799999999998
3939,CA-2012-118955,2014-06-16,2014-06-20,Standard Class,LS-17230,Lycoris Saunders,Consumer,United States,Grand Prairie,Texas,75051,Central,FUR-CH-10001708,Furniture,Chairs,Office Star - Contemporary Swivel Chair with Padded Adjustable Arms and Flex Back,197.37199999999999,2,0.3,-25.376400000000018
5086,CA-2012-144302,2014-06-19,2014-06-23,Standard Class,ME-17320,Maria Etezadi,Home Office,United States,Dallas,Texas,75081,Central,OFF-BI-10001107,Office Supplies,Binders,"GBC White Gloss Covers, Plain Front",5.791999999999999,2,0.8,-9.556800000000003
9391,CA-2012-163734,2014-06-19,2014-06-24,Standard Class,KM-16375,Katherine Murray,Home Office,United States,Houston,Texas,77070,Central,OFF-ST-10003692,Office Supplies,Storage,Recycled Steel Personal File for Hanging File Folders,228.92,5,0.2,14.307499999999997
3520,CA-2012-124975,2014-06-22,2014-06-25,First Class,MG-17875,Michael Grace,Home Office,United States,Aurora,Illinois,60505,Central,FUR-TA-10002645,Furniture,Tables,Hon Rectangular Conference Tables,796.4250000000001,7,0.5,-525.6405000000002
8033,CA-2012-119690,2014-06-25,2014-06-28,First Class,MV-17485,Mark Van Huff,Consumer,United States,Houston,Texas,77041,Central,OFF-PA-10001019,Office Supplies,Paper,Xerox 1884,47.952000000000005,3,0.2,16.183799999999998
8034,CA-2012-119690,2014-06-25,2014-06-28,First Class,MV-17485,Mark Van Huff,Consumer,United States,Houston,Texas,77041,Central,OFF-BI-10000201,Office Supplies,Binders,"Avery Triangle Shaped Sheet Lifters, Black, 2/Pack",0.9839999999999998,2,0.8,-1.476
8035,CA-2012-119690,2014-06-25,2014-06-28,First Class,MV-17485,Mark Van Huff,Consumer,United States,Houston,Texas,77041,Central,FUR-FU-10004587,Furniture,Furnishings,"GE General Use Halogen Bulbs, 100 Watts, 1 Bulb per Pack",75.38400000000001,9,0.6,-20.730599999999995
8036,CA-2012-119690,2014-06-25,2014-06-28,First Class,MV-17485,Mark Van Huff,Consumer,United States,Houston,Texas,77041,Central,OFF-LA-10001613,Office Supplies,Labels,Avery File Folder Labels,4.608,2,0.2,1.6704
384,CA-2012-125395,2014-06-26,2014-06-29,Second Class,LA-16780,Laura Armstrong,Corporate,United States,Taylor,Michigan,48180,Central,TEC-AC-10004708,Technology,Accessories,Sony 32GB Class 10 Micro SDHC R40 Memory Card,41.9,2,0.0,8.799
7150,CA-2012-166583,2014-06-26,2014-06-30,Standard Class,VD-21670,Valerie Dominguez,Consumer,United States,Houston,Texas,77070,Central,TEC-PH-10001578,Technology,Phones,Polycom SoundStation2 EX Conference phone,971.8800000000001,3,0.2,109.33649999999994
9737,US-2012-100069,2014-06-29,2014-07-03,Standard Class,NF-18475,Neil Französisch,Home Office,United States,Omaha,Nebraska,68104,Central,TEC-PH-10004667,Technology,Phones,Cisco 8x8 Inc. 6753i IP Business Phone System,269.98,2,0.0,72.8946
2508,CA-2012-120397,2014-07-02,2014-07-02,Same Day,RB-19435,Richard Bierner,Consumer,United States,Houston,Texas,77070,Central,OFF-AP-10001293,Office Supplies,Appliances,Belkin 8 Outlet Surge Protector,32.78399999999999,4,0.8,-85.2384
3489,CA-2012-157322,2014-07-02,2014-07-06,Standard Class,RH-19600,Rob Haberlin,Consumer,United States,Carol Stream,Illinois,60188,Central,FUR-CH-10004086,Furniture,Chairs,Hon 4070 Series Pagoda Armless Upholstered Stacking Chairs,408.422,2,0.3,-5.834600000000023
3490,CA-2012-157322,2014-07-02,2014-07-06,Standard Class,RH-19600,Rob Haberlin,Consumer,United States,Carol Stream,Illinois,60188,Central,FUR-CH-10003774,Furniture,Chairs,"Global Wood Trimmed Manager's Task Chair, Khaki",382.116,6,0.3,-92.79960000000003
3491,CA-2012-157322,2014-07-02,2014-07-06,Standard Class,RH-19600,Rob Haberlin,Consumer,United States,Carol Stream,Illinois,60188,Central,OFF-ST-10004507,Office Supplies,Storage,Advantus Rolling Storage Box,68.6,5,0.2,6.002499999999998
3492,CA-2012-157322,2014-07-02,2014-07-06,Standard Class,RH-19600,Rob Haberlin,Consumer,United States,Carol Stream,Illinois,60188,Central,OFF-ST-10003208,Office Supplies,Storage,Adjustable Depth Letter/Legal Cart,435.504,3,0.2,48.99419999999992
3493,CA-2012-157322,2014-07-02,2014-07-06,Standard Class,RH-19600,Rob Haberlin,Consumer,United States,Carol Stream,Illinois,60188,Central,OFF-PA-10000659,Office Supplies,Paper,"Adams Phone Message Book, Professional, 400 Message Capacity, 5 3/6” x 11”",11.168000000000001,2,0.2,3.7692
1253,CA-2012-154956,2014-07-04,2014-07-09,Standard Class,IM-15070,Irene Maddox,Consumer,United States,Milwaukee,Wisconsin,53209,Central,TEC-PH-10004165,Technology,Phones,Mitel MiVoice 5330e IP Phone,1099.96,4,0.0,285.9896
3003,CA-2012-130610,2014-07-05,2014-07-10,Standard Class,VP-21730,Victor Preis,Home Office,United States,Sterling Heights,Michigan,48310,Central,OFF-BI-10003655,Office Supplies,Binders,Durable Pressboard Binders,19.0,5,0.0,8.93
4192,CA-2012-129392,2014-07-08,2014-07-08,Same Day,DM-13015,Darrin Martin,Consumer,United States,Houston,Texas,77070,Central,OFF-PA-10004248,Office Supplies,Paper,Xerox 1990,21.12,5,0.2,6.599999999999999
4276,CA-2012-123456,2014-07-09,2014-07-13,Standard Class,KN-16450,Kean Nguyen,Corporate,United States,Dallas,Texas,75220,Central,OFF-AP-10002684,Office Supplies,Appliances,"Acco 7-Outlet Masterpiece Power Center, Wihtout Fax/Phone Line Protection",48.63199999999999,2,0.8,-121.58000000000004
4544,CA-2012-126557,2014-07-12,2014-07-17,Second Class,RL-19615,Rob Lucas,Consumer,United States,Chicago,Illinois,60610,Central,FUR-CH-10004477,Furniture,Chairs,"Global Push Button Manager's Chair, Indigo",383.60699999999997,9,0.3,-5.4801000000000215
4545,CA-2012-126557,2014-07-12,2014-07-17,Second Class,RL-19615,Rob Lucas,Consumer,United States,Chicago,Illinois,60610,Central,TEC-PH-10003505,Technology,Phones,Geemarc AmpliPOWER60,148.48,2,0.2,16.703999999999986
4546,CA-2012-126557,2014-07-12,2014-07-17,Second Class,RL-19615,Rob Lucas,Consumer,United States,Chicago,Illinois,60610,Central,TEC-PH-10000526,Technology,Phones,Vtech CS6719,537.544,7,0.2,53.754400000000004
4547,CA-2012-126557,2014-07-12,2014-07-17,Second Class,RL-19615,Rob Lucas,Consumer,United States,Chicago,Illinois,60610,Central,OFF-BI-10003314,Office Supplies,Binders,Tuff Stuff Recycled Round Ring Binders,1.9279999999999997,2,0.8,-2.9884000000000004
4548,CA-2012-126557,2014-07-12,2014-07-17,Second Class,RL-19615,Rob Lucas,Consumer,United States,Chicago,Illinois,60610,Central,OFF-AR-10003190,Office Supplies,Art,Newell 32,6.911999999999999,3,0.2,0.6912000000000003
4549,CA-2012-126557,2014-07-12,2014-07-17,Second Class,RL-19615,Rob Lucas,Consumer,United States,Chicago,Illinois,60610,Central,FUR-FU-10001861,Furniture,Furnishings,"Floodlight Indoor Halogen Bulbs, 1 Bulb per Pack, 60 Watts",7.76,1,0.6,-2.1340000000000003
4550,CA-2012-126557,2014-07-12,2014-07-17,Second Class,RL-19615,Rob Lucas,Consumer,United States,Chicago,Illinois,60610,Central,TEC-PH-10003963,Technology,Phones,GE 2-Jack Phone Line Splitter,659.1680000000001,4,0.2,49.437599999999975
7796,CA-2012-112711,2014-07-12,2014-07-18,Standard Class,FM-14380,Fred McMath,Consumer,United States,Amarillo,Texas,79109,Central,TEC-PH-10000526,Technology,Phones,Vtech CS6719,307.168,4,0.2,30.716800000000006
1758,US-2012-107349,2014-07-13,2014-07-15,First Class,SL-20155,Sara Luxemburg,Home Office,United States,Houston,Texas,77095,Central,OFF-BI-10001765,Office Supplies,Binders,Wilson Jones Heavy-Duty Casebound Ring Binders with Metal Hinges,41.56799999999999,6,0.8,-66.50880000000004
8551,CA-2012-121132,2014-07-17,2014-07-24,Standard Class,VB-21745,Victoria Brennan,Corporate,United States,Houston,Texas,77041,Central,OFF-LA-10002368,Office Supplies,Labels,Avery 479,6.264,3,0.2,2.0358
8552,CA-2012-121132,2014-07-17,2014-07-24,Standard Class,VB-21745,Victoria Brennan,Corporate,United States,Houston,Texas,77041,Central,OFF-FA-10004248,Office Supplies,Fasteners,Advantus T-Pin Paper Clips,14.432,4,0.2,3.4276000000000004
1850,CA-2012-160472,2014-07-20,2014-07-25,Second Class,RK-19300,Ralph Kennedy,Consumer,United States,South Bend,Indiana,46614,Central,OFF-ST-10000464,Office Supplies,Storage,"Multi-Use Personal File Cart and Caster Set, Three Stacking Bins",34.76,1,0.0,9.732800000000001
1851,CA-2012-160472,2014-07-20,2014-07-25,Second Class,RK-19300,Ralph Kennedy,Consumer,United States,South Bend,Indiana,46614,Central,TEC-AC-10002253,Technology,Accessories,Imation Bio 8GB USB Flash Drive Imation Corp,831.2,5,0.0,124.68000000000004
1852,CA-2012-160472,2014-07-20,2014-07-25,Second Class,RK-19300,Ralph Kennedy,Consumer,United States,South Bend,Indiana,46614,Central,OFF-PA-10000528,Office Supplies,Paper,Xerox 1981,26.400000000000002,5,0.0,11.879999999999999
1853,CA-2012-160472,2014-07-20,2014-07-25,Second Class,RK-19300,Ralph Kennedy,Consumer,United States,South Bend,Indiana,46614,Central,OFF-EN-10000483,Office Supplies,Envelopes,"White Envelopes, White Envelopes with Clear Poly Window",106.75,7,0.0,49.10499999999999
1854,CA-2012-160472,2014-07-20,2014-07-25,Second Class,RK-19300,Ralph Kennedy,Consumer,United States,South Bend,Indiana,46614,Central,OFF-PA-10003129,Office Supplies,Paper,Tops White Computer Printout Paper,97.82,2,0.0,45.97539999999999
1855,CA-2012-160472,2014-07-20,2014-07-25,Second Class,RK-19300,Ralph Kennedy,Consumer,United States,South Bend,Indiana,46614,Central,OFF-ST-10003442,Office Supplies,Storage,Eldon Portable Mobile Manager,141.4,5,0.0,38.178
4383,US-2012-122784,2014-07-20,2014-07-27,Standard Class,RA-19915,Russell Applegate,Consumer,United States,Highland Park,Illinois,60035,Central,OFF-BI-10000546,Office Supplies,Binders,Avery Durable Binders,2.879999999999999,5,0.8,-4.4639999999999995
4384,US-2012-122784,2014-07-20,2014-07-27,Standard Class,RA-19915,Russell Applegate,Consumer,United States,Highland Park,Illinois,60035,Central,FUR-BO-10004690,Furniture,Bookcases,O'Sullivan Cherrywood Estates Traditional Barrister Bookcase,384.94399999999996,4,0.3,-126.48159999999999
4385,US-2012-122784,2014-07-20,2014-07-27,Standard Class,RA-19915,Russell Applegate,Consumer,United States,Highland Park,Illinois,60035,Central,TEC-PH-10001557,Technology,Phones,Pyle PMP37LED,153.584,2,0.2,13.438599999999994
4386,US-2012-122784,2014-07-20,2014-07-27,Standard Class,RA-19915,Russell Applegate,Consumer,United States,Highland Park,Illinois,60035,Central,FUR-BO-10002545,Furniture,Bookcases,"Atlantic Metals Mobile 3-Shelf Bookcases, Custom Colors",913.4300000000001,5,0.3,-52.19599999999991
2175,CA-2012-132507,2014-07-30,2014-08-03,Second Class,CC-12610,Corey Catlett,Corporate,United States,Houston,Texas,77041,Central,OFF-ST-10000943,Office Supplies,Storage,Eldon ProFile File 'N Store Portable File Tub Letter/Legal Size Black,61.792,4,0.2,6.179200000000002
6550,US-2012-164966,2014-07-30,2014-08-01,First Class,GH-14410,Gary Hansen,Home Office,United States,Lakeville,Minnesota,55044,Central,FUR-CH-10002304,Furniture,Chairs,"Global Stack Chair without Arms, Black",155.88,6,0.0,38.970000000000006
8732,CA-2012-111017,2014-07-31,2014-08-06,Standard Class,SC-20695,Steve Chapman,Corporate,United States,Saint Louis,Missouri,63116,Central,OFF-SU-10002573,Office Supplies,Supplies,"Acme 10"" Easy Grip Assistive Scissors",52.59,3,0.0,15.776999999999996
5855,CA-2012-112214,2014-08-05,2014-08-11,Standard Class,AH-10690,Anna Häberlin,Corporate,United States,Dallas,Texas,75220,Central,OFF-ST-10001505,Office Supplies,Storage,"Perma STOR-ALL Hanging File Box, 13 1/8""W x 12 1/4""D x 10 1/2""H",33.48800000000001,7,0.2,-1.2558000000000051
5856,CA-2012-112214,2014-08-05,2014-08-11,Standard Class,AH-10690,Anna Häberlin,Corporate,United States,Dallas,Texas,75220,Central,OFF-SU-10003567,Office Supplies,Supplies,Stiletto Hand Letter Openers,23.04,3,0.2,-4.895999999999999
5857,CA-2012-112214,2014-08-05,2014-08-11,Standard Class,AH-10690,Anna Häberlin,Corporate,United States,Dallas,Texas,75220,Central,OFF-BI-10002982,Office Supplies,Binders,Avery Self-Adhesive Photo Pockets for Polaroid Photos,1.3619999999999997,1,0.8,-2.1792000000000007
5858,CA-2012-112214,2014-08-05,2014-08-11,Standard Class,AH-10690,Anna Häberlin,Corporate,United States,Dallas,Texas,75220,Central,FUR-FU-10002364,Furniture,Furnishings,"Eldon Expressions Wood Desk Accessories, Oak",14.76,5,0.6,-11.439000000000004
2307,CA-2012-160794,2014-08-06,2014-08-08,First Class,MS-17980,Michael Stewart,Corporate,United States,Houston,Texas,77041,Central,OFF-PA-10004156,Office Supplies,Paper,Xerox 188,27.216,3,0.2,9.865799999999998
9542,CA-2012-135251,2014-08-06,2014-08-10,Standard Class,RP-19270,Rachel Payne,Corporate,United States,Houston,Texas,77095,Central,OFF-LA-10004544,Office Supplies,Labels,Avery 505,35.52,3,0.2,13.320000000000002
9543,CA-2012-135251,2014-08-06,2014-08-10,Standard Class,RP-19270,Rachel Payne,Corporate,United States,Houston,Texas,77095,Central,OFF-BI-10001097,Office Supplies,Binders,Avery Hole Reinforcements,6.229999999999999,5,0.8,-9.656500000000005
9544,CA-2012-135251,2014-08-06,2014-08-10,Standard Class,RP-19270,Rachel Payne,Corporate,United States,Houston,Texas,77095,Central,OFF-PA-10003302,Office Supplies,Paper,Xerox 1906,56.704,2,0.2,19.137599999999992
9545,CA-2012-135251,2014-08-06,2014-08-10,Standard Class,RP-19270,Rachel Payne,Corporate,United States,Houston,Texas,77095,Central,FUR-BO-10003965,Furniture,Bookcases,O'Sullivan Manor Hill 2-Door Library in Brianna Oak,369.19919999999996,3,0.32,-114.01739999999995
5155,US-2012-124219,2014-08-07,2014-08-08,First Class,KW-16570,Kelly Williams,Consumer,United States,Kirkwood,Missouri,63122,Central,OFF-BI-10002215,Office Supplies,Binders,"Wilson Jones Hanging View Binder, White, 1""",28.4,4,0.0,13.063999999999998
5156,US-2012-124219,2014-08-07,2014-08-08,First Class,KW-16570,Kelly Williams,Consumer,United States,Kirkwood,Missouri,63122,Central,FUR-FU-10000305,Furniture,Furnishings,"Tenex V2T-RE Standard Weight Series Chair Mat, 45"" x 53"", Lip 25"" x 12""",212.94,3,0.0,34.0704
226,CA-2012-163055,2014-08-09,2014-08-16,Standard Class,DS-13180,David Smith,Corporate,United States,Detroit,Michigan,48227,Central,OFF-AR-10001026,Office Supplies,Art,"Sanford Uni-Blazer View Highlighters, Chisel Tip, Yellow",2.2,1,0.0,0.9680000000000002
227,CA-2012-163055,2014-08-09,2014-08-16,Standard Class,DS-13180,David Smith,Corporate,United States,Detroit,Michigan,48227,Central,FUR-TA-10003748,Furniture,Tables,Bevis 36 x 72 Conference Tables,622.4499999999999,5,0.0,136.939
228,CA-2012-163055,2014-08-09,2014-08-16,Standard Class,DS-13180,David Smith,Corporate,United States,Detroit,Michigan,48227,Central,OFF-ST-10002485,Office Supplies,Storage,Rogers Deluxe File Chest,21.98,1,0.0,0.21979999999999933
5035,CA-2012-103954,2014-08-09,2014-08-13,Second Class,HR-14770,Hallie Redmond,Home Office,United States,Milwaukee,Wisconsin,53209,Central,FUR-BO-10004690,Furniture,Bookcases,O'Sullivan Cherrywood Estates Traditional Barrister Bookcase,687.4,5,0.0,48.11799999999998
1616,CA-2012-130022,2014-08-10,2014-08-16,Standard Class,JK-16120,Julie Kriz,Home Office,United States,Eagan,Minnesota,55122,Central,OFF-LA-10002787,Office Supplies,Labels,Avery 480,3.75,1,0.0,1.7999999999999998
1617,CA-2012-130022,2014-08-10,2014-08-16,Standard Class,JK-16120,Julie Kriz,Home Office,United States,Eagan,Minnesota,55122,Central,OFF-LA-10002043,Office Supplies,Labels,Avery 489,41.4,4,0.0,19.872
1618,CA-2012-130022,2014-08-10,2014-08-16,Standard Class,JK-16120,Julie Kriz,Home Office,United States,Eagan,Minnesota,55122,Central,OFF-AR-10001915,Office Supplies,Art,Peel-Off China Markers,29.79,3,0.0,12.511800000000001
7311,CA-2012-121699,2014-08-10,2014-08-14,Standard Class,BD-11320,Bill Donatelli,Consumer,United States,Detroit,Michigan,48227,Central,OFF-BI-10004632,Office Supplies,Binders,GBC Binding covers,64.75,5,0.0,29.137499999999996
6260,CA-2012-150441,2014-08-13,2014-08-17,Second Class,RA-19285,Ralph Arnett,Consumer,United States,Richmond,Indiana,47374,Central,OFF-BI-10003529,Office Supplies,Binders,Avery Round Ring Poly Binders,11.36,4,0.0,5.5664
3094,CA-2012-114468,2014-08-23,2014-08-23,Same Day,TD-20995,Tamara Dahlen,Consumer,United States,Bolingbrook,Illinois,60440,Central,OFF-SU-10004231,Office Supplies,Supplies,Acme Tagit Stainless Steel Antibacterial Scissors,31.680000000000003,4,0.2,2.7719999999999994
3095,CA-2012-114468,2014-08-23,2014-08-23,Same Day,TD-20995,Tamara Dahlen,Consumer,United States,Bolingbrook,Illinois,60440,Central,OFF-PA-10000809,Office Supplies,Paper,Xerox 206,10.368000000000002,2,0.2,3.6288
3096,CA-2012-114468,2014-08-23,2014-08-23,Same Day,TD-20995,Tamara Dahlen,Consumer,United States,Bolingbrook,Illinois,60440,Central,OFF-FA-10003021,Office Supplies,Fasteners,Staples,12.032,8,0.2,2.2559999999999993
3097,CA-2012-114468,2014-08-23,2014-08-23,Same Day,TD-20995,Tamara Dahlen,Consumer,United States,Bolingbrook,Illinois,60440,Central,OFF-AP-10000696,Office Supplies,Appliances,Holmes Odor Grabber,5.767999999999999,2,0.8,-13.554800000000004
660,CA-2012-146563,2014-08-24,2014-08-28,Standard Class,CB-12025,Cassandra Brandow,Consumer,United States,Arlington,Texas,76017,Central,OFF-ST-10001490,Office Supplies,Storage,"Hot File 7-Pocket, Floor Stand",999.432,7,0.2,124.92899999999986
661,CA-2012-146563,2014-08-24,2014-08-28,Standard Class,CB-12025,Cassandra Brandow,Consumer,United States,Arlington,Texas,76017,Central,OFF-ST-10001511,Office Supplies,Storage,Space Solutions Commercial Steel Shelving,724.08,14,0.2,-135.7650000000001
662,CA-2012-146563,2014-08-24,2014-08-28,Standard Class,CB-12025,Cassandra Brandow,Consumer,United States,Arlington,Texas,76017,Central,FUR-TA-10001768,Furniture,Tables,Hon Racetrack Conference Tables,918.7849999999999,5,0.3,-118.12950000000006
663,CA-2012-146563,2014-08-24,2014-08-28,Standard Class,CB-12025,Cassandra Brandow,Consumer,United States,Arlington,Texas,76017,Central,OFF-BI-10003981,Office Supplies,Binders,"Avery Durable Plastic 1"" Binders",2.7239999999999993,3,0.8,-4.222200000000001
6797,CA-2012-168809,2014-08-25,2014-08-25,Same Day,MC-18100,Mick Crebagga,Consumer,United States,Houston,Texas,77041,Central,FUR-FU-10001473,Furniture,Furnishings,"Eldon Executive Woodline II Desk Accessories, Mahogany",20.104,2,0.6,-16.5858
6798,CA-2012-168809,2014-08-25,2014-08-25,Same Day,MC-18100,Mick Crebagga,Consumer,United States,Houston,Texas,77041,Central,OFF-BI-10000315,Office Supplies,Binders,Poly Designer Cover & Back,3.7979999999999987,1,0.8,-6.0768
6799,CA-2012-168809,2014-08-25,2014-08-25,Same Day,MC-18100,Mick Crebagga,Consumer,United States,Houston,Texas,77041,Central,FUR-FU-10002240,Furniture,Furnishings,Nu-Dell EZ-Mount Plastic Wall Frames,7.880000000000001,5,0.6,-3.9399999999999995
3056,US-2012-100377,2014-08-28,2014-09-01,Standard Class,TS-21370,Todd Sumrall,Corporate,United States,Chicago,Illinois,60623,Central,TEC-CO-10001046,Technology,Copiers,Canon Imageclass D680 Copier / Fax,2799.9600000000005,5,0.2,874.9874999999998
9430,CA-2012-166219,2014-08-28,2014-09-01,Standard Class,BP-11185,Ben Peterman,Corporate,United States,Dallas,Texas,75081,Central,TEC-PH-10004165,Technology,Phones,Mitel MiVoice 5330e IP Phone,1099.96,5,0.2,82.49699999999996
9431,CA-2012-166219,2014-08-28,2014-09-01,Standard Class,BP-11185,Ben Peterman,Corporate,United States,Dallas,Texas,75081,Central,FUR-TA-10004607,Furniture,Tables,Hon 2111 Invitation Series Straight Table,103.48100000000001,1,0.3,-16.261300000000006
6471,CA-2012-108532,2014-08-29,2014-09-02,Standard Class,CC-12100,Chad Cunningham,Home Office,United States,Detroit,Michigan,48234,Central,TEC-PH-10001750,Technology,Phones,Samsung Rugby III,131.98,2,0.0,35.634600000000006
6472,CA-2012-108532,2014-08-29,2014-09-02,Standard Class,CC-12100,Chad Cunningham,Home Office,United States,Detroit,Michigan,48234,Central,TEC-AC-10004510,Technology,Accessories,Logitech Desktop MK120 Mouse and keyboard Combo,114.52,7,0.0,11.451999999999995
6124,CA-2012-142139,2014-08-31,2014-09-05,Standard Class,SD-20485,Shirley Daniels,Home Office,United States,Bedford,Texas,76021,Central,OFF-PA-10003883,Office Supplies,Paper,"Message Book, Phone, Wirebound Standard Line Memo, 2 3/4"" X 5""",20.96,4,0.2,6.811999999999999
8463,CA-2012-169537,2014-09-03,2014-09-07,Second Class,JH-15820,John Huston,Consumer,United States,Holland,Michigan,49423,Central,OFF-LA-10001982,Office Supplies,Labels,Smead Alpha-Z Color-Coded Name Labels First Letter Starter Set,7.5,2,0.0,3.5999999999999996
4617,CA-2012-159863,2014-09-04,2014-09-07,Second Class,DS-13180,David Smith,Corporate,United States,Houston,Texas,77095,Central,TEC-AC-10000109,Technology,Accessories,Sony Micro Vault Click 16 GB USB 2.0 Flash Drive,134.376,3,0.2,6.718800000000009
4488,CA-2012-162621,2014-09-05,2014-09-11,Standard Class,CA-12055,Cathy Armstrong,Home Office,United States,Houston,Texas,77036,Central,OFF-BI-10000962,Office Supplies,Binders,"Acco Flexible ACCOHIDE Square Ring Data Binder, Dark Blue, 11 1/2"" X 14"" 7/8""",16.269999999999996,5,0.8,-25.218500000000006
4489,CA-2012-162621,2014-09-05,2014-09-11,Standard Class,CA-12055,Cathy Armstrong,Home Office,United States,Houston,Texas,77036,Central,OFF-SU-10003567,Office Supplies,Supplies,Stiletto Hand Letter Openers,69.12,9,0.2,-14.687999999999999
4490,CA-2012-162621,2014-09-05,2014-09-11,Standard Class,CA-12055,Cathy Armstrong,Home Office,United States,Houston,Texas,77036,Central,OFF-BI-10003708,Office Supplies,Binders,"Acco Four Pocket Poly Ring Binder with Label Holder, Smoke, 1""",4.469999999999999,3,0.8,-7.822500000000002
5282,CA-2012-105158,2014-09-05,2014-09-10,Standard Class,SP-20860,Sung Pak,Corporate,United States,Rochester,Minnesota,55901,Central,FUR-FU-10001706,Furniture,Furnishings,Longer-Life Soft White Bulbs,6.16,2,0.0,2.9568
5283,CA-2012-105158,2014-09-05,2014-09-10,Standard Class,SP-20860,Sung Pak,Corporate,United States,Rochester,Minnesota,55901,Central,OFF-PA-10001970,Office Supplies,Paper,Xerox 1881,36.839999999999996,3,0.0,17.314799999999998
2806,CA-2012-122623,2014-09-07,2014-09-11,Standard Class,CC-12145,Charles Crestani,Consumer,United States,El Paso,Texas,79907,Central,FUR-CH-10000553,Furniture,Chairs,"Metal Folding Chairs, Beige, 4/Carton",47.51599999999999,2,0.3,-2.0364000000000004
2631,CA-2012-168186,2014-09-10,2014-09-15,Standard Class,AB-10150,Aimee Bixby,Consumer,United States,Tulsa,Oklahoma,74133,Central,OFF-PA-10000477,Office Supplies,Paper,Xerox 1952,14.940000000000001,3,0.0,7.021800000000001
7724,CA-2012-139374,2014-09-10,2014-09-14,Standard Class,AR-10345,Alex Russell,Corporate,United States,Austin,Texas,78745,Central,FUR-CH-10003981,Furniture,Chairs,Global Commerce Series Low-Back Swivel/Tilt Chairs,179.886,1,0.3,-2.569800000000029
5188,CA-2012-115567,2014-09-13,2014-09-18,Standard Class,ZC-21910,Zuschuss Carroll,Consumer,United States,Columbus,Indiana,47201,Central,TEC-AC-10001314,Technology,Accessories,Case Logic 2.4GHz Wireless Keyboard,199.96,4,0.0,15.996799999999979
5189,CA-2012-115567,2014-09-13,2014-09-18,Standard Class,ZC-21910,Zuschuss Carroll,Consumer,United States,Columbus,Indiana,47201,Central,FUR-CH-10000015,Furniture,Chairs,Hon Multipurpose Stacking Arm Chairs,1516.2,7,0.0,394.212
8186,CA-2012-136728,2014-09-13,2014-09-17,Second Class,AG-10900,Arthur Gainer,Consumer,United States,Chicago,Illinois,60623,Central,OFF-EN-10002621,Office Supplies,Envelopes,Staple envelope,7.824,1,0.2,2.9339999999999997
8187,CA-2012-136728,2014-09-13,2014-09-17,Second Class,AG-10900,Arthur Gainer,Consumer,United States,Chicago,Illinois,60623,Central,FUR-CH-10003817,Furniture,Chairs,"Global Value Steno Chair, Gray",170.072,4,0.3,-12.147999999999996
5948,CA-2012-115924,2014-09-14,2014-09-18,Second Class,BE-11455,Brad Eason,Home Office,United States,Des Moines,Iowa,50315,Central,OFF-BI-10004040,Office Supplies,Binders,Wilson Jones Impact Binders,25.9,5,0.0,12.690999999999999
2236,CA-2012-145849,2014-09-15,2014-09-17,Second Class,CT-11995,Carol Triggs,Consumer,United States,Indianapolis,Indiana,46203,Central,OFF-ST-10000025,Office Supplies,Storage,Fellowes Stor/Drawer Steel Plus Storage Drawers,190.86,2,0.0,11.451599999999985
2237,CA-2012-145849,2014-09-15,2014-09-17,Second Class,CT-11995,Carol Triggs,Consumer,United States,Indianapolis,Indiana,46203,Central,OFF-AR-10000817,Office Supplies,Art,Manco Dry-Lighter Erasable Highlighter,24.32,8,0.0,8.268799999999999
1675,CA-2012-143077,2014-09-17,2014-09-21,Standard Class,SF-20965,Sylvia Foulston,Corporate,United States,Houston,Texas,77041,Central,FUR-FU-10003535,Furniture,Furnishings,Howard Miller Distant Time Traveler Alarm Clock,21.936000000000003,2,0.6,-10.419600000000003
1676,CA-2012-143077,2014-09-17,2014-09-21,Standard Class,SF-20965,Sylvia Foulston,Corporate,United States,Houston,Texas,77041,Central,OFF-BI-10000088,Office Supplies,Binders,GBC Imprintable Covers,6.587999999999999,3,0.8,-10.211400000000005
9146,CA-2012-126970,2014-09-20,2014-09-24,Standard Class,TP-21130,Theone Pippenger,Consumer,United States,Naperville,Illinois,60540,Central,OFF-BI-10000138,Office Supplies,Binders,Acco Translucent Poly Ring Binders,2.807999999999999,3,0.8,-4.492799999999999
1417,CA-2012-126697,2014-09-21,2014-09-24,First Class,SV-20815,Stuart Van,Corporate,United States,Houston,Texas,77041,Central,TEC-PH-10002922,Technology,Phones,ShoreTel ShorePhone IP 230 VoIP phone,946.344,7,0.2,118.29299999999989
1418,CA-2012-126697,2014-09-21,2014-09-24,First Class,SV-20815,Stuart Van,Corporate,United States,Houston,Texas,77041,Central,TEC-AC-10004353,Technology,Accessories,Hypercom P1300 Pinpad,151.20000000000002,3,0.2,32.13
1419,CA-2012-126697,2014-09-21,2014-09-24,First Class,SV-20815,Stuart Van,Corporate,United States,Houston,Texas,77041,Central,FUR-FU-10001706,Furniture,Furnishings,Longer-Life Soft White Bulbs,4.928000000000001,4,0.6,-1.4783999999999997
3031,CA-2012-168480,2014-09-21,2014-09-27,Standard Class,DM-12955,Dario Medina,Corporate,United States,Lincoln Park,Michigan,48146,Central,FUR-BO-10000468,Furniture,Bookcases,O'Sullivan 2-Shelf Heavy-Duty Bookcases,194.32,4,0.0,31.091200000000015
3032,CA-2012-168480,2014-09-21,2014-09-27,Standard Class,DM-12955,Dario Medina,Corporate,United States,Lincoln Park,Michigan,48146,Central,OFF-AR-10001044,Office Supplies,Art,"BOSTON Ranger #55 Pencil Sharpener, Black",25.99,1,0.0,7.537099999999999
3426,CA-2012-153381,2014-09-24,2014-09-28,Standard Class,DE-13255,Deanra Eno,Home Office,United States,Dubuque,Iowa,52001,Central,OFF-BI-10001525,Office Supplies,Binders,"Acco Pressboard Covers with Storage Hooks, 14 7/8"" x 11"", Executive Red",15.24,4,0.0,6.857999999999999
3427,CA-2012-153381,2014-09-24,2014-09-28,Standard Class,DE-13255,Deanra Eno,Home Office,United States,Dubuque,Iowa,52001,Central,FUR-CH-10000988,Furniture,Chairs,Hon Olson Stacker Stools,1408.1,10,0.0,394.26800000000003
4074,US-2012-164308,2014-09-24,2014-09-27,First Class,SC-20680,Steve Carroll,Home Office,United States,Broken Arrow,Oklahoma,74012,Central,TEC-PH-10004120,Technology,Phones,AT&T 1080 Phone,821.94,6,0.0,213.70440000000002
7590,CA-2012-139738,2014-09-25,2014-09-29,Standard Class,DK-12895,Dana Kaydos,Consumer,United States,Rockford,Illinois,61107,Central,OFF-AR-10004602,Office Supplies,Art,Boston KS Multi-Size Manual Pencil Sharpener,128.744,7,0.2,12.874400000000001
281,US-2012-161991,2014-09-26,2014-09-28,Second Class,SC-20725,Steven Cartwright,Consumer,United States,Houston,Texas,77070,Central,OFF-BI-10004967,Office Supplies,Binders,Round Ring Binders,2.0799999999999996,5,0.8,-3.4320000000000004
282,US-2012-161991,2014-09-26,2014-09-28,Second Class,SC-20725,Steven Cartwright,Consumer,United States,Houston,Texas,77070,Central,TEC-PH-10001760,Technology,Phones,Bose SoundLink Bluetooth Speaker,1114.4,7,0.2,376.11
3436,US-2012-100531,2014-09-27,2014-09-29,First Class,NM-18520,Neoma Murray,Consumer,United States,Chicago,Illinois,60610,Central,OFF-BI-10001670,Office Supplies,Binders,Vinyl Sectional Post Binders,15.079999999999998,2,0.8,-22.620000000000005
3437,US-2012-100531,2014-09-27,2014-09-29,First Class,NM-18520,Neoma Murray,Consumer,United States,Chicago,Illinois,60610,Central,FUR-FU-10003849,Furniture,Furnishings,"DAX Metal Frame, Desktop, Stepped-Edge",24.288,3,0.6,-12.751199999999997
7215,CA-2012-103072,2014-09-27,2014-09-30,Second Class,HW-14935,Helen Wasserman,Corporate,United States,Detroit,Michigan,48205,Central,OFF-AR-10000127,Office Supplies,Art,Newell 321,16.4,5,0.0,4.7559999999999985
7216,CA-2012-103072,2014-09-27,2014-09-30,Second Class,HW-14935,Helen Wasserman,Corporate,United States,Detroit,Michigan,48205,Central,OFF-PA-10003172,Office Supplies,Paper,Xerox 1996,25.92,4,0.0,12.441600000000001
9035,CA-2012-148873,2014-10-01,2014-10-05,Standard Class,EM-13960,Eric Murdock,Consumer,United States,Quincy,Illinois,62301,Central,OFF-BI-10003196,Office Supplies,Binders,Accohide Poly Flexible Ring Binders,2.9919999999999995,4,0.8,-4.488000000000001
9036,CA-2012-148873,2014-10-01,2014-10-05,Standard Class,EM-13960,Eric Murdock,Consumer,United States,Quincy,Illinois,62301,Central,TEC-AC-10003657,Technology,Accessories,Lenovo 17-Key USB Numeric Keypad,108.76800000000001,4,0.2,2.71919999999999
6454,CA-2012-125710,2014-10-08,2014-10-13,Standard Class,BT-11680,Brian Thompson,Consumer,United States,Houston,Texas,77036,Central,OFF-AR-10000657,Office Supplies,Art,"Binney & Smith inkTank Desk Highlighter, Chisel Tip, Yellow, 12/Box",3.44,2,0.2,0.5589999999999996
8134,CA-2012-131352,2014-10-08,2014-10-13,Standard Class,GH-14485,Gene Hale,Corporate,United States,Dallas,Texas,75081,Central,FUR-FU-10003708,Furniture,Furnishings,"Tenex Traditional Chairmats for Medium Pile Carpet, Standard Lip, 36"" x 48""",72.78,3,0.6,-70.9605
5716,CA-2012-124107,2014-10-09,2014-10-12,Second Class,BM-11650,Brian Moss,Corporate,United States,Ann Arbor,Michigan,48104,Central,TEC-AC-10002049,Technology,Accessories,Logitech G19 Programmable Gaming Keyboard,619.9499999999999,5,0.0,111.59099999999995
5717,CA-2012-124107,2014-10-09,2014-10-12,Second Class,BM-11650,Brian Moss,Corporate,United States,Ann Arbor,Michigan,48104,Central,TEC-PH-10003875,Technology,Phones,KLD Oscar II Style Snap-on Ultra Thin Side Flip Synthetic Leather Cover Case for HTC One HTC M7,29.160000000000004,3,0.0,8.456399999999999
5718,CA-2012-124107,2014-10-09,2014-10-12,Second Class,BM-11650,Brian Moss,Corporate,United States,Ann Arbor,Michigan,48104,Central,OFF-EN-10003286,Office Supplies,Envelopes,Staple envelope,57.959999999999994,7,0.0,27.241199999999996
5719,CA-2012-124107,2014-10-09,2014-10-12,Second Class,BM-11650,Brian Moss,Corporate,United States,Ann Arbor,Michigan,48104,Central,OFF-AP-10003971,Office Supplies,Appliances,Belkin 6 Outlet Metallic Surge Strip,29.403,3,0.1,5.227200000000001
9263,CA-2012-124499,2014-10-09,2014-10-13,Standard Class,FM-14380,Fred McMath,Consumer,United States,Detroit,Michigan,48227,Central,FUR-CH-10000513,Furniture,Chairs,High-Back Leather Manager's Chair,389.97,3,0.0,35.097300000000004
9264,CA-2012-124499,2014-10-09,2014-10-13,Standard Class,FM-14380,Fred McMath,Consumer,United States,Detroit,Michigan,48227,Central,OFF-AP-10002191,Office Supplies,Appliances,Belkin 8 Outlet SurgeMaster II Gold Surge Protector,269.90999999999997,5,0.1,53.982000000000006
6833,CA-2012-112522,2014-10-10,2014-10-17,Standard Class,DP-13165,David Philippe,Consumer,United States,Chicago,Illinois,60610,Central,OFF-AR-10003183,Office Supplies,Art,Avery Fluorescent Highlighter Four-Color Set,8.016,3,0.2,1.0019999999999993
2915,CA-2012-134747,2014-10-12,2014-10-17,Second Class,DL-12925,Daniel Lacy,Consumer,United States,Noblesville,Indiana,46060,Central,TEC-PH-10002890,Technology,Phones,AT&T 17929 Lendline Telephone,135.72,3,0.0,35.2872
2916,CA-2012-134747,2014-10-12,2014-10-17,Second Class,DL-12925,Daniel Lacy,Consumer,United States,Noblesville,Indiana,46060,Central,OFF-BI-10001308,Office Supplies,Binders,GBC Standard Plastic Binding Systems' Combs,12.56,2,0.0,5.651999999999999
2917,CA-2012-134747,2014-10-12,2014-10-17,Second Class,DL-12925,Daniel Lacy,Consumer,United States,Noblesville,Indiana,46060,Central,TEC-PH-10001750,Technology,Phones,Samsung Rugby III,263.96,4,0.0,71.26920000000001
110,CA-2012-129476,2014-10-15,2014-10-20,Standard Class,PA-19060,Pete Armstrong,Home Office,United States,Orland Park,Illinois,60462,Central,TEC-AC-10000844,Technology,Accessories,Logitech Gaming G510s - Keyboard,339.96000000000004,5,0.2,67.99199999999996
1438,CA-2012-139731,2014-10-15,2014-10-15,Same Day,JE-15745,Joel Eaton,Consumer,United States,Amarillo,Texas,79109,Central,TEC-AC-10004975,Technology,Accessories,Plantronics Audio 995 Wireless Stereo Headset,263.88,3,0.2,42.88050000000001
1439,CA-2012-139731,2014-10-15,2014-10-15,Same Day,JE-15745,Joel Eaton,Consumer,United States,Amarillo,Texas,79109,Central,FUR-CH-10002024,Furniture,Chairs,HON 5400 Series Task Chairs for Big and Tall,2453.43,5,0.3,-350.4899999999999
4631,US-2012-126235,2014-10-15,2014-10-15,Same Day,GA-14725,Guy Armstrong,Consumer,United States,Mount Pleasant,Michigan,48858,Central,FUR-FU-10000719,Furniture,Furnishings,"DAX Cubicle Frames, 8-1/2 x 11",17.14,2,0.0,6.170400000000001
6878,US-2012-123918,2014-10-15,2014-10-15,Same Day,CG-12520,Claire Gute,Consumer,United States,Dallas,Texas,75217,Central,FUR-FU-10004952,Furniture,Furnishings,"C-Line Cubicle Keepers Polyproplyene Holder w/Velcro Back, 8-1/2x11, 25/Bx",131.376,6,0.6,-95.24760000000002
6879,US-2012-123918,2014-10-15,2014-10-15,Same Day,CG-12520,Claire Gute,Consumer,United States,Dallas,Texas,75217,Central,OFF-PA-10003001,Office Supplies,Paper,Xerox 1986,5.344,1,0.2,1.8703999999999998
7906,US-2012-118766,2014-10-15,2014-10-22,Standard Class,LS-16975,Lindsay Shagiari,Home Office,United States,Dallas,Texas,75217,Central,OFF-EN-10001415,Office Supplies,Envelopes,Staple envelope,4.464,1,0.2,1.674
7907,US-2012-118766,2014-10-15,2014-10-22,Standard Class,LS-16975,Lindsay Shagiari,Home Office,United States,Dallas,Texas,75217,Central,OFF-BI-10002813,Office Supplies,Binders,Avery Reinforcements for Hole-Punch Pages,3.959999999999999,10,0.8,-6.93
6136,CA-2012-105613,2014-10-18,2014-10-22,Standard Class,KN-16705,Kristina Nunn,Home Office,United States,Mcallen,Texas,78501,Central,TEC-AC-10000521,Technology,Accessories,"Verbatim Slim CD and DVD Storage Cases, 50/Pack",27.695999999999998,3,0.2,3.4619999999999997
6137,CA-2012-105613,2014-10-18,2014-10-22,Standard Class,KN-16705,Kristina Nunn,Home Office,United States,Mcallen,Texas,78501,Central,OFF-AP-10000026,Office Supplies,Appliances,Tripp Lite Isotel 6 Outlet Surge Protector with Fax/Modem Protection,73.16399999999999,6,0.8,-186.56820000000005
3961,CA-2012-113901,2014-10-19,2014-10-24,Standard Class,NH-18610,Nicole Hansen,Corporate,United States,Detroit,Michigan,48227,Central,OFF-BI-10001249,Office Supplies,Binders,Avery Heavy-Duty EZD View Binder with Locking Rings,38.28,6,0.0,17.6088
3962,CA-2012-113901,2014-10-19,2014-10-24,Standard Class,NH-18610,Nicole Hansen,Corporate,United States,Detroit,Michigan,48227,Central,TEC-PH-10002564,Technology,Phones,OtterBox Defender Series Case - Samsung Galaxy S4,149.95,5,0.0,44.984999999999985
8980,CA-2012-150413,2014-10-19,2014-10-24,Second Class,CS-11860,Cari Schnelling,Consumer,United States,Dallas,Texas,75220,Central,OFF-BI-10000404,Office Supplies,Binders,Avery Printable Repositionable Plastic Tabs,1.7199999999999995,1,0.8,-2.838
1174,US-2012-104430,2014-10-22,2014-10-26,Standard Class,LT-17110,Liz Thompson,Consumer,United States,Bloomington,Illinois,61701,Central,OFF-BI-10000301,Office Supplies,Binders,GBC Instant Report Kit,5.175999999999998,4,0.8,-7.764000000000001
5419,CA-2012-110877,2014-10-23,2014-10-26,First Class,JE-15715,Joe Elijah,Consumer,United States,Houston,Texas,77041,Central,OFF-PA-10004621,Office Supplies,Paper,Xerox 212,36.28800000000001,7,0.2,12.700800000000001
5420,CA-2012-110877,2014-10-23,2014-10-26,First Class,JE-15715,Joe Elijah,Consumer,United States,Houston,Texas,77041,Central,TEC-PH-10002103,Technology,Phones,Jabra SPEAK 410,150.384,2,0.2,15.038400000000003
8493,CA-2012-109190,2014-10-23,2014-10-28,Standard Class,CC-12685,Craig Carroll,Consumer,United States,Lubbock,Texas,79424,Central,OFF-PA-10000069,Office Supplies,Paper,"TOPS 4 x 6 Fluorescent Color Memo Sheets, 500 Sheets per Pack",60.736000000000004,8,0.2,20.4984
8494,CA-2012-109190,2014-10-23,2014-10-28,Standard Class,CC-12685,Craig Carroll,Consumer,United States,Lubbock,Texas,79424,Central,TEC-CO-10001943,Technology,Copiers,Canon PC-428 Personal Copier,479.97600000000006,3,0.2,161.9919
8495,CA-2012-109190,2014-10-23,2014-10-28,Standard Class,CC-12685,Craig Carroll,Consumer,United States,Lubbock,Texas,79424,Central,OFF-BI-10000977,Office Supplies,Binders,Ibico Plastic Spiral Binding Combs,6.079999999999998,1,0.8,-10.336000000000002
5373,CA-2012-118738,2014-10-24,2014-10-30,Standard Class,AG-10495,Andrew Gjertsen,Corporate,United States,Houston,Texas,77041,Central,OFF-PA-10003177,Office Supplies,Paper,Xerox 1999,15.552000000000003,3,0.2,5.4432
5374,CA-2012-118738,2014-10-24,2014-10-30,Standard Class,AG-10495,Andrew Gjertsen,Corporate,United States,Houston,Texas,77041,Central,FUR-TA-10002607,Furniture,Tables,KI Conference Tables,347.361,7,0.3,-69.47219999999996
5375,CA-2012-118738,2014-10-24,2014-10-30,Standard Class,AG-10495,Andrew Gjertsen,Corporate,United States,Houston,Texas,77041,Central,OFF-PA-10001166,Office Supplies,Paper,Xerox 2,10.368000000000002,2,0.2,3.6288
5487,CA-2012-156608,2014-10-24,2014-10-29,Standard Class,MT-18070,Michelle Tran,Home Office,United States,San Antonio,Texas,78207,Central,OFF-BI-10004140,Office Supplies,Binders,Avery Non-Stick Binders,3.591999999999999,4,0.8,-6.286000000000003
1919,CA-2012-123673,2014-10-30,2014-11-01,Second Class,CH-12070,Cathy Hwang,Home Office,United States,Detroit,Michigan,48227,Central,TEC-PH-10001809,Technology,Phones,Panasonic KX T7736-B Digital phone,299.9,2,0.0,74.975
398,CA-2012-122259,2014-10-31,2014-11-04,Standard Class,HP-14815,Harold Pawlan,Home Office,United States,Jackson,Michigan,49201,Central,OFF-SU-10002573,Office Supplies,Supplies,"Acme 10"" Easy Grip Assistive Scissors",70.12,4,0.0,21.035999999999994
9193,CA-2012-141810,2014-11-02,2014-11-07,Standard Class,BB-10990,Barry Blumstein,Corporate,United States,San Antonio,Texas,78207,Central,OFF-BI-10001524,Office Supplies,Binders,GBC Premium Transparent Covers with Diagonal Lined Pattern,29.371999999999993,7,0.8,-46.995200000000025
9194,CA-2012-141810,2014-11-02,2014-11-07,Standard Class,BB-10990,Barry Blumstein,Corporate,United States,San Antonio,Texas,78207,Central,TEC-PH-10002200,Technology,Phones,Aastra 6757i CT Wireless VoIP phone,344.704,2,0.2,38.77919999999999
2586,CA-2012-121041,2014-11-03,2014-11-10,Standard Class,CS-12250,Chris Selesnick,Corporate,United States,Haltom City,Texas,76117,Central,OFF-EN-10001137,Office Supplies,Envelopes,"#10 Gummed Flap White Envelopes, 100/Box",6.6080000000000005,2,0.2,2.1475999999999997
3814,CA-2012-103961,2014-11-05,2014-11-09,Standard Class,NG-18430,Nathan Gelder,Consumer,United States,Quincy,Illinois,62301,Central,OFF-LA-10004484,Office Supplies,Labels,Avery 476,19.824,6,0.2,6.442799999999999
7905,CA-2012-126669,2014-11-07,2014-11-13,Standard Class,DO-13645,Doug O'Connell,Consumer,United States,Houston,Texas,77036,Central,OFF-PA-10001357,Office Supplies,Paper,Xerox 1886,76.64,2,0.2,26.823999999999995
9102,CA-2012-163181,2014-11-07,2014-11-12,Standard Class,AB-10105,Adrian Barton,Consumer,United States,Houston,Texas,77041,Central,OFF-AR-10001683,Office Supplies,Art,Lumber Crayons,23.64,3,0.2,5.319000000000001
9103,CA-2012-163181,2014-11-07,2014-11-12,Standard Class,AB-10105,Adrian Barton,Consumer,United States,Houston,Texas,77041,Central,OFF-ST-10001713,Office Supplies,Storage,"Gould Plastics 9-Pocket Panel Bin, 18-3/8w x 5-1/4d x 20-1/2h, Black",84.784,2,0.2,-16.956800000000005
9104,CA-2012-163181,2014-11-07,2014-11-12,Standard Class,AB-10105,Adrian Barton,Consumer,United States,Houston,Texas,77041,Central,FUR-FU-10000193,Furniture,Furnishings,Tenex Chairmats For Use with Hard Floors,64.96,5,0.6,-84.448
9105,CA-2012-163181,2014-11-07,2014-11-12,Standard Class,AB-10105,Adrian Barton,Consumer,United States,Houston,Texas,77041,Central,OFF-BI-10000474,Office Supplies,Binders,Avery Recycled Flexi-View Covers for Binding Systems,32.059999999999995,10,0.8,-51.29600000000001
9106,CA-2012-163181,2014-11-07,2014-11-12,Standard Class,AB-10105,Adrian Barton,Consumer,United States,Houston,Texas,77041,Central,OFF-ST-10000129,Office Supplies,Storage,Fellowes Recycled Storage Drawers,177.64800000000002,2,0.2,-28.867800000000017
9107,CA-2012-163181,2014-11-07,2014-11-12,Standard Class,AB-10105,Adrian Barton,Consumer,United States,Houston,Texas,77041,Central,TEC-MA-10001016,Technology,Machines,Canon PC170 Desktop Personal Copier,287.90999999999997,3,0.4,33.58949999999999
4569,CA-2012-111990,2014-11-08,2014-11-13,Standard Class,DB-13660,Duane Benoit,Consumer,United States,Houston,Texas,77095,Central,OFF-BI-10003291,Office Supplies,Binders,Wilson Jones Leather-Like Binders with DublLock Round Rings,10.475999999999999,6,0.8,-17.285400000000006
8001,US-2012-151407,2014-11-08,2014-11-12,Standard Class,RD-19585,Rob Dowd,Consumer,United States,Dubuque,Iowa,52001,Central,TEC-PH-10003885,Technology,Phones,Cisco SPA508G,263.96,4,0.0,76.54839999999999
1988,CA-2012-127509,2014-11-09,2014-11-13,Standard Class,AS-10090,Adam Shillingsburg,Consumer,United States,Springfield,Missouri,65807,Central,OFF-BI-10002393,Office Supplies,Binders,Binder Posts,17.22,3,0.0,7.921200000000001
1989,CA-2012-127509,2014-11-09,2014-11-13,Standard Class,AS-10090,Adam Shillingsburg,Consumer,United States,Springfield,Missouri,65807,Central,FUR-TA-10002855,Furniture,Tables,Bevis Round Conference Table Top & Single Column Base,1024.38,7,0.0,215.11979999999994
1990,CA-2012-127509,2014-11-09,2014-11-13,Standard Class,AS-10090,Adam Shillingsburg,Consumer,United States,Springfield,Missouri,65807,Central,OFF-EN-10000781,Office Supplies,Envelopes,"#10- 4 1/8"" x 9 1/2"" Recycled Envelopes",26.22,3,0.0,12.3234
1991,CA-2012-127509,2014-11-09,2014-11-13,Standard Class,AS-10090,Adam Shillingsburg,Consumer,United States,Springfield,Missouri,65807,Central,OFF-PA-10002160,Office Supplies,Paper,Xerox 1978,17.34,3,0.0,8.4966
8742,CA-2012-113222,2014-11-09,2014-11-09,Same Day,AG-10765,Anthony Garverick,Home Office,United States,Lawrence,Indiana,46226,Central,OFF-BI-10001890,Office Supplies,Binders,Avery Poly Binder Pockets,10.74,3,0.0,5.1552
5006,CA-2012-158659,2014-11-10,2014-11-14,Second Class,SC-20695,Steve Chapman,Corporate,United States,Richmond,Indiana,47374,Central,OFF-ST-10003306,Office Supplies,Storage,Letter Size Cart,714.3000000000001,5,0.0,207.14699999999993
5849,CA-2012-121783,2014-11-10,2014-11-14,Standard Class,PO-19180,Philisse Overcash,Home Office,United States,Roseville,Minnesota,55113,Central,OFF-AP-10003849,Office Supplies,Appliances,Hoover Shoulder Vac Commercial Portable Vacuum,715.64,2,0.0,178.90999999999997
5850,CA-2012-121783,2014-11-10,2014-11-14,Standard Class,PO-19180,Philisse Overcash,Home Office,United States,Roseville,Minnesota,55113,Central,OFF-ST-10000078,Office Supplies,Storage,Tennsco 6- and 18-Compartment Lockers,795.51,3,0.0,143.19179999999994
5851,CA-2012-121783,2014-11-10,2014-11-14,Standard Class,PO-19180,Philisse Overcash,Home Office,United States,Roseville,Minnesota,55113,Central,TEC-CO-10001571,Technology,Copiers,Sharp 1540cs Digital Laser Copier,549.99,1,0.0,274.995
5852,CA-2012-121783,2014-11-10,2014-11-14,Standard Class,PO-19180,Philisse Overcash,Home Office,United States,Roseville,Minnesota,55113,Central,OFF-BI-10001658,Office Supplies,Binders,GBC Standard Therm-A-Bind Covers,74.76,3,0.0,34.3896
5853,CA-2012-121783,2014-11-10,2014-11-14,Standard Class,PO-19180,Philisse Overcash,Home Office,United States,Roseville,Minnesota,55113,Central,FUR-FU-10004351,Furniture,Furnishings,Staple-based wall hangings,29.22,3,0.0,12.856800000000002
9314,CA-2012-111948,2014-11-11,2014-11-11,Same Day,AG-10495,Andrew Gjertsen,Corporate,United States,Detroit,Michigan,48234,Central,OFF-ST-10003282,Office Supplies,Storage,"Advantus 10-Drawer Portable Organizer, Chrome Metal Frame, Smoke Drawers",418.32,7,0.0,117.12960000000004
9315,CA-2012-111948,2014-11-11,2014-11-11,Same Day,AG-10495,Andrew Gjertsen,Corporate,United States,Detroit,Michigan,48234,Central,OFF-AP-10002311,Office Supplies,Appliances,"Holmes Replacement Filter for HEPA Air Cleaner, Very Large Room, HEPA Filter",123.858,2,0.1,46.790800000000004
8378,CA-2012-162964,2014-11-12,2014-11-18,Standard Class,MF-18250,Monica Federle,Corporate,United States,Houston,Texas,77095,Central,OFF-ST-10002344,Office Supplies,Storage,"Carina 42""Hx23 3/4""W Media Storage Unit",64.784,1,0.2,-14.576399999999996
8379,CA-2012-162964,2014-11-12,2014-11-18,Standard Class,MF-18250,Monica Federle,Corporate,United States,Houston,Texas,77095,Central,OFF-PA-10003349,Office Supplies,Paper,Xerox 1957,15.552000000000003,3,0.2,5.6376
8380,CA-2012-162964,2014-11-12,2014-11-18,Standard Class,MF-18250,Monica Federle,Corporate,United States,Houston,Texas,77095,Central,OFF-EN-10003055,Office Supplies,Envelopes,"Blue String-Tie & Button Interoffice Envelopes, 10 x 13",223.88799999999998,7,0.2,69.96499999999997
5113,CA-2012-153073,2014-11-13,2014-11-13,Same Day,HA-14905,Helen Abelman,Consumer,United States,Chicago,Illinois,60610,Central,FUR-FU-10001025,Furniture,Furnishings,"Eldon Imàge Series Desk Accessories, Clear",17.496000000000002,9,0.6,-7.435799999999997
6198,CA-2012-149909,2014-11-13,2014-11-17,Standard Class,RA-19915,Russell Applegate,Consumer,United States,Columbus,Indiana,47201,Central,OFF-PA-10000726,Office Supplies,Paper,"Black Print Carbonless Snap-Off Rapid Letter, 8 1/2"" x 7""",63.769999999999996,7,0.0,28.696499999999993
6199,CA-2012-149909,2014-11-13,2014-11-17,Standard Class,RA-19915,Russell Applegate,Consumer,United States,Columbus,Indiana,47201,Central,TEC-PH-10001536,Technology,Phones,Spigen Samsung Galaxy S5 Case Wallet,50.97,3,0.0,13.252199999999997
6200,CA-2012-149909,2014-11-13,2014-11-17,Standard Class,RA-19915,Russell Applegate,Consumer,United States,Columbus,Indiana,47201,Central,OFF-PA-10001790,Office Supplies,Paper,Xerox 1910,96.08,2,0.0,46.118399999999994
9692,CA-2012-130183,2014-11-13,2014-11-17,Standard Class,PO-18850,Patrick O'Brill,Consumer,United States,Houston,Texas,77041,Central,FUR-BO-10001811,Furniture,Bookcases,"Atlantic Metals Mobile 5-Shelf Bookcases, Custom Colors",613.9992,3,0.32,-18.058800000000076
549,CA-2012-113173,2014-11-15,2014-11-17,Second Class,DK-13225,Dean Katz,Corporate,United States,Chicago,Illinois,60653,Central,OFF-ST-10000604,Office Supplies,Storage,Home/Office Personal File Carts,250.272,9,0.2,15.641999999999982
550,CA-2012-113173,2014-11-15,2014-11-17,Second Class,DK-13225,Dean Katz,Corporate,United States,Chicago,Illinois,60653,Central,OFF-BI-10004738,Office Supplies,Binders,Flexible Leather- Look Classic Collection Ring Binder,11.363999999999997,3,0.8,-17.046
551,CA-2012-113173,2014-11-15,2014-11-17,Second Class,DK-13225,Dean Katz,Corporate,United States,Chicago,Illinois,60653,Central,OFF-SU-10001935,Office Supplies,Supplies,Staple remover,8.72,5,0.2,-1.7440000000000015
2811,CA-2012-135685,2014-11-16,2014-11-18,Second Class,MP-18175,Mike Pelletier,Home Office,United States,Milwaukee,Wisconsin,53209,Central,OFF-PA-10000157,Office Supplies,Paper,Xerox 191,179.82,9,0.0,84.5154
2812,CA-2012-135685,2014-11-16,2014-11-18,Second Class,MP-18175,Mike Pelletier,Home Office,United States,Milwaukee,Wisconsin,53209,Central,FUR-FU-10001185,Furniture,Furnishings,"Advantus Employee of the Month Certificate Frame, 11 x 13-1/2",185.57999999999998,6,0.0,76.0878
2813,CA-2012-135685,2014-11-16,2014-11-18,Second Class,MP-18175,Mike Pelletier,Home Office,United States,Milwaukee,Wisconsin,53209,Central,FUR-TA-10001520,Furniture,Tables,"Lesro Sheffield Collection Coffee Table, End Table, Center Table, Corner Table",214.11,3,0.0,36.39869999999998
2814,CA-2012-135685,2014-11-16,2014-11-18,Second Class,MP-18175,Mike Pelletier,Home Office,United States,Milwaukee,Wisconsin,53209,Central,TEC-AC-10004145,Technology,Accessories,Logitech diNovo Edge Keyboard,999.96,4,0.0,229.99080000000004
2815,CA-2012-135685,2014-11-16,2014-11-18,Second Class,MP-18175,Mike Pelletier,Home Office,United States,Milwaukee,Wisconsin,53209,Central,FUR-TA-10000688,Furniture,Tables,"Chromcraft Bull-Nose Wood Round Conference Table Top, Wood Base",653.55,3,0.0,111.10349999999994
6794,CA-2012-145394,2014-11-16,2014-11-20,Standard Class,MC-17605,Matt Connell,Corporate,United States,Chicago,Illinois,60610,Central,OFF-ST-10000344,Office Supplies,Storage,"Neat Ideas Personal Hanging Folder Files, Black",21.488,2,0.2,1.6115999999999993
6795,CA-2012-145394,2014-11-16,2014-11-20,Standard Class,MC-17605,Matt Connell,Corporate,United States,Chicago,Illinois,60610,Central,TEC-PH-10001051,Technology,Phones,HTC One,239.976,3,0.2,26.997299999999967
6796,CA-2012-145394,2014-11-16,2014-11-20,Standard Class,MC-17605,Matt Connell,Corporate,United States,Chicago,Illinois,60610,Central,FUR-FU-10001215,Furniture,Furnishings,"Howard Miller 11-1/2"" Diameter Brentwood Wall Clock",34.504000000000005,2,0.6,-15.526799999999994
4421,CA-2012-163090,2014-11-17,2014-11-21,Second Class,GH-14665,Greg Hansen,Consumer,United States,Chicago,Illinois,60610,Central,OFF-SU-10002537,Office Supplies,Supplies,Acme Box Cutter Scissors,40.92,5,0.2,3.0690000000000026
8008,CA-2012-110863,2014-11-17,2014-11-24,Standard Class,AA-10645,Anna Andreadi,Consumer,United States,Oklahoma City,Oklahoma,73120,Central,OFF-ST-10002756,Office Supplies,Storage,"Tennsco Stur-D-Stor Boltless Shelving, 5 Shelves, 24"" Deep, Sand",541.24,4,0.0,5.412400000000048
8009,CA-2012-110863,2014-11-17,2014-11-24,Standard Class,AA-10645,Anna Andreadi,Consumer,United States,Oklahoma City,Oklahoma,73120,Central,OFF-PA-10000474,Office Supplies,Paper,Easy-staple paper,106.32,3,0.0,49.97039999999999
8010,CA-2012-110863,2014-11-17,2014-11-24,Standard Class,AA-10645,Anna Andreadi,Consumer,United States,Oklahoma City,Oklahoma,73120,Central,FUR-CH-10002073,Furniture,Chairs,Hon Olson Stacker Chairs,1323.8999999999999,5,0.0,383.9309999999999
6952,CA-2012-161767,2014-11-20,2014-11-24,Standard Class,GK-14620,Grace Kelly,Corporate,United States,Dallas,Texas,75217,Central,TEC-MA-10002790,Technology,Machines,NeatDesk Desktop Scanner & Digital Filing System,479.988,2,0.4,55.99859999999995
4285,CA-2012-105690,2014-11-21,2014-11-26,Second Class,CA-11965,Carol Adams,Corporate,United States,Port Arthur,Texas,77642,Central,FUR-BO-10003965,Furniture,Bookcases,O'Sullivan Manor Hill 2-Door Library in Brianna Oak,246.13279999999997,2,0.32,-76.01159999999997
4286,CA-2012-105690,2014-11-21,2014-11-26,Second Class,CA-11965,Carol Adams,Corporate,United States,Port Arthur,Texas,77642,Central,OFF-LA-10000240,Office Supplies,Labels,Self-Adhesive Address Labels for Typewriters by Universal,11.696,2,0.2,3.9473999999999996
4287,CA-2012-105690,2014-11-21,2014-11-26,Second Class,CA-11965,Carol Adams,Corporate,United States,Port Arthur,Texas,77642,Central,TEC-CO-10001571,Technology,Copiers,Sharp 1540cs Digital Laser Copier,439.992,1,0.2,164.997
6675,CA-2012-109337,2014-11-21,2014-11-23,Second Class,DL-13330,Denise Leinenbach,Consumer,United States,Lawrence,Indiana,46226,Central,OFF-AR-10003759,Office Supplies,Art,"Crayola Anti Dust Chalk, 12/Pack",10.92,6,0.0,4.914
6676,CA-2012-109337,2014-11-21,2014-11-23,Second Class,DL-13330,Denise Leinenbach,Consumer,United States,Lawrence,Indiana,46226,Central,TEC-MA-10002930,Technology,Machines,Ricoh - Ink Collector Unit for GX3000 Series Printers,83.9,2,0.0,22.653000000000006
6677,CA-2012-109337,2014-11-21,2014-11-23,Second Class,DL-13330,Denise Leinenbach,Consumer,United States,Lawrence,Indiana,46226,Central,OFF-AP-10004052,Office Supplies,Appliances,"Hoover Replacement Belts For Soft Guard & Commercial Ltweight Upright Vacs, 2/Pk",19.75,5,0.0,5.135000000000001
6678,CA-2012-109337,2014-11-21,2014-11-23,Second Class,DL-13330,Denise Leinenbach,Consumer,United States,Lawrence,Indiana,46226,Central,TEC-AC-10000990,Technology,Accessories,Imation Bio 2GB USB Flash Drive Imation Corp,393.54,3,0.0,165.28680000000003
8765,CA-2012-107083,2014-11-21,2014-11-27,Standard Class,BB-11545,Brenda Bowman,Corporate,United States,Fort Worth,Texas,76106,Central,OFF-AR-10002257,Office Supplies,Art,"Eldon Spacemaker Box, Quick-Snap Lid, Clear",5.344,2,0.2,0.7347999999999992
8766,CA-2012-107083,2014-11-21,2014-11-27,Standard Class,BB-11545,Brenda Bowman,Corporate,United States,Fort Worth,Texas,76106,Central,OFF-BI-10000756,Office Supplies,Binders,Storex DuraTech Recycled Plastic Frosted Binders,1.6959999999999997,2,0.8,-2.5440000000000005
8767,CA-2012-107083,2014-11-21,2014-11-27,Standard Class,BB-11545,Brenda Bowman,Corporate,United States,Fort Worth,Texas,76106,Central,OFF-AP-10004136,Office Supplies,Appliances,Kensington 6 Outlet SmartSocket Surge Protector,24.587999999999994,3,0.8,-67.61700000000002
8768,CA-2012-107083,2014-11-21,2014-11-27,Standard Class,BB-11545,Brenda Bowman,Corporate,United States,Fort Worth,Texas,76106,Central,OFF-BI-10002194,Office Supplies,Binders,Cardinal Hold-It CD Pocket,7.979999999999999,5,0.8,-13.167000000000002
15,US-2012-118983,2014-11-22,2014-11-26,Standard Class,HP-14815,Harold Pawlan,Home Office,United States,Fort Worth,Texas,76106,Central,OFF-AP-10002311,Office Supplies,Appliances,"Holmes Replacement Filter for HEPA Air Cleaner, Very Large Room, HEPA Filter",68.80999999999999,5,0.8,-123.858
16,US-2012-118983,2014-11-22,2014-11-26,Standard Class,HP-14815,Harold Pawlan,Home Office,United States,Fort Worth,Texas,76106,Central,OFF-BI-10000756,Office Supplies,Binders,Storex DuraTech Recycled Plastic Frosted Binders,2.5439999999999996,3,0.8,-3.8160000000000016
1751,CA-2012-139094,2014-11-22,2014-11-27,Standard Class,MO-17800,Meg O'Connel,Home Office,United States,San Antonio,Texas,78207,Central,FUR-TA-10004607,Furniture,Tables,Hon 2111 Invitation Series Straight Table,206.96200000000002,2,0.3,-32.52260000000001
2748,US-2012-165449,2014-11-22,2014-11-26,Standard Class,AP-10720,Anne Pryor,Home Office,United States,Frisco,Texas,75034,Central,TEC-AC-10004127,Technology,Accessories,SanDisk Cruzer 8 GB USB Flash Drive,27.168000000000003,4,0.2,-1.3583999999999987
1547,CA-2012-111395,2014-11-23,2014-11-27,Standard Class,VB-21745,Victoria Brennan,Corporate,United States,San Antonio,Texas,78207,Central,OFF-PA-10000994,Office Supplies,Paper,Xerox 1915,335.52,4,0.2,117.43199999999999
1548,CA-2012-111395,2014-11-23,2014-11-27,Standard Class,VB-21745,Victoria Brennan,Corporate,United States,San Antonio,Texas,78207,Central,OFF-BI-10002867,Office Supplies,Binders,GBC Recycled Regency Composition Covers,23.911999999999995,2,0.8,-40.65040000000002
1549,CA-2012-111395,2014-11-23,2014-11-27,Standard Class,VB-21745,Victoria Brennan,Corporate,United States,San Antonio,Texas,78207,Central,OFF-ST-10001291,Office Supplies,Storage,"Tenex Personal Self-Stacking Standard File Box, Black/Gray",27.056,2,0.2,2.367399999999999
5773,CA-2012-158939,2014-11-26,2014-12-01,Standard Class,EA-14035,Erin Ashbrook,Corporate,United States,Springfield,Missouri,65807,Central,TEC-CO-10002313,Technology,Copiers,Canon PC1080F Personal Copier,599.99,1,0.0,233.9961
255,US-2012-159982,2014-11-28,2014-12-04,Standard Class,DR-12880,Dan Reichenbach,Corporate,United States,Chicago,Illinois,60623,Central,FUR-FU-10002505,Furniture,Furnishings,Eldon 100 Class Desk Accessories,12.132000000000001,9,0.6,-8.492399999999998
256,US-2012-159982,2014-11-28,2014-12-04,Standard Class,DR-12880,Dan Reichenbach,Corporate,United States,Chicago,Illinois,60623,Central,OFF-ST-10004804,Office Supplies,Storage,"Belkin 19"" Vented Equipment Shelf, Black",82.368,2,0.2,-19.562399999999997
257,US-2012-159982,2014-11-28,2014-12-04,Standard Class,DR-12880,Dan Reichenbach,Corporate,United States,Chicago,Illinois,60623,Central,OFF-ST-10001590,Office Supplies,Storage,"Tenex Personal Project File with Scoop Front Design, Black",53.92,5,0.2,4.043999999999997
258,US-2012-159982,2014-11-28,2014-12-04,Standard Class,DR-12880,Dan Reichenbach,Corporate,United States,Chicago,Illinois,60623,Central,TEC-PH-10001580,Technology,Phones,Logitech Mobile Speakerphone P710e - speaker phone,647.904,6,0.2,56.691599999999966
3865,CA-2012-157133,2014-11-28,2014-12-03,Standard Class,LC-16885,Lena Creighton,Consumer,United States,Champaign,Illinois,61821,Central,FUR-FU-10004904,Furniture,Furnishings,"Eldon ""L"" Workstation Diamond Chairmat",151.96,5,0.6,-182.35200000000003
8820,CA-2012-142930,2014-11-28,2014-12-02,Standard Class,EB-14170,Evan Bailliet,Consumer,United States,Austin,Texas,78745,Central,OFF-PA-10003395,Office Supplies,Paper,Xerox 1941,335.52,4,0.2,117.43199999999999
623,CA-2012-138009,2014-11-29,2014-12-03,Standard Class,SF-20965,Sylvia Foulston,Corporate,United States,Dearborn,Michigan,48126,Central,FUR-CH-10004853,Furniture,Chairs,"Global Manager's Adjustable Task Chair, Storm",301.96,2,0.0,87.56839999999997
624,CA-2012-138009,2014-11-29,2014-12-03,Standard Class,SF-20965,Sylvia Foulston,Corporate,United States,Dearborn,Michigan,48126,Central,OFF-AP-10000179,Office Supplies,Appliances,Honeywell Enviracaire Portable HEPA Air Cleaner for up to 10 x 16 Room,555.21,5,0.1,178.901
625,CA-2012-138009,2014-11-29,2014-12-03,Standard Class,SF-20965,Sylvia Foulston,Corporate,United States,Dearborn,Michigan,48126,Central,OFF-ST-10001272,Office Supplies,Storage,"Mini 13-1/2 Capacity Data Binder Rack, Pearl",523.48,4,0.0,130.87
626,CA-2012-138009,2014-11-29,2014-12-03,Standard Class,SF-20965,Sylvia Foulston,Corporate,United States,Dearborn,Michigan,48126,Central,OFF-AR-10004042,Office Supplies,Art,"BOSTON Model 1800 Electric Pencil Sharpeners, Putty/Woodgrain",161.82,9,0.0,46.92779999999998
1081,CA-2012-110016,2014-11-29,2014-12-04,Standard Class,BT-11395,Bill Tyler,Corporate,United States,Detroit,Michigan,48227,Central,OFF-PA-10000349,Office Supplies,Paper,Easy-staple paper,19.92,4,0.0,9.362400000000001
1082,CA-2012-110016,2014-11-29,2014-12-04,Standard Class,BT-11395,Bill Tyler,Corporate,United States,Detroit,Michigan,48227,Central,FUR-CH-10002880,Furniture,Chairs,"Global High-Back Leather Tilter, Burgundy",1106.9099999999999,9,0.0,121.76009999999994
1567,CA-2012-129112,2014-11-29,2014-11-30,First Class,AW-10840,Anthony Witt,Consumer,United States,Allen,Texas,75002,Central,TEC-AC-10003038,Technology,Accessories,Kingston Digital DataTraveler 16GB USB 2.0,21.48,3,0.2,-0.26850000000000307
1568,CA-2012-129112,2014-11-29,2014-11-30,First Class,AW-10840,Anthony Witt,Consumer,United States,Allen,Texas,75002,Central,OFF-BI-10000088,Office Supplies,Binders,GBC Imprintable Covers,8.783999999999999,4,0.8,-13.615200000000002
2923,US-2012-141453,2014-11-30,2014-12-03,Second Class,DB-13270,Deborah Brumfield,Home Office,United States,Austin,Texas,78745,Central,OFF-BI-10000301,Office Supplies,Binders,GBC Instant Report Kit,3.881999999999999,3,0.8,-5.823
1474,US-2012-105676,2014-12-01,2014-12-02,Same Day,NM-18520,Neoma Murray,Consumer,United States,Houston,Texas,77036,Central,FUR-FU-10004270,Furniture,Furnishings,"Eldon Image Series Desk Accessories, Burgundy",6.688,4,0.6,-4.012799999999999
9355,CA-2012-110324,2014-12-01,2014-12-05,Standard Class,MA-17560,Matt Abelman,Home Office,United States,Jackson,Michigan,49201,Central,OFF-PA-10001826,Office Supplies,Paper,Xerox 207,19.44,3,0.0,9.3312
9356,CA-2012-110324,2014-12-01,2014-12-05,Standard Class,MA-17560,Matt Abelman,Home Office,United States,Jackson,Michigan,49201,Central,OFF-AR-10000823,Office Supplies,Art,Newell 307,3.64,2,0.0,1.0192
9357,CA-2012-110324,2014-12-01,2014-12-05,Standard Class,MA-17560,Matt Abelman,Home Office,United States,Jackson,Michigan,49201,Central,OFF-PA-10001776,Office Supplies,Paper,"Wirebound Message Books, Four 2 3/4"" x 5"" Forms per Page, 600 Sets per Book",18.54,2,0.0,8.713799999999999
3851,CA-2012-142377,2014-12-04,2014-12-09,Standard Class,MS-17980,Michael Stewart,Corporate,United States,Springfield,Missouri,65807,Central,OFF-PA-10001970,Office Supplies,Paper,Xerox 1881,85.96,7,0.0,40.401199999999996
5635,CA-2012-134943,2014-12-05,2014-12-06,First Class,SU-20665,Stephanie Ulpright,Home Office,United States,Ann Arbor,Michigan,48104,Central,OFF-BI-10000666,Office Supplies,Binders,Surelock Post Binders,152.79999999999998,5,0.0,76.39999999999999
8321,CA-2012-142937,2014-12-05,2014-12-06,First Class,SF-20065,Sandra Flanagan,Consumer,United States,Dallas,Texas,75220,Central,OFF-AR-10003582,Office Supplies,Art,"Boston Electric Pencil Sharpener, Model 1818, Charcoal Black",45.04,2,0.2,4.504000000000003
9725,CA-2012-117898,2014-12-05,2014-12-11,Standard Class,TB-21250,Tim Brockman,Consumer,United States,Bloomington,Illinois,61701,Central,OFF-EN-10004459,Office Supplies,Envelopes,Security-Tint Envelopes,12.224,2,0.2,4.4312
1285,US-2012-149692,2014-12-06,2014-12-12,Standard Class,KW-16435,Katrina Willman,Consumer,United States,Austin,Texas,78745,Central,OFF-BI-10002813,Office Supplies,Binders,Avery Reinforcements for Hole-Punch Pages,2.7719999999999994,7,0.8,-4.851000000000001
4073,CA-2012-156104,2014-12-06,2014-12-08,Second Class,NP-18685,Nora Pelletier,Home Office,United States,Indianapolis,Indiana,46203,Central,TEC-CO-10002095,Technology,Copiers,Hewlett Packard 610 Color Digital Copier / Printer,999.98,2,0.0,449.991
1756,CA-2012-135622,2014-12-08,2014-12-11,Second Class,TT-21460,Tonja Turnell,Home Office,United States,Fort Worth,Texas,76106,Central,OFF-PA-10000100,Office Supplies,Paper,Xerox 1945,360.712,11,0.2,130.7581
1757,CA-2012-135622,2014-12-08,2014-12-11,Second Class,TT-21460,Tonja Turnell,Home Office,United States,Fort Worth,Texas,76106,Central,TEC-PH-10001817,Technology,Phones,Wilson Electronics DB Pro Signal Booster,1718.4,6,0.2,150.36000000000013
3768,CA-2012-103205,2014-12-08,2014-12-10,Second Class,JJ-15760,Joel Jenkins,Home Office,United States,Houston,Texas,77036,Central,TEC-PH-10004896,Technology,Phones,Nokia Lumia 521 (T-Mobile),119.96000000000001,5,0.2,11.996000000000002
980,CA-2012-157035,2014-12-09,2014-12-12,First Class,KB-16600,Ken Brennan,Corporate,United States,Columbus,Indiana,47201,Central,OFF-PA-10004156,Office Supplies,Paper,Xerox 188,34.019999999999996,3,0.0,16.6698
3583,CA-2012-121650,2014-12-10,2014-12-16,Standard Class,KD-16495,Keith Dawkins,Corporate,United States,Jackson,Michigan,49201,Central,OFF-AR-10001149,Office Supplies,Art,"Avery Hi-Liter Comfort Grip Fluorescent Highlighter, Yellow Ink",3.9,2,0.0,1.521
3584,CA-2012-121650,2014-12-10,2014-12-16,Standard Class,KD-16495,Keith Dawkins,Corporate,United States,Jackson,Michigan,49201,Central,FUR-TA-10003569,Furniture,Tables,Bretford CR8500 Series Meeting Room Furniture,801.96,2,0.0,200.49
3585,CA-2012-121650,2014-12-10,2014-12-16,Standard Class,KD-16495,Keith Dawkins,Corporate,United States,Jackson,Michigan,49201,Central,FUR-CH-10004289,Furniture,Chairs,Global Super Steno Chair,191.96,2,0.0,32.63319999999999
3586,CA-2012-121650,2014-12-10,2014-12-16,Standard Class,KD-16495,Keith Dawkins,Corporate,United States,Jackson,Michigan,49201,Central,OFF-LA-10001045,Office Supplies,Labels,Permanent Self-Adhesive File Folder Labels for Typewriters by Universal,2.61,1,0.0,1.2006
7154,CA-2012-106208,2014-12-10,2014-12-15,Standard Class,JW-16075,Julia West,Consumer,United States,Chicago,Illinois,60610,Central,OFF-AP-10004980,Office Supplies,Appliances,3M Replacement Filter for Office Air Cleaner for 20' x 33' Room,53.087999999999994,7,0.8,-108.8304
2012,CA-2012-155761,2014-12-11,2014-12-11,Same Day,SC-20800,Stuart Calhoun,Consumer,United States,Houston,Texas,77041,Central,TEC-AC-10001606,Technology,Accessories,Logitech Wireless Performance Mouse MX for PC and Mac,159.984,2,0.2,35.9964
2013,CA-2012-155761,2014-12-11,2014-12-11,Same Day,SC-20800,Stuart Calhoun,Consumer,United States,Houston,Texas,77041,Central,OFF-ST-10000943,Office Supplies,Storage,Eldon ProFile File 'N Store Portable File Tub Letter/Legal Size Black,46.344,3,0.2,4.634400000000001
8509,CA-2012-135853,2014-12-11,2014-12-14,First Class,CA-12775,Cynthia Arntzen,Consumer,United States,Detroit,Michigan,48205,Central,TEC-AC-10004761,Technology,Accessories,Maxell 4.7GB DVD+RW 3/Pack,175.23,11,0.0,61.3305
8510,CA-2012-135853,2014-12-11,2014-12-14,First Class,CA-12775,Cynthia Arntzen,Consumer,United States,Detroit,Michigan,48205,Central,TEC-PH-10003691,Technology,Phones,BlackBerry Q10,125.99,1,0.0,31.497500000000002
8511,CA-2012-135853,2014-12-11,2014-12-14,First Class,CA-12775,Cynthia Arntzen,Consumer,United States,Detroit,Michigan,48205,Central,OFF-BI-10004965,Office Supplies,Binders,Ibico Covers for Plastic or Wire Binding Elements,23.0,2,0.0,10.35
4754,US-2012-167220,2014-12-12,2014-12-16,Standard Class,JB-15925,Joni Blumstein,Consumer,United States,Austin,Texas,78745,Central,TEC-AC-10002018,Technology,Accessories,AmazonBasics 3-Button USB Wired Mouse,22.368000000000002,4,0.2,6.430800000000001
4695,US-2012-138121,2014-12-17,2014-12-17,Same Day,JL-15835,John Lee,Consumer,United States,Detroit,Michigan,48205,Central,OFF-BI-10000320,Office Supplies,Binders,GBC Plastic Binding Combs,29.52,4,0.0,14.4648
4696,US-2012-138121,2014-12-17,2014-12-17,Same Day,JL-15835,John Lee,Consumer,United States,Detroit,Michigan,48205,Central,FUR-CH-10003846,Furniture,Chairs,Hon Valutask Swivel Chairs,302.94,3,0.0,48.47040000000001
4697,US-2012-138121,2014-12-17,2014-12-17,Same Day,JL-15835,John Lee,Consumer,United States,Detroit,Michigan,48205,Central,FUR-CH-10004875,Furniture,Chairs,Harbour Creations 67200 Series Stacking Chairs,142.36,2,0.0,38.437200000000004
4698,US-2012-138121,2014-12-17,2014-12-17,Same Day,JL-15835,John Lee,Consumer,United States,Detroit,Michigan,48205,Central,FUR-CH-10003817,Furniture,Chairs,"Global Value Steno Chair, Gray",546.66,9,0.0,136.66500000000002
4699,US-2012-138121,2014-12-17,2014-12-17,Same Day,JL-15835,John Lee,Consumer,United States,Detroit,Michigan,48205,Central,FUR-FU-10002116,Furniture,Furnishings,"Tenex Carpeted, Granite-Look or Clear Contemporary Contour Shape Chair Mats",212.13,3,0.0,14.849099999999979
6685,US-2012-129637,2014-12-17,2014-12-22,Standard Class,MC-18100,Mick Crebagga,Consumer,United States,Bloomington,Illinois,61701,Central,OFF-ST-10003716,Office Supplies,Storage,Tennsco Double-Tier Lockers,180.01600000000002,1,0.2,-15.751400000000004
6686,US-2012-129637,2014-12-17,2014-12-22,Standard Class,MC-18100,Mick Crebagga,Consumer,United States,Bloomington,Illinois,61701,Central,FUR-FU-10000965,Furniture,Furnishings,"Howard Miller 11-1/2"" Diameter Ridgewood Wall Clock",41.552,2,0.6,-19.737199999999994
6687,US-2012-129637,2014-12-17,2014-12-22,Standard Class,MC-18100,Mick Crebagga,Consumer,United States,Bloomington,Illinois,61701,Central,OFF-AR-10003829,Office Supplies,Art,Newell 35,13.120000000000001,5,0.2,1.4759999999999982
4077,CA-2012-100685,2014-12-19,2014-12-21,Second Class,SM-20950,Suzanne McNair,Corporate,United States,Omaha,Nebraska,68104,Central,OFF-BI-10003094,Office Supplies,Binders,Self-Adhesive Ring Binder Labels,7.04,2,0.0,3.3087999999999997
4078,CA-2012-100685,2014-12-19,2014-12-21,Second Class,SM-20950,Suzanne McNair,Corporate,United States,Omaha,Nebraska,68104,Central,OFF-FA-10003472,Office Supplies,Fasteners,Bagged Rubber Bands,5.04,4,0.0,0.2016
4079,CA-2012-100685,2014-12-19,2014-12-21,Second Class,SM-20950,Suzanne McNair,Corporate,United States,Omaha,Nebraska,68104,Central,OFF-PA-10001289,Office Supplies,Paper,White Computer Printout Paper by Universal,116.28,3,0.0,56.977199999999996
6453,US-2012-110261,2014-12-19,2014-12-23,Second Class,PR-18880,Patrick Ryan,Consumer,United States,Glenview,Illinois,60025,Central,TEC-PH-10001750,Technology,Phones,Samsung Rugby III,158.376,3,0.2,13.857900000000008
7747,CA-2012-109113,2014-12-19,2014-12-23,Standard Class,EK-13795,Eileen Kiefer,Home Office,United States,Chicago,Illinois,60610,Central,TEC-AC-10004761,Technology,Accessories,Maxell 4.7GB DVD+RW 3/Pack,25.488,2,0.2,4.779
345,US-2012-120712,2014-12-20,2014-12-24,Standard Class,CS-12130,Chad Sievert,Consumer,United States,Austin,Texas,78745,Central,OFF-ST-10000107,Office Supplies,Storage,Fellowes Super Stor/Drawer,88.80000000000001,4,0.2,-2.220000000000013
1722,US-2012-123218,2014-12-20,2014-12-25,Standard Class,KD-16345,Katherine Ducich,Consumer,United States,Chicago,Illinois,60623,Central,TEC-PH-10001061,Technology,Phones,Apple iPhone 5C,159.984,2,0.2,11.998799999999996
1723,US-2012-123218,2014-12-20,2014-12-25,Standard Class,KD-16345,Katherine Ducich,Consumer,United States,Chicago,Illinois,60623,Central,TEC-AC-10000736,Technology,Accessories,Logitech G600 MMO Gaming Mouse,255.968,4,0.2,51.193599999999996
1724,US-2012-123218,2014-12-20,2014-12-25,Standard Class,KD-16345,Katherine Ducich,Consumer,United States,Chicago,Illinois,60623,Central,FUR-BO-10003966,Furniture,Bookcases,"Sauder Facets Collection Library, Sky Alder Finish",359.05799999999994,3,0.3,-71.81160000000003
9012,CA-2012-137071,2014-12-20,2014-12-21,First Class,ED-13885,Emily Ducich,Home Office,United States,Houston,Texas,77036,Central,TEC-AC-10004353,Technology,Accessories,Hypercom P1300 Pinpad,100.80000000000001,2,0.2,21.42
8283,CA-2012-154284,2014-12-21,2014-12-26,Second Class,SZ-20035,Sam Zeldin,Home Office,United States,Saint Charles,Illinois,60174,Central,TEC-MA-10004241,Technology,Machines,Star Micronics TSP800 TSP847IIU Receipt Printer,600.53,2,0.3,137.26399999999995
8284,CA-2012-154284,2014-12-21,2014-12-26,Second Class,SZ-20035,Sam Zeldin,Home Office,United States,Saint Charles,Illinois,60174,Central,OFF-AR-10001468,Office Supplies,Art,"Sanford Prismacolor Professional Thick Lead Art Pencils, 36-Color Set",59.903999999999996,2,0.2,14.227200000000003
8285,CA-2012-154284,2014-12-21,2014-12-26,Second Class,SZ-20035,Sam Zeldin,Home Office,United States,Saint Charles,Illinois,60174,Central,TEC-AC-10003198,Technology,Accessories,Enermax Acrylux Wireless Keyboard,637.44,8,0.2,135.45599999999996
8286,CA-2012-154284,2014-12-21,2014-12-26,Second Class,SZ-20035,Sam Zeldin,Home Office,United States,Saint Charles,Illinois,60174,Central,FUR-FU-10003039,Furniture,Furnishings,"Howard Miller 11-1/2"" Diameter Grantwood Wall Clock",51.75600000000001,3,0.6,-33.6414
4013,CA-2012-153612,2014-12-22,2014-12-27,Standard Class,BT-11305,Beth Thompson,Home Office,United States,Superior,Wisconsin,54880,Central,OFF-AR-10000203,Office Supplies,Art,Newell 336,17.12,4,0.0,4.9647999999999985
8990,US-2012-128587,2014-12-24,2014-12-30,Standard Class,HM-14860,Harry Marie,Corporate,United States,Springfield,Missouri,65807,Central,FUR-FU-10003026,Furniture,Furnishings,"Eldon Regeneration Recycled Desk Accessories, Black",9.68,2,0.0,3.7752
8991,US-2012-128587,2014-12-24,2014-12-30,Standard Class,HM-14860,Harry Marie,Corporate,United States,Springfield,Missouri,65807,Central,TEC-CO-10003763,Technology,Copiers,Canon PC1060 Personal Laser Copier,4899.93,7,0.0,2302.9671
4110,CA-2012-153717,2014-12-25,2015-01-01,Standard Class,DL-13495,Dionis Lloyd,Corporate,United States,Detroit,Michigan,48227,Central,TEC-PH-10002923,Technology,Phones,"Logitech B530 USB Headset - headset - Full size, Binaural",73.98,2,0.0,19.974600000000002
4111,CA-2012-153717,2014-12-25,2015-01-01,Standard Class,DL-13495,Dionis Lloyd,Corporate,United States,Detroit,Michigan,48227,Central,FUR-BO-10004360,Furniture,Bookcases,Rush Hierlooms Collection Rich Wood Bookcases,160.98,1,0.0,20.927400000000006
4112,CA-2012-153717,2014-12-25,2015-01-01,Standard Class,DL-13495,Dionis Lloyd,Corporate,United States,Detroit,Michigan,48227,Central,OFF-PA-10002160,Office Supplies,Paper,Xerox 1978,17.34,3,0.0,8.4966
4113,CA-2012-153717,2014-12-25,2015-01-01,Standard Class,DL-13495,Dionis Lloyd,Corporate,United States,Detroit,Michigan,48227,Central,OFF-AR-10002375,Office Supplies,Art,Newell 351,3.28,1,0.0,0.9511999999999996
5690,CA-2012-119550,2014-12-26,2014-12-31,Standard Class,RB-19705,Roger Barcio,Home Office,United States,Houston,Texas,77070,Central,FUR-CH-10002044,Furniture,Chairs,"Office Star - Contemporary Task Swivel chair with 2-way adjustable arms, Plum",275.058,3,0.3,-90.3762
38,CA-2012-117415,2014-12-27,2014-12-31,Standard Class,SN-20710,Steve Nguyen,Home Office,United States,Houston,Texas,77041,Central,OFF-EN-10002986,Office Supplies,Envelopes,"#10-4 1/8"" x 9 1/2"" Premium Diagonal Seam Envelopes",113.328,9,0.2,35.415
39,CA-2012-117415,2014-12-27,2014-12-31,Standard Class,SN-20710,Steve Nguyen,Home Office,United States,Houston,Texas,77041,Central,FUR-BO-10002545,Furniture,Bookcases,"Atlantic Metals Mobile 3-Shelf Bookcases, Custom Colors",532.3992,3,0.32,-46.97640000000001
40,CA-2012-117415,2014-12-27,2014-12-31,Standard Class,SN-20710,Steve Nguyen,Home Office,United States,Houston,Texas,77041,Central,FUR-CH-10004218,Furniture,Chairs,"Global Fabric Manager's Chair, Dark Gray",212.058,3,0.3,-15.146999999999991
41,CA-2012-117415,2014-12-27,2014-12-31,Standard Class,SN-20710,Steve Nguyen,Home Office,United States,Houston,Texas,77041,Central,TEC-PH-10000486,Technology,Phones,Plantronics HL10 Handset Lifter,371.168,4,0.2,41.75639999999996
3191,US-2012-163783,2014-12-27,2015-01-01,Standard Class,DR-12940,Daniel Raglin,Home Office,United States,Chicago,Illinois,60610,Central,OFF-ST-10002957,Office Supplies,Storage,Sterilite Show Offs Storage Containers,12.672,3,0.2,-3.168
4810,CA-2012-151589,2014-12-27,2014-12-30,First Class,RE-19450,Richard Eichhorn,Consumer,United States,Eau Claire,Wisconsin,54703,Central,OFF-PA-10003228,Office Supplies,Paper,Xerox 1917,195.64,4,0.0,91.95079999999999
4811,CA-2012-151589,2014-12-27,2014-12-30,First Class,RE-19450,Richard Eichhorn,Consumer,United States,Eau Claire,Wisconsin,54703,Central,TEC-PH-10004345,Technology,Phones,Cisco SPA 502G IP Phone,239.9,2,0.0,71.97
4037,CA-2012-148859,2014-12-28,2015-01-01,Standard Class,FH-14350,Fred Harton,Consumer,United States,Chicago,Illinois,60623,Central,OFF-ST-10004950,Office Supplies,Storage,"Tenex Personal Filing Tote With Secure Closure Lid, Black/Frost",24.816000000000003,2,0.2,1.5509999999999984
2137,CA-2012-156377,2014-12-31,2015-01-05,Standard Class,TB-21625,Trudy Brown,Consumer,United States,Grand Prairie,Texas,75051,Central,FUR-FU-10002364,Furniture,Furnishings,"Eldon Expressions Wood Desk Accessories, Oak",14.76,5,0.6,-11.439000000000004
2138,CA-2012-156377,2014-12-31,2015-01-05,Standard Class,TB-21625,Trudy Brown,Consumer,United States,Grand Prairie,Texas,75051,Central,OFF-BI-10002954,Office Supplies,Binders,Newell 3-Hole Punched Plastic Slotted Magazine Holders for Binders,3.6559999999999993,4,0.8,-5.849600000000002
6072,CA-2012-120901,2014-12-31,2015-01-04,Standard Class,BG-11035,Barry Gonzalez,Consumer,United States,Austin,Texas,78745,Central,OFF-ST-10000025,Office Supplies,Storage,Fellowes Stor/Drawer Steel Plus Storage Drawers,152.68800000000002,2,0.2,-26.72040000000002
6073,CA-2012-120901,2014-12-31,2015-01-04,Standard Class,BG-11035,Barry Gonzalez,Consumer,United States,Austin,Texas,78745,Central,OFF-FA-10001561,Office Supplies,Fasteners,Stockwell Push Pins,3.4880000000000004,2,0.2,0.5668
6074,CA-2012-120901,2014-12-31,2015-01-04,Standard Class,BG-11035,Barry Gonzalez,Consumer,United States,Austin,Texas,78745,Central,OFF-SU-10001225,Office Supplies,Supplies,Staple remover,5.888000000000001,2,0.2,-1.3248000000000004
7356,CA-2012-139780,2014-12-31,2015-01-02,Second Class,AH-10690,Anna Häberlin,Corporate,United States,Detroit,Michigan,48205,Central,OFF-BI-10004139,Office Supplies,Binders,Fellowes Presentation Covers for Comb Binding Machines,116.4,8,0.0,52.379999999999995
8604,US-2013-116365,2015-01-03,2015-01-08,Standard Class,CA-12310,Christine Abelman,Corporate,United States,San Antonio,Texas,78207,Central,TEC-AC-10002217,Technology,Accessories,Imation Clip USB flash drive - 8 GB,30.080000000000002,2,0.2,-5.264
8605,US-2013-116365,2015-01-03,2015-01-08,Standard Class,CA-12310,Christine Abelman,Corporate,United States,San Antonio,Texas,78207,Central,TEC-AC-10002942,Technology,Accessories,WD My Passport Ultra 1TB Portable External Hard Drive,165.60000000000002,3,0.2,-6.210000000000015
8606,US-2013-116365,2015-01-03,2015-01-08,Standard Class,CA-12310,Christine Abelman,Corporate,United States,San Antonio,Texas,78207,Central,TEC-PH-10002890,Technology,Phones,AT&T 17929 Lendline Telephone,180.96,5,0.2,13.571999999999996
9494,CA-2013-105207,2015-01-03,2015-01-08,Standard Class,BO-11350,Bill Overfelt,Corporate,United States,Broken Arrow,Oklahoma,74012,Central,FUR-TA-10000617,Furniture,Tables,"Hon Practical Foundations 30 x 60 Training Table, Light Gray/Charcoal",1592.8500000000001,7,0.0,350.427
9495,CA-2013-105207,2015-01-03,2015-01-08,Standard Class,BO-11350,Bill Overfelt,Corporate,United States,Broken Arrow,Oklahoma,74012,Central,OFF-BI-10004364,Office Supplies,Binders,Storex Dura Pro Binders,11.88,2,0.0,5.346
8031,CA-2013-158806,2015-01-07,2015-01-11,Standard Class,NM-18520,Neoma Murray,Consumer,United States,Amarillo,Texas,79109,Central,FUR-FU-10004270,Furniture,Furnishings,"Executive Impressions 13"" Clairmont Wall Clock",23.076,3,0.6,-10.961100000000002
8032,CA-2013-158806,2015-01-07,2015-01-11,Standard Class,NM-18520,Neoma Murray,Consumer,United States,Amarillo,Texas,79109,Central,OFF-PA-10004621,Office Supplies,Paper,Xerox 212,25.920000000000005,5,0.2,9.072
6851,US-2013-100461,2015-01-08,2015-01-12,Standard Class,JO-15145,Jack O'Briant,Corporate,United States,Franklin,Wisconsin,53132,Central,FUR-BO-10002545,Furniture,Bookcases,"Atlantic Metals Mobile 3-Shelf Bookcases, Custom Colors",1565.88,6,0.0,407.12880000000007
6852,US-2013-100461,2015-01-08,2015-01-12,Standard Class,JO-15145,Jack O'Briant,Corporate,United States,Franklin,Wisconsin,53132,Central,OFF-BI-10001460,Office Supplies,Binders,Plastic Binding Combs,106.05,7,0.0,49.8435
8176,CA-2013-114944,2015-01-30,2015-02-04,Standard Class,HE-14800,Harold Engle,Corporate,United States,Chicago,Illinois,60623,Central,OFF-PA-10003892,Office Supplies,Paper,Xerox 1943,156.512,4,0.2,52.82279999999999
8925,CA-2013-168032,2015-01-30,2015-02-03,Standard Class,DF-13135,David Flashing,Consumer,United States,Rockford,Illinois,61107,Central,TEC-PH-10004241,Technology,Phones,Nokia Lumia 1020,1439.968,4,0.2,143.99680000000006
8926,CA-2013-168032,2015-01-30,2015-02-03,Standard Class,DF-13135,David Flashing,Consumer,United States,Rockford,Illinois,61107,Central,OFF-BI-10000546,Office Supplies,Binders,Avery Durable Binders,1.7279999999999995,3,0.8,-2.678399999999999
8927,CA-2013-168032,2015-01-30,2015-02-03,Standard Class,DF-13135,David Flashing,Consumer,United States,Rockford,Illinois,61107,Central,FUR-TA-10004256,Furniture,Tables,Bretford “Just In Time” Height-Adjustable Multi-Task Work Tables,626.0999999999999,3,0.5,-538.446
5114,CA-2013-147970,2015-01-31,2015-02-02,Second Class,AB-10150,Aimee Bixby,Consumer,United States,Dallas,Texas,75220,Central,OFF-PA-10003936,Office Supplies,Paper,Xerox 1994,15.552000000000003,3,0.2,5.4432
8513,CA-2013-144645,2015-02-02,2015-02-08,Standard Class,NS-18640,Noel Staavos,Corporate,United States,Houston,Texas,77041,Central,FUR-FU-10003601,Furniture,Furnishings,"Deflect-o RollaMat Studded, Beveled Mat for Medium Pile Carpeting",73.784,2,0.6,-77.4732
8383,CA-2013-163048,2015-02-08,2015-02-15,Standard Class,MH-17440,Mark Haberlin,Corporate,United States,Houston,Texas,77036,Central,FUR-CH-10001270,Furniture,Chairs,Harbour Creations Steel Folding Chair,241.49999999999997,4,0.3,0.0
1809,CA-2013-164938,2015-02-11,2015-02-13,First Class,PB-19210,Phillip Breyer,Corporate,United States,Tulsa,Oklahoma,74133,Central,TEC-PH-10004897,Technology,Phones,Mediabridge Sport Armband iPhone 5s,69.93,7,0.0,0.6992999999999991
1821,CA-2013-168956,2015-02-16,2015-02-20,Standard Class,EA-14035,Erin Ashbrook,Corporate,United States,Chicago,Illinois,60623,Central,OFF-AP-10004233,Office Supplies,Appliances,Honeywell Enviracaire Portable Air Cleaner for up to 8 x 10 Room,92.06399999999998,6,0.8,-225.55680000000007
1822,CA-2013-168956,2015-02-16,2015-02-20,Standard Class,EA-14035,Erin Ashbrook,Corporate,United States,Chicago,Illinois,60623,Central,OFF-FA-10000304,Office Supplies,Fasteners,Advantus Push Pins,6.976000000000001,4,0.2,1.8312000000000004
1823,CA-2013-168956,2015-02-16,2015-02-20,Standard Class,EA-14035,Erin Ashbrook,Corporate,United States,Chicago,Illinois,60623,Central,FUR-CH-10004754,Furniture,Chairs,"Global Stack Chair with Arms, Black",62.958,3,0.3,-2.6982
1824,CA-2013-168956,2015-02-16,2015-02-20,Standard Class,EA-14035,Erin Ashbrook,Corporate,United States,Chicago,Illinois,60623,Central,OFF-PA-10000809,Office Supplies,Paper,Xerox 206,5.184000000000001,1,0.2,1.8144
2345,CA-2013-119025,2015-02-22,2015-02-28,Standard Class,PV-18985,Paul Van Hugh,Home Office,United States,Milwaukee,Wisconsin,53209,Central,OFF-AP-10001205,Office Supplies,Appliances,Belkin 5 Outlet SurgeMaster Power Centers,490.32,9,0.0,137.28960000000004
4555,CA-2013-101448,2015-02-27,2015-03-02,Second Class,EB-13930,Eric Barreto,Consumer,United States,La Crosse,Wisconsin,54601,Central,OFF-BI-10004738,Office Supplies,Binders,Flexible Leather- Look Classic Collection Ring Binder,56.82000000000001,3,0.0,28.410000000000004
7848,CA-2013-128706,2015-02-27,2015-03-03,Standard Class,DW-13540,Don Weiss,Consumer,United States,Houston,Texas,77070,Central,FUR-FU-10004053,Furniture,Furnishings,DAX Two-Tone Silver Metal Document Frame,16.192,2,0.6,-6.881599999999995
3756,CA-2013-116799,2015-03-04,2015-03-07,First Class,JG-15310,Jason Gross,Corporate,United States,Odessa,Texas,79762,Central,OFF-PA-10001892,Office Supplies,Paper,"Rediform Wirebound ""Phone Memo"" Message Book, 11 x 5-3/4",42.784,7,0.2,15.509199999999998
3757,CA-2013-116799,2015-03-04,2015-03-07,First Class,JG-15310,Jason Gross,Corporate,United States,Odessa,Texas,79762,Central,FUR-CH-10004983,Furniture,Chairs,Office Star - Mid Back Dual function Ergonomic High Back Chair with 2-Way Adjustable Arms,563.4299999999998,5,0.3,-56.34300000000002
3887,CA-2013-167759,2015-03-04,2015-03-09,Second Class,CC-12670,Craig Carreira,Consumer,United States,Bloomington,Indiana,47401,Central,TEC-PH-10003171,Technology,Phones,Plantronics Encore H101 Dual Earpieces Headset,134.85000000000002,3,0.0,37.757999999999996
4003,CA-2013-145730,2015-03-04,2015-03-09,Standard Class,CC-12220,Chris Cortes,Consumer,United States,San Antonio,Texas,78207,Central,FUR-TA-10004915,Furniture,Tables,"Office Impressions End Table, 20-1/2""H x 24""W x 20""D",637.896,3,0.3,-127.57919999999996
4004,CA-2013-145730,2015-03-04,2015-03-09,Standard Class,CC-12220,Chris Cortes,Consumer,United States,San Antonio,Texas,78207,Central,TEC-MA-10001016,Technology,Machines,Canon PC170 Desktop Personal Copier,287.90999999999997,3,0.4,33.58949999999999
4005,CA-2013-145730,2015-03-04,2015-03-09,Standard Class,CC-12220,Chris Cortes,Consumer,United States,San Antonio,Texas,78207,Central,OFF-EN-10000483,Office Supplies,Envelopes,"White Envelopes, White Envelopes with Clear Poly Window",36.6,3,0.2,11.894999999999994
5199,CA-2013-103982,2015-03-04,2015-03-09,Standard Class,AA-10315,Alex Avila,Consumer,United States,Round Rock,Texas,78664,Central,OFF-SU-10000151,Office Supplies,Supplies,High Speed Automatic Electric Letter Opener,3930.072,3,0.2,-786.0144000000003
5200,CA-2013-103982,2015-03-04,2015-03-09,Standard Class,AA-10315,Alex Avila,Consumer,United States,Round Rock,Texas,78664,Central,OFF-FA-10001332,Office Supplies,Fasteners,"Acco Banker's Clasps, 5 3/4""-Long",2.304,1,0.2,0.7776
5201,CA-2013-103982,2015-03-04,2015-03-09,Standard Class,AA-10315,Alex Avila,Consumer,United States,Round Rock,Texas,78664,Central,TEC-PH-10000895,Technology,Phones,Polycom VVX 310 VoIP phone,431.97600000000006,3,0.2,32.39820000000002
5202,CA-2013-103982,2015-03-04,2015-03-09,Standard Class,AA-10315,Alex Avila,Consumer,United States,Round Rock,Texas,78664,Central,TEC-AC-10002857,Technology,Accessories,"Verbatim 25 GB 6x Blu-ray Single Layer Recordable Disc, 1/Pack",41.720000000000006,7,0.2,5.736499999999998
4215,CA-2013-164637,2015-03-05,2015-03-09,Standard Class,RD-19480,Rick Duston,Consumer,United States,Mishawaka,Indiana,46544,Central,OFF-BI-10003876,Office Supplies,Binders,"Green Canvas Binder for 8-1/2"" x 14"" Sheets",128.39999999999998,3,0.0,64.19999999999999
919,CA-2013-165218,2015-03-06,2015-03-12,Standard Class,RW-19630,Rob Williams,Corporate,United States,Dallas,Texas,75220,Central,OFF-EN-10000056,Office Supplies,Envelopes,Cameo Buff Policy Envelopes,149.352,3,0.2,50.40629999999998
920,CA-2013-165218,2015-03-06,2015-03-12,Standard Class,RW-19630,Rob Williams,Corporate,United States,Dallas,Texas,75220,Central,OFF-ST-10001558,Office Supplies,Storage,Acco Perma 4000 Stacking Storage Drawers,12.991999999999999,1,0.2,-0.8119999999999998
8982,CA-2013-110898,2015-03-07,2015-03-13,Standard Class,LC-16870,Lena Cacioppo,Consumer,United States,Chicago,Illinois,60623,Central,OFF-AP-10001626,Office Supplies,Appliances,"Commercial WindTunnel Clean Air Upright Vacuum, Replacement Belts, Filtration Bags",2.3339999999999996,3,0.8,-6.3018
8983,CA-2013-110898,2015-03-07,2015-03-13,Standard Class,LC-16870,Lena Cacioppo,Consumer,United States,Chicago,Illinois,60623,Central,OFF-BI-10004656,Office Supplies,Binders,Peel & Stick Add-On Corner Pockets,1.7279999999999998,4,0.8,-2.764800000000001
8984,CA-2013-110898,2015-03-07,2015-03-13,Standard Class,LC-16870,Lena Cacioppo,Consumer,United States,Chicago,Illinois,60623,Central,FUR-FU-10003773,Furniture,Furnishings,Eldon Cleatmat Plus Chair Mats for High Pile Carpets,159.04,5,0.6,-194.824
8985,CA-2013-110898,2015-03-07,2015-03-13,Standard Class,LC-16870,Lena Cacioppo,Consumer,United States,Chicago,Illinois,60623,Central,FUR-TA-10000849,Furniture,Tables,Bevis Rectangular Conference Tables,145.98,2,0.5,-99.26639999999998
839,US-2013-137547,2015-03-08,2015-03-13,Standard Class,EB-13705,Ed Braxton,Corporate,United States,Fort Worth,Texas,76106,Central,TEC-PH-10002365,Technology,Phones,Belkin Grip Candy Sheer Case / Cover for iPhone 5 and 5S,21.072,3,0.2,1.5804
8506,CA-2013-130400,2015-03-09,2015-03-13,Standard Class,SJ-20125,Sanjit Jacobs,Home Office,United States,Dallas,Texas,75217,Central,OFF-BI-10001757,Office Supplies,Binders,Pressboard Hanging Data Binders for Unburst Sheets,8.855999999999998,9,0.8,-14.169600000000003
8507,CA-2013-130400,2015-03-09,2015-03-13,Standard Class,SJ-20125,Sanjit Jacobs,Home Office,United States,Dallas,Texas,75217,Central,TEC-AC-10004633,Technology,Accessories,"Verbatim 25 GB 6x Blu-ray Single Layer Recordable Disc, 3/Pack",27.96,5,0.2,8.388000000000003
8508,CA-2013-130400,2015-03-09,2015-03-13,Standard Class,SJ-20125,Sanjit Jacobs,Home Office,United States,Dallas,Texas,75217,Central,OFF-EN-10001453,Office Supplies,Envelopes,"Tyvek Interoffice Envelopes, 9 1/2"" x 12 1/2"", 100/Box",146.352,3,0.2,49.39379999999999
8812,US-2013-140172,2015-03-09,2015-03-14,Standard Class,SP-20650,Stephanie Phelps,Corporate,United States,Jackson,Michigan,49201,Central,OFF-AP-10004233,Office Supplies,Appliances,Honeywell Enviracaire Portable Air Cleaner for up to 8 x 10 Room,207.144,3,0.1,48.333599999999976
8813,US-2013-140172,2015-03-09,2015-03-14,Standard Class,SP-20650,Stephanie Phelps,Corporate,United States,Jackson,Michigan,49201,Central,OFF-AR-10002766,Office Supplies,Art,Prang Drawing Pencil Set,13.899999999999999,5,0.0,3.7529999999999997
45,CA-2013-118255,2015-03-12,2015-03-14,First Class,ON-18715,Odella Nelson,Corporate,United States,Eagan,Minnesota,55122,Central,TEC-AC-10000171,Technology,Accessories,"Verbatim 25 GB 6x Blu-ray Single Layer Recordable Disc, 25/Pack",45.98,2,0.0,19.7714
46,CA-2013-118255,2015-03-12,2015-03-14,First Class,ON-18715,Odella Nelson,Corporate,United States,Eagan,Minnesota,55122,Central,OFF-BI-10003291,Office Supplies,Binders,Wilson Jones Leather-Like Binders with DublLock Round Rings,17.46,2,0.0,8.206199999999999
2346,CA-2013-159373,2015-03-14,2015-03-19,Standard Class,LT-17110,Liz Thompson,Consumer,United States,San Antonio,Texas,78207,Central,OFF-PA-10000659,Office Supplies,Paper,"TOPS Carbonless Receipt Book, Four 2-3/4 x 7-1/4 Money Receipts per Page",70.08,5,0.2,24.527999999999995
2347,CA-2013-159373,2015-03-14,2015-03-19,Standard Class,LT-17110,Liz Thompson,Consumer,United States,San Antonio,Texas,78207,Central,OFF-BI-10004141,Office Supplies,Binders,Insertable Tab Indexes For Data Binders,1.2719999999999998,2,0.8,-2.162400000000001
2348,CA-2013-159373,2015-03-14,2015-03-19,Standard Class,LT-17110,Liz Thompson,Consumer,United States,San Antonio,Texas,78207,Central,FUR-TA-10004619,Furniture,Tables,Hon Non-Folding Utility Tables,557.585,5,0.3,0.0
3929,CA-2013-162082,2015-03-15,2015-03-18,First Class,JS-15880,John Stevenson,Consumer,United States,Harlingen,Texas,78550,Central,FUR-BO-10004409,Furniture,Bookcases,"Safco Value Mate Series Steel Bookcases, Baked Enamel Finish on Steel, Gray",241.332,5,0.32,-14.195999999999998
3930,CA-2013-162082,2015-03-15,2015-03-18,First Class,JS-15880,John Stevenson,Consumer,United States,Harlingen,Texas,78550,Central,OFF-PA-10001934,Office Supplies,Paper,Xerox 1993,5.184000000000001,1,0.2,1.8792
3931,CA-2013-162082,2015-03-15,2015-03-18,First Class,JS-15880,John Stevenson,Consumer,United States,Harlingen,Texas,78550,Central,OFF-AR-10001044,Office Supplies,Art,"BOSTON Ranger #55 Pencil Sharpener, Black",145.544,7,0.2,16.373699999999992
8934,CA-2013-102134,2015-03-15,2015-03-20,Standard Class,SP-20545,Sibella Parks,Corporate,United States,Green Bay,Wisconsin,54302,Central,FUR-FU-10003724,Furniture,Furnishings,Westinghouse Clip-On Gooseneck Lamps,16.74,2,0.0,4.352399999999999
9920,CA-2013-149272,2015-03-16,2015-03-20,Standard Class,MY-18295,Muhammed Yedwab,Corporate,United States,Bryan,Texas,77803,Central,FUR-CH-10000863,Furniture,Chairs,Novimex Swivel Fabric Task Chair,528.43,5,0.3,-143.43099999999998
9921,CA-2013-149272,2015-03-16,2015-03-20,Standard Class,MY-18295,Muhammed Yedwab,Corporate,United States,Bryan,Texas,77803,Central,OFF-BI-10004233,Office Supplies,Binders,"GBC Pre-Punched Binding Paper, Plastic, White, 8-1/2"" x 11""",22.385999999999996,7,0.8,-35.81760000000001
749,CA-2013-150889,2015-03-21,2015-03-23,Second Class,PB-19105,Peter Bühler,Consumer,United States,Evanston,Illinois,60201,Central,TEC-PH-10000004,Technology,Phones,Belkin iPhone and iPad Lightning Cable,11.992,1,0.2,0.8993999999999991
1041,CA-2013-127670,2015-03-21,2015-03-25,Standard Class,RD-19660,Robert Dilbeck,Home Office,United States,Saint Peters,Missouri,63376,Central,FUR-TA-10001095,Furniture,Tables,Chromcraft Round Conference Tables,697.16,4,0.0,146.40359999999998
3172,US-2013-133879,2015-03-22,2015-03-29,Standard Class,KT-16465,Kean Takahito,Consumer,United States,Chicago,Illinois,60623,Central,OFF-BI-10004465,Office Supplies,Binders,Avery Durable Slant Ring Binders,3.1679999999999993,2,0.8,-4.752000000000001
3173,US-2013-133879,2015-03-22,2015-03-29,Standard Class,KT-16465,Kean Takahito,Consumer,United States,Chicago,Illinois,60623,Central,FUR-CH-10000665,Furniture,Chairs,"Global Airflow Leather Mesh Back Chair, Black",528.43,5,0.3,0.0
3174,US-2013-133879,2015-03-22,2015-03-29,Standard Class,KT-16465,Kean Takahito,Consumer,United States,Chicago,Illinois,60623,Central,OFF-AR-10004956,Office Supplies,Art,Newell 33,13.392000000000001,3,0.2,1.5065999999999975
3766,CA-2013-163153,2015-03-22,2015-03-26,Standard Class,DM-12955,Dario Medina,Corporate,United States,Houston,Texas,77036,Central,FUR-TA-10004767,Furniture,Tables,Safco Drafting Table,99.372,2,0.3,-1.4196000000000097
3767,CA-2013-163153,2015-03-22,2015-03-26,Standard Class,DM-12955,Dario Medina,Corporate,United States,Houston,Texas,77036,Central,OFF-AR-10001868,Office Supplies,Art,Prang Dustless Chalk Sticks,1.344,1,0.2,0.504
4229,CA-2013-113803,2015-03-25,2015-03-27,First Class,VG-21805,Vivek Grady,Corporate,United States,Richmond,Indiana,47374,Central,OFF-PA-10001994,Office Supplies,Paper,"Ink Jet Note and Greeting Cards, 8-1/2"" x 5-1/2"" Card Size",22.48,1,0.0,10.3408
3371,CA-2013-134887,2015-03-26,2015-03-26,Same Day,TB-21280,Toby Braunhardt,Consumer,United States,Norman,Oklahoma,73071,Central,TEC-AC-10003832,Technology,Accessories,Logitech P710e Mobile Speakerphone,1287.45,5,0.0,244.61549999999988
3551,CA-2013-152555,2015-03-30,2015-04-03,Second Class,ME-17320,Maria Etezadi,Home Office,United States,Chicago,Illinois,60653,Central,OFF-PA-10001295,Office Supplies,Paper,Computer Printout Paper with Letter-Trim Perforations,45.528,3,0.2,15.934799999999997
3552,CA-2013-152555,2015-03-30,2015-04-03,Second Class,ME-17320,Maria Etezadi,Home Office,United States,Chicago,Illinois,60653,Central,FUR-CH-10002965,Furniture,Chairs,"Global Leather Highback Executive Chair with Pneumatic Height Adjustment, Black",844.1159999999999,6,0.3,-36.1764
3553,CA-2013-152555,2015-03-30,2015-04-03,Second Class,ME-17320,Maria Etezadi,Home Office,United States,Chicago,Illinois,60653,Central,TEC-PH-10001254,Technology,Phones,Jabra BIZ 2300 Duo QD Duo Corded Headset,812.736,8,0.2,60.95519999999996
8523,US-2013-160206,2015-04-02,2015-04-08,Standard Class,MY-18295,Muhammed Yedwab,Corporate,United States,Milwaukee,Wisconsin,53209,Central,TEC-PH-10000148,Technology,Phones,Cyber Acoustics AC-202b Speech Recognition Stereo Headset,12.99,1,0.0,0.25980000000000025
8563,CA-2013-123540,2015-04-03,2015-04-07,Second Class,DJ-13420,Denny Joy,Corporate,United States,Milwaukee,Wisconsin,53209,Central,FUR-CH-10000847,Furniture,Chairs,Global Executive Mid-Back Manager's Chair,1454.9,5,0.0,378.274
5898,CA-2013-167682,2015-04-04,2015-04-10,Standard Class,ZD-21925,Zuschuss Donatelli,Consumer,United States,Richmond,Indiana,47374,Central,FUR-FU-10003799,Furniture,Furnishings,"Seth Thomas 13 1/2"" Wall Clock",71.12,4,0.0,22.047199999999997
5899,CA-2013-167682,2015-04-04,2015-04-10,Standard Class,ZD-21925,Zuschuss Donatelli,Consumer,United States,Richmond,Indiana,47374,Central,TEC-PH-10000673,Technology,Phones,Plantronics Voyager Pro HD - Bluetooth Headset,259.96,4,0.0,124.7808
8572,CA-2013-162222,2015-04-04,2015-04-04,Same Day,SR-20740,Steven Roelle,Home Office,United States,Dallas,Texas,75081,Central,OFF-PA-10003893,Office Supplies,Paper,Xerox 1962,10.272000000000002,3,0.2,3.209999999999998
89,CA-2013-159695,2015-04-06,2015-04-11,Second Class,GM-14455,Gary Mitchum,Home Office,United States,Houston,Texas,77095,Central,OFF-ST-10003442,Office Supplies,Storage,Eldon Portable Mobile Manager,158.36800000000002,7,0.2,13.857199999999999
1198,CA-2013-130946,2015-04-09,2015-04-13,Standard Class,ZC-21910,Zuschuss Carroll,Consumer,United States,Houston,Texas,77041,Central,TEC-AC-10001990,Technology,Accessories,Kensington Orbit Wireless Mobile Trackball for PC and Mac,431.92800000000005,9,0.2,64.78919999999995
1199,CA-2013-130946,2015-04-09,2015-04-13,Standard Class,ZC-21910,Zuschuss Carroll,Consumer,United States,Houston,Texas,77041,Central,FUR-CH-10004540,Furniture,Chairs,Global Chrome Stack Chair,95.984,4,0.3,-4.113599999999998
1200,CA-2013-130946,2015-04-09,2015-04-13,Standard Class,ZC-21910,Zuschuss Carroll,Consumer,United States,Houston,Texas,77041,Central,OFF-BI-10004995,Office Supplies,Binders,GBC DocuBind P400 Electric Binding System,1088.7919999999997,4,0.8,-1850.9464000000007
3054,CA-2013-128517,2015-04-10,2015-04-15,Second Class,SW-20350,Sean Wendt,Home Office,United States,Detroit,Michigan,48227,Central,TEC-PH-10002555,Technology,Phones,Nortel Meridian M5316 Digital phone,517.9,2,0.0,134.654
3055,CA-2013-128517,2015-04-10,2015-04-15,Second Class,SW-20350,Sean Wendt,Home Office,United States,Detroit,Michigan,48227,Central,OFF-BI-10000831,Office Supplies,Binders,Storex Flexible Poly Binders with Double Pockets,5.28,2,0.0,2.4288
7474,CA-2013-109652,2015-04-11,2015-04-16,Standard Class,QJ-19255,Quincy Jones,Corporate,United States,Chicago,Illinois,60653,Central,OFF-AR-10000034,Office Supplies,Art,"BIC Brite Liner Grip Highlighters, Assorted, 5/Pack",13.568000000000001,4,0.2,3.2223999999999995
1591,US-2013-132423,2015-04-16,2015-04-20,Standard Class,MY-18295,Muhammed Yedwab,Corporate,United States,Grapevine,Texas,76051,Central,OFF-AR-10001221,Office Supplies,Art,"Dixon Ticonderoga Erasable Colored Pencil Set, 12-Color",33.48800000000001,7,0.2,5.860399999999997
1592,US-2013-132423,2015-04-16,2015-04-20,Standard Class,MY-18295,Muhammed Yedwab,Corporate,United States,Grapevine,Texas,76051,Central,OFF-FA-10002988,Office Supplies,Fasteners,Ideal Clamps,8.04,5,0.2,2.9144999999999994
3790,US-2013-133508,2015-04-18,2015-04-22,Standard Class,SW-20350,Sean Wendt,Home Office,United States,Omaha,Nebraska,68104,Central,OFF-FA-10000134,Office Supplies,Fasteners,"Advantus Push Pins, Aluminum Head",29.049999999999997,5,0.0,9.0055
2422,CA-2013-155551,2015-04-19,2015-04-24,Standard Class,CR-12580,Clay Rozendal,Home Office,United States,Elmhurst,Illinois,60126,Central,OFF-ST-10003656,Office Supplies,Storage,Safco Industrial Wire Shelving,230.376,3,0.2,-48.9549
2423,CA-2013-155551,2015-04-19,2015-04-24,Standard Class,CR-12580,Clay Rozendal,Home Office,United States,Elmhurst,Illinois,60126,Central,OFF-PA-10001560,Office Supplies,Paper,"Adams Telephone Message Books, 5 1/4” x 11”",9.664000000000001,2,0.2,3.2615999999999996
8453,CA-2013-125087,2015-04-19,2015-04-24,Standard Class,TH-21115,Thea Hudgings,Corporate,United States,Houston,Texas,77070,Central,FUR-CH-10002880,Furniture,Chairs,"Global High-Back Leather Tilter, Burgundy",344.37199999999996,4,0.3,-93.47240000000002
8454,CA-2013-125087,2015-04-19,2015-04-24,Standard Class,TH-21115,Thea Hudgings,Corporate,United States,Houston,Texas,77070,Central,OFF-ST-10001780,Office Supplies,Storage,Tennsco 16-Compartment Lockers with Coat Rack,1554.9360000000001,3,0.2,77.74680000000001
8455,CA-2013-125087,2015-04-19,2015-04-24,Standard Class,TH-21115,Thea Hudgings,Corporate,United States,Houston,Texas,77070,Central,FUR-FU-10004748,Furniture,Furnishings,"Howard Miller 16"" Diameter Gallery Wall Clock",127.88,5,0.6,-67.137
1271,US-2013-103646,2015-04-22,2015-04-27,Standard Class,SP-20545,Sibella Parks,Corporate,United States,Chicago,Illinois,60623,Central,OFF-ST-10000563,Office Supplies,Storage,Fellowes Bankers Box Stor/Drawer Steel Plus,102.33600000000001,4,0.2,-12.792000000000002
1272,US-2013-103646,2015-04-22,2015-04-27,Standard Class,SP-20545,Sibella Parks,Corporate,United States,Chicago,Illinois,60623,Central,OFF-AP-10004487,Office Supplies,Appliances,Kensington 4 Outlet MasterPiece Compact Power Control Center,48.79199999999999,3,0.8,-126.85920000000002
1273,US-2013-103646,2015-04-22,2015-04-27,Standard Class,SP-20545,Sibella Parks,Corporate,United States,Chicago,Illinois,60623,Central,OFF-BI-10002854,Office Supplies,Binders,"Performers Binder/Pad Holder, Black",44.84799999999999,8,0.8,-67.27200000000002
1037,CA-2013-113061,2015-04-23,2015-04-27,Standard Class,EL-13735,Ed Ludwig,Home Office,United States,Jefferson City,Missouri,65109,Central,FUR-FU-10003975,Furniture,Furnishings,Eldon Advantage Chair Mats for Low to Medium Pile Carpets,86.62,2,0.0,8.661999999999992
1577,CA-2013-109057,2015-04-23,2015-04-28,Standard Class,TT-21460,Tonja Turnell,Home Office,United States,Aurora,Illinois,60505,Central,OFF-ST-10002406,Office Supplies,Storage,Pizazz Global Quick File,23.952,2,0.2,2.3952000000000018
1180,CA-2013-168081,2015-04-25,2015-04-28,Second Class,CA-12055,Cathy Armstrong,Home Office,United States,Houston,Texas,77070,Central,TEC-AC-10003174,Technology,Accessories,Plantronics S12 Corded Telephone Headset System,258.696,3,0.2,64.674
611,CA-2013-161816,2015-04-29,2015-05-02,First Class,NB-18655,Nona Balk,Corporate,United States,Dallas,Texas,75217,Central,TEC-PH-10003012,Technology,Phones,Nortel Meridian M3904 Professional Digital phone,369.576,3,0.2,41.57729999999995
612,CA-2013-161816,2015-04-29,2015-05-02,First Class,NB-18655,Nona Balk,Corporate,United States,Dallas,Texas,75217,Central,OFF-LA-10004345,Office Supplies,Labels,Avery 493,15.712000000000002,4,0.2,5.695599999999999
7913,CA-2013-167605,2015-04-29,2015-05-01,Second Class,RB-19570,Rob Beeghly,Consumer,United States,Saint Charles,Illinois,60174,Central,FUR-FU-10001602,Furniture,Furnishings,"Eldon Delta Triangular Chair Mat, 52"" x 58"", Clear",30.344,2,0.6,-31.861200000000004
2155,US-2013-120460,2015-05-01,2015-05-06,Standard Class,BF-11170,Ben Ferrer,Home Office,United States,Dallas,Texas,75081,Central,FUR-FU-10004973,Furniture,Furnishings,Flat Face Poster Frame,22.608,3,0.6,-10.173599999999997
1278,CA-2013-148698,2015-05-03,2015-05-08,Standard Class,BD-11770,Bryan Davis,Consumer,United States,Houston,Texas,77070,Central,OFF-AR-10004022,Office Supplies,Art,Panasonic KP-380BK Classic Electric Pencil Sharpener,86.352,3,0.2,5.396999999999991
7849,CA-2013-104311,2015-05-03,2015-05-07,Standard Class,AS-10090,Adam Shillingsburg,Consumer,United States,Irving,Texas,75061,Central,OFF-ST-10000321,Office Supplies,Storage,Akro Stacking Bins,18.936,3,0.2,-3.787200000000003
7850,CA-2013-104311,2015-05-03,2015-05-07,Standard Class,AS-10090,Adam Shillingsburg,Consumer,United States,Irving,Texas,75061,Central,OFF-ST-10002957,Office Supplies,Storage,Sterilite Show Offs Storage Containers,12.672,3,0.2,-3.168
7851,CA-2013-104311,2015-05-03,2015-05-07,Standard Class,AS-10090,Adam Shillingsburg,Consumer,United States,Irving,Texas,75061,Central,OFF-LA-10000973,Office Supplies,Labels,Avery 502,5.04,2,0.2,1.764
8505,CA-2013-109400,2015-05-03,2015-05-07,Standard Class,NR-18550,Nick Radford,Consumer,United States,Amarillo,Texas,79109,Central,FUR-CH-10003298,Furniture,Chairs,"Office Star - Contemporary Task Swivel chair with Loop Arms, Charcoal",366.74399999999997,4,0.3,-110.02320000000003
4436,CA-2013-163398,2015-05-04,2015-05-09,Standard Class,CB-12415,Christy Brittain,Consumer,United States,Chicago,Illinois,60653,Central,OFF-BI-10000014,Office Supplies,Binders,Heavy-Duty E-Z-D Binders,2.1819999999999995,1,0.8,-3.6003
4437,CA-2013-163398,2015-05-04,2015-05-09,Standard Class,CB-12415,Christy Brittain,Consumer,United States,Chicago,Illinois,60653,Central,OFF-AR-10003217,Office Supplies,Art,Newell 316,27.384,7,0.2,2.738400000000002
4438,CA-2013-163398,2015-05-04,2015-05-09,Standard Class,CB-12415,Christy Brittain,Consumer,United States,Chicago,Illinois,60653,Central,OFF-AP-10002403,Office Supplies,Appliances,Acco Smartsocket Color-Coded Six-Outlet AC Adapter Model Surge Protectors,26.40599999999999,3,0.8,-71.2962
3359,CA-2013-139234,2015-05-07,2015-05-11,Standard Class,AF-10870,Art Ferguson,Consumer,United States,Chicago,Illinois,60610,Central,OFF-BI-10000773,Office Supplies,Binders,Insertable Tab Post Binder Dividers,3.2079999999999993,2,0.8,-5.293200000000002
3360,CA-2013-139234,2015-05-07,2015-05-11,Standard Class,AF-10870,Art Ferguson,Consumer,United States,Chicago,Illinois,60610,Central,TEC-AC-10004510,Technology,Accessories,Logitech Desktop MK120 Mouse and keyboard Combo,26.176000000000002,2,0.2,-3.272000000000002
6633,US-2013-146857,2015-05-07,2015-05-09,Second Class,BE-11455,Brad Eason,Home Office,United States,Springfield,Missouri,65807,Central,OFF-AP-10001205,Office Supplies,Appliances,Belkin 5 Outlet SurgeMaster Power Centers,54.48,1,0.0,15.254400000000004
7833,CA-2013-112382,2015-05-10,2015-05-14,Standard Class,MB-18085,Mick Brown,Consumer,United States,Houston,Texas,77036,Central,TEC-PH-10001552,Technology,Phones,I Need's 3d Hello Kitty Hybrid Silicone Case Cover for HTC One X 4g with 3d Hello Kitty Stylus Pen Green/pink,19.136000000000003,2,0.2,1.9136000000000006
8915,US-2013-144057,2015-05-10,2015-05-14,Standard Class,CV-12805,Cynthia Voltz,Corporate,United States,Austin,Texas,78745,Central,OFF-ST-10001490,Office Supplies,Storage,"Hot File 7-Pocket, Floor Stand",856.6560000000001,6,0.2,107.08199999999985
8916,US-2013-144057,2015-05-10,2015-05-14,Standard Class,CV-12805,Cynthia Voltz,Corporate,United States,Austin,Texas,78745,Central,OFF-BI-10002852,Office Supplies,Binders,Ibico Standard Transparent Covers,13.183999999999997,4,0.8,-20.435200000000002
8917,US-2013-144057,2015-05-10,2015-05-14,Standard Class,CV-12805,Cynthia Voltz,Corporate,United States,Austin,Texas,78745,Central,OFF-AP-10000390,Office Supplies,Appliances,Euro Pro Shark Stick Mini Vacuum,48.783999999999985,4,0.8,-131.7168
8918,US-2013-144057,2015-05-10,2015-05-14,Standard Class,CV-12805,Cynthia Voltz,Corporate,United States,Austin,Texas,78745,Central,OFF-PA-10004327,Office Supplies,Paper,Xerox 1911,76.64,2,0.2,26.823999999999995
8919,US-2013-144057,2015-05-10,2015-05-14,Standard Class,CV-12805,Cynthia Voltz,Corporate,United States,Austin,Texas,78745,Central,OFF-BI-10002353,Office Supplies,Binders,GBC VeloBind Cover Sets,18.527999999999995,6,0.8,-27.791999999999994
9379,CA-2013-117625,2015-05-11,2015-05-16,Standard Class,GM-14500,Gene McClure,Consumer,United States,Chicago,Illinois,60610,Central,OFF-EN-10001535,Office Supplies,Envelopes,Grip Seal Envelopes,7.072,2,0.2,2.3868
7787,US-2013-117037,2015-05-18,2015-05-21,First Class,LW-17215,Luke Weiss,Consumer,United States,Chicago,Illinois,60653,Central,OFF-BI-10000279,Office Supplies,Binders,"Acco Recycled 2"" Capacity Laser Printer Hanging Data Binders",2.8899999999999992,1,0.8,-4.768500000000001
7788,US-2013-117037,2015-05-18,2015-05-21,First Class,LW-17215,Luke Weiss,Consumer,United States,Chicago,Illinois,60653,Central,OFF-FA-10000936,Office Supplies,Fasteners,Acco Hot Clips Clips to Go,7.896000000000001,3,0.2,2.4674999999999994
7789,US-2013-117037,2015-05-18,2015-05-21,First Class,LW-17215,Luke Weiss,Consumer,United States,Chicago,Illinois,60653,Central,FUR-FU-10004973,Furniture,Furnishings,Flat Face Poster Frame,22.608,3,0.6,-10.173599999999997
7790,US-2013-117037,2015-05-18,2015-05-21,First Class,LW-17215,Luke Weiss,Consumer,United States,Chicago,Illinois,60653,Central,OFF-PA-10000791,Office Supplies,Paper,"Wirebound Message Books, Four 2 3/4 x 5 Forms per Page, 200 Sets per Book",30.528,8,0.2,9.539999999999997
3531,US-2013-152835,2015-05-20,2015-05-24,Standard Class,RP-19855,Roy Phan,Corporate,United States,Lafayette,Indiana,47905,Central,OFF-AR-10003056,Office Supplies,Art,Newell 341,21.400000000000002,5,0.0,6.205999999999998
7068,CA-2013-114209,2015-05-22,2015-05-27,Standard Class,AS-10285,Alejandro Savely,Corporate,United States,Dallas,Texas,75081,Central,OFF-BI-10000343,Office Supplies,Binders,"Pressboard Covers with Storage Hooks, 9 1/2"" x 11"", Light Blue",1.9639999999999995,2,0.8,-3.2406000000000006
7069,CA-2013-114209,2015-05-22,2015-05-27,Standard Class,AS-10285,Alejandro Savely,Corporate,United States,Dallas,Texas,75081,Central,OFF-PA-10003591,Office Supplies,Paper,Southworth 100% Cotton The Best Paper,82.656,9,0.2,30.996000000000002
9796,CA-2013-125920,2015-05-22,2015-05-29,Standard Class,SH-19975,Sally Hughsby,Corporate,United States,Chicago,Illinois,60610,Central,OFF-BI-10003429,Office Supplies,Binders,"Cardinal HOLDit! Binder Insert Strips,Extra Strips",3.797999999999999,3,0.8,-5.886900000000001
1445,CA-2013-133725,2015-05-24,2015-05-29,Standard Class,KL-16645,Ken Lonsdale,Consumer,United States,Chicago,Illinois,60623,Central,TEC-PH-10004165,Technology,Phones,Mitel MiVoice 5330e IP Phone,1979.928,9,0.2,148.49459999999993
1274,CA-2013-119186,2015-05-27,2015-05-27,Same Day,MS-17710,Maurice Satty,Consumer,United States,Fort Worth,Texas,76106,Central,OFF-PA-10004621,Office Supplies,Paper,Xerox 212,10.368000000000002,2,0.2,3.6288
1275,CA-2013-119186,2015-05-27,2015-05-27,Same Day,MS-17710,Maurice Satty,Consumer,United States,Fort Worth,Texas,76106,Central,FUR-CH-10001973,Furniture,Chairs,Office Star Flex Back Scooter Chair with White Frame,388.42999999999995,5,0.3,-88.78399999999998
1276,CA-2013-119186,2015-05-27,2015-05-27,Same Day,MS-17710,Maurice Satty,Consumer,United States,Fort Worth,Texas,76106,Central,OFF-PA-10004040,Office Supplies,Paper,Universal Premium White Copier/Laser Paper (20Lb. and 87 Bright),14.352000000000002,3,0.2,5.2026
1277,CA-2013-119186,2015-05-27,2015-05-27,Same Day,MS-17710,Maurice Satty,Consumer,United States,Fort Worth,Texas,76106,Central,TEC-AC-10000580,Technology,Accessories,Logitech G13 Programmable Gameboard with LCD Display,63.992,1,0.2,-7.199099999999996
9501,CA-2013-149237,2015-05-27,2015-05-31,Standard Class,CM-12235,Chris McAfee,Consumer,United States,Milwaukee,Wisconsin,53209,Central,FUR-FU-10002088,Furniture,Furnishings,Nu-Dell Float Frame 11 x 14 1/2,26.94,3,0.0,11.314800000000002
5171,CA-2013-122903,2015-05-28,2015-05-30,Second Class,LA-16780,Laura Armstrong,Corporate,United States,Detroit,Michigan,48205,Central,FUR-CH-10002024,Furniture,Chairs,HON 5400 Series Task Chairs for Big and Tall,3504.9,5,0.0,700.9800000000001
5172,CA-2013-122903,2015-05-28,2015-05-30,Second Class,LA-16780,Laura Armstrong,Corporate,United States,Detroit,Michigan,48205,Central,OFF-PA-10001790,Office Supplies,Paper,Xerox 1910,144.12,3,0.0,69.17759999999998
5173,CA-2013-122903,2015-05-28,2015-05-30,Second Class,LA-16780,Laura Armstrong,Corporate,United States,Detroit,Michigan,48205,Central,OFF-PA-10000994,Office Supplies,Paper,Xerox 1915,314.54999999999995,3,0.0,150.98399999999998
7605,CA-2013-101791,2015-05-28,2015-06-01,Standard Class,BS-11665,Brian Stugart,Consumer,United States,Chicago,Illinois,60623,Central,FUR-FU-10003247,Furniture,Furnishings,36X48 HARDFLOOR CHAIRMAT,25.176000000000002,3,0.6,-33.3582
7606,CA-2013-101791,2015-05-28,2015-06-01,Standard Class,BS-11665,Brian Stugart,Consumer,United States,Chicago,Illinois,60623,Central,FUR-FU-10002191,Furniture,Furnishings,G.E. Halogen Desk Lamp Bulbs,5.5840000000000005,2,0.6,-1.6751999999999994
7607,CA-2013-101791,2015-05-28,2015-06-01,Standard Class,BS-11665,Brian Stugart,Consumer,United States,Chicago,Illinois,60623,Central,OFF-ST-10001496,Office Supplies,Storage,Standard Rollaway File with Lock,1297.3680000000002,9,0.2,97.30259999999998
7315,CA-2013-121377,2015-05-29,2015-06-03,Standard Class,TN-21040,Tanja Norvell,Home Office,United States,Park Ridge,Illinois,60068,Central,TEC-PH-10001817,Technology,Phones,Wilson Electronics DB Pro Signal Booster,286.40000000000003,1,0.2,25.060000000000016
7254,CA-2013-152730,2015-05-31,2015-06-05,Standard Class,EM-14140,Eugene Moren,Home Office,United States,Superior,Wisconsin,54880,Central,OFF-AP-10002684,Office Supplies,Appliances,"Acco 7-Outlet Masterpiece Power Center, Wihtout Fax/Phone Line Protection",364.74,3,0.0,109.42199999999997
7255,CA-2013-152730,2015-05-31,2015-06-05,Standard Class,EM-14140,Eugene Moren,Home Office,United States,Superior,Wisconsin,54880,Central,FUR-FU-10001037,Furniture,Furnishings,"DAX Charcoal/Nickel-Tone Document Frame, 5 x 7",47.400000000000006,5,0.0,21.33
7256,CA-2013-152730,2015-05-31,2015-06-05,Standard Class,EM-14140,Eugene Moren,Home Office,United States,Superior,Wisconsin,54880,Central,OFF-ST-10000876,Office Supplies,Storage,Eldon Simplefile Box Office,49.76,4,0.0,13.9328
7257,CA-2013-152730,2015-05-31,2015-06-05,Standard Class,EM-14140,Eugene Moren,Home Office,United States,Superior,Wisconsin,54880,Central,OFF-AR-10003732,Office Supplies,Art,Newell 333,5.56,2,0.0,1.4455999999999998
7258,CA-2013-152730,2015-05-31,2015-06-05,Standard Class,EM-14140,Eugene Moren,Home Office,United States,Superior,Wisconsin,54880,Central,OFF-PA-10000994,Office Supplies,Paper,Xerox 1915,629.0999999999999,6,0.0,301.96799999999996
7259,CA-2013-152730,2015-05-31,2015-06-05,Standard Class,EM-14140,Eugene Moren,Home Office,United States,Superior,Wisconsin,54880,Central,OFF-AR-10000940,Office Supplies,Art,Newell 343,14.7,5,0.0,3.9690000000000003
7260,CA-2013-152730,2015-05-31,2015-06-05,Standard Class,EM-14140,Eugene Moren,Home Office,United States,Superior,Wisconsin,54880,Central,OFF-PA-10004888,Office Supplies,Paper,Xerox 217,45.36,7,0.0,21.772800000000004
7261,CA-2013-152730,2015-05-31,2015-06-05,Standard Class,EM-14140,Eugene Moren,Home Office,United States,Superior,Wisconsin,54880,Central,TEC-PH-10000441,Technology,Phones,VTech DS6151,125.99,1,0.0,35.27720000000001
9718,CA-2013-108210,2015-05-31,2015-06-01,Same Day,AT-10735,Annie Thurman,Consumer,United States,Houston,Texas,77041,Central,TEC-PH-10002293,Technology,Phones,Anker 36W 4-Port USB Wall Charger Travel Power Adapter for iPhone 5s 5c 5,79.96,5,0.2,7.996000000000006
9719,CA-2013-108210,2015-05-31,2015-06-01,Same Day,AT-10735,Annie Thurman,Consumer,United States,Houston,Texas,77041,Central,TEC-AC-10000109,Technology,Accessories,Sony Micro Vault Click 16 GB USB 2.0 Flash Drive,223.96,5,0.2,11.198000000000015
8901,CA-2013-150483,2015-06-01,2015-06-05,Standard Class,BP-11290,Beth Paige,Consumer,United States,Decatur,Illinois,62521,Central,FUR-FU-10001379,Furniture,Furnishings,"Executive Impressions 16-1/2"" Circular Wall Clock",32.064,3,0.6,-12.825599999999994
8902,CA-2013-150483,2015-06-01,2015-06-05,Standard Class,BP-11290,Beth Paige,Consumer,United States,Decatur,Illinois,62521,Central,OFF-PA-10001846,Office Supplies,Paper,Xerox 1899,18.496000000000002,4,0.2,6.7048000000000005
8903,CA-2013-150483,2015-06-01,2015-06-05,Standard Class,BP-11290,Beth Paige,Consumer,United States,Decatur,Illinois,62521,Central,FUR-CH-10000422,Furniture,Chairs,Global Highback Leather Tilter in Burgundy,191.07899999999998,3,0.3,-38.21579999999997
8904,CA-2013-150483,2015-06-01,2015-06-05,Standard Class,BP-11290,Beth Paige,Consumer,United States,Decatur,Illinois,62521,Central,OFF-PA-10004621,Office Supplies,Paper,Xerox 212,10.368000000000002,2,0.2,3.6288
238,CA-2013-157749,2015-06-05,2015-06-10,Second Class,KL-16645,Ken Lonsdale,Consumer,United States,Chicago,Illinois,60610,Central,OFF-PA-10003349,Office Supplies,Paper,Xerox 1957,25.920000000000005,5,0.2,9.396
239,CA-2013-157749,2015-06-05,2015-06-10,Second Class,KL-16645,Ken Lonsdale,Consumer,United States,Chicago,Illinois,60610,Central,FUR-FU-10000576,Furniture,Furnishings,Luxo Professional Fluorescent Magnifier Lamp with Clamp-Mount Base,419.68000000000006,5,0.6,-356.72799999999995
240,CA-2013-157749,2015-06-05,2015-06-10,Second Class,KL-16645,Ken Lonsdale,Consumer,United States,Chicago,Illinois,60610,Central,FUR-FU-10004351,Furniture,Furnishings,Staple-based wall hangings,11.688,3,0.6,-4.6751999999999985
241,CA-2013-157749,2015-06-05,2015-06-10,Second Class,KL-16645,Ken Lonsdale,Consumer,United States,Chicago,Illinois,60610,Central,TEC-PH-10000011,Technology,Phones,PureGear Roll-On Screen Protector,31.983999999999998,2,0.2,11.194399999999998
242,CA-2013-157749,2015-06-05,2015-06-10,Second Class,KL-16645,Ken Lonsdale,Consumer,United States,Chicago,Illinois,60610,Central,FUR-TA-10002607,Furniture,Tables,KI Conference Tables,177.225,5,0.5,-120.51299999999998
243,CA-2013-157749,2015-06-05,2015-06-10,Second Class,KL-16645,Ken Lonsdale,Consumer,United States,Chicago,Illinois,60610,Central,FUR-FU-10002505,Furniture,Furnishings,Eldon 100 Class Desk Accessories,4.0440000000000005,3,0.6,-2.8307999999999995
244,CA-2013-157749,2015-06-05,2015-06-10,Second Class,KL-16645,Ken Lonsdale,Consumer,United States,Chicago,Illinois,60610,Central,OFF-AR-10004685,Office Supplies,Art,"Binney & Smith Crayola Metallic Colored Pencils, 8-Color Set",7.408,2,0.2,1.2037999999999995
265,CA-2013-125318,2015-06-07,2015-06-14,Standard Class,RC-19825,Roy Collins,Consumer,United States,Chicago,Illinois,60610,Central,TEC-PH-10001433,Technology,Phones,Cisco Small Business SPA 502G VoIP phone,328.224,4,0.2,28.7196
6047,CA-2013-154662,2015-06-10,2015-06-17,Standard Class,BF-11215,Benjamin Farhat,Home Office,United States,Minneapolis,Minnesota,55407,Central,FUR-TA-10001771,Furniture,Tables,"Bush Cubix Conference Tables, Fully Assembled",692.9399999999999,3,0.0,173.235
2428,CA-2013-169922,2015-06-12,2015-06-18,Standard Class,MZ-17515,Mary Zewe,Corporate,United States,Arlington,Texas,76017,Central,OFF-BI-10003784,Office Supplies,Binders,Computer Printout Index Tabs,1.3439999999999996,4,0.8,-2.1504000000000008
2429,CA-2013-169922,2015-06-12,2015-06-18,Standard Class,MZ-17515,Mary Zewe,Corporate,United States,Arlington,Texas,76017,Central,OFF-BI-10001617,Office Supplies,Binders,GBC Wire Binding Combs,8.271999999999998,4,0.8,-13.648800000000001
2430,CA-2013-169922,2015-06-12,2015-06-18,Standard Class,MZ-17515,Mary Zewe,Corporate,United States,Arlington,Texas,76017,Central,FUR-FU-10004415,Furniture,Furnishings,"Stacking Tray, Side-Loading, Legal, Smoke",12.544000000000002,7,0.6,-9.094400000000004
437,CA-2013-147375,2015-06-13,2015-06-15,Second Class,PO-19180,Philisse Overcash,Home Office,United States,Chicago,Illinois,60623,Central,TEC-MA-10002937,Technology,Machines,"Canon Color ImageCLASS MF8580Cdw Wireless Laser All-In-One Printer, Copier, Scanner",1007.979,3,0.3,43.199100000000044
438,CA-2013-147375,2015-06-13,2015-06-15,Second Class,PO-19180,Philisse Overcash,Home Office,United States,Chicago,Illinois,60623,Central,OFF-PA-10001970,Office Supplies,Paper,Xerox 1908,313.488,7,0.2,113.63939999999998
2903,CA-2013-164035,2015-06-13,2015-06-18,Standard Class,CR-12730,Craig Reiter,Consumer,United States,Chicago,Illinois,60610,Central,OFF-PA-10002160,Office Supplies,Paper,Xerox 1978,23.120000000000005,5,0.2,8.381
8717,CA-2013-120824,2015-06-13,2015-06-17,Second Class,AW-10930,Arthur Wiediger,Home Office,United States,Houston,Texas,77070,Central,OFF-AP-10001242,Office Supplies,Appliances,APC 7 Outlet Network SurgeArrest Surge Protector,64.38399999999999,4,0.8,-160.96
8718,CA-2013-120824,2015-06-13,2015-06-17,Second Class,AW-10930,Arthur Wiediger,Home Office,United States,Houston,Texas,77070,Central,FUR-FU-10001424,Furniture,Furnishings,Dax Clear Box Frame,6.984000000000001,2,0.6,-4.539600000000002
8719,CA-2013-120824,2015-06-13,2015-06-17,Second Class,AW-10930,Arthur Wiediger,Home Office,United States,Houston,Texas,77070,Central,OFF-AR-10003469,Office Supplies,Art,Nontoxic Chalk,11.264000000000001,8,0.2,3.9423999999999997
8720,CA-2013-120824,2015-06-13,2015-06-17,Second Class,AW-10930,Arthur Wiediger,Home Office,United States,Houston,Texas,77070,Central,OFF-PA-10000232,Office Supplies,Paper,Xerox 1975,15.552000000000003,3,0.2,5.6376
8721,CA-2013-120824,2015-06-13,2015-06-17,Second Class,AW-10930,Arthur Wiediger,Home Office,United States,Houston,Texas,77070,Central,FUR-CH-10000229,Furniture,Chairs,Global Enterprise Series Seating High-Back Swivel/Tilt Chairs,379.372,2,0.3,-119.23120000000003
8722,CA-2013-120824,2015-06-13,2015-06-17,Second Class,AW-10930,Arthur Wiediger,Home Office,United States,Houston,Texas,77070,Central,OFF-ST-10002562,Office Supplies,Storage,Staple magnet,67.53600000000002,9,0.2,6.753599999999999
8723,CA-2013-120824,2015-06-13,2015-06-17,Second Class,AW-10930,Arthur Wiediger,Home Office,United States,Houston,Texas,77070,Central,OFF-BI-10001525,Office Supplies,Binders,"Acco Pressboard Covers with Storage Hooks, 14 7/8"" x 11"", Executive Red",1.5239999999999996,2,0.8,-2.6670000000000007
3662,CA-2013-155005,2015-06-14,2015-06-16,Second Class,SC-20050,Sample Company A,Home Office,United States,Jackson,Michigan,49201,Central,TEC-PH-10003484,Technology,Phones,Ooma Telo VoIP Home Phone System,377.96999999999997,3,0.0,94.4925
4142,CA-2013-136287,2015-06-14,2015-06-18,Standard Class,SS-20590,Sonia Sunley,Consumer,United States,Wichita,Kansas,67212,Central,OFF-LA-10003148,Office Supplies,Labels,Avery 51,18.9,3,0.0,8.693999999999999
6050,CA-2013-152765,2015-06-16,2015-06-19,First Class,LS-17245,Lynn Smith,Consumer,United States,Houston,Texas,77036,Central,OFF-PA-10000483,Office Supplies,Paper,Xerox 19,173.48800000000003,7,0.2,54.21499999999998
6849,US-2013-163461,2015-06-19,2015-06-22,First Class,BT-11440,Bobby Trafton,Consumer,United States,Frankfort,Illinois,60423,Central,OFF-PA-10003134,Office Supplies,Paper,Xerox 1937,76.864,2,0.2,26.902399999999993
1945,CA-2013-108581,2015-06-21,2015-06-27,Standard Class,EA-14035,Erin Ashbrook,Corporate,United States,Carrollton,Texas,75007,Central,TEC-AC-10001109,Technology,Accessories,Logitech Trackman Marble Mouse,95.968,4,0.2,26.3912
1946,CA-2013-108581,2015-06-21,2015-06-27,Standard Class,EA-14035,Erin Ashbrook,Corporate,United States,Carrollton,Texas,75007,Central,OFF-PA-10000809,Office Supplies,Paper,Xerox 206,10.368000000000002,2,0.2,3.6288
7287,CA-2013-149965,2015-06-21,2015-06-26,Standard Class,BS-11365,Bill Shonely,Corporate,United States,Oklahoma City,Oklahoma,73120,Central,TEC-AC-10004877,Technology,Accessories,Imation 30456 USB Flash Drive 8GB,6.9,1,0.0,0.5519999999999996
7288,CA-2013-149965,2015-06-21,2015-06-26,Standard Class,BS-11365,Bill Shonely,Corporate,United States,Oklahoma City,Oklahoma,73120,Central,FUR-FU-10004270,Furniture,Furnishings,"Executive Impressions 13"" Clairmont Wall Clock",57.69,3,0.0,23.652900000000002
8659,CA-2013-168361,2015-06-22,2015-06-26,Standard Class,KB-16600,Ken Brennan,Corporate,United States,Chicago,Illinois,60623,Central,OFF-BI-10003727,Office Supplies,Binders,Avery Durable Slant Ring Binders With Label Holder,0.8359999999999997,1,0.8,-1.3376000000000001
4688,CA-2013-101987,2015-06-25,2015-07-01,Standard Class,HL-15040,Hunter Lopez,Consumer,United States,Richmond,Indiana,47374,Central,TEC-PH-10001305,Technology,Phones,Panasonic KX TS208W Corded phone,440.91,9,0.0,123.45480000000005
4704,CA-2013-166240,2015-06-25,2015-06-29,Standard Class,DH-13075,Dave Hallsten,Corporate,United States,Houston,Texas,77095,Central,OFF-AP-10002082,Office Supplies,Appliances,Holmes HEPA Air Purifier,8.711999999999998,2,0.8,-19.602000000000007
7426,CA-2013-101693,2015-06-26,2015-06-28,Second Class,LC-17140,Logan Currie,Consumer,United States,Houston,Texas,77070,Central,FUR-CH-10001146,Furniture,Chairs,"Global Value Mid-Back Manager's Chair, Gray",85.246,2,0.3,-6.089000000000006
7427,CA-2013-101693,2015-06-26,2015-06-28,Second Class,LC-17140,Logan Currie,Consumer,United States,Houston,Texas,77070,Central,FUR-FU-10003919,Furniture,Furnishings,Eldon Executive Woodline II Cherry Finish Desk Accessories,32.712,2,0.6,-26.169599999999996
1694,US-2013-158708,2015-06-27,2015-06-30,Second Class,AB-10255,Alejandro Ballentine,Home Office,United States,Plano,Texas,75023,Central,TEC-AC-10003133,Technology,Accessories,Memorex Mini Travel Drive 4 GB USB 2.0 Flash Drive,13.616,2,0.2,3.574200000000001
6506,CA-2013-152331,2015-06-27,2015-07-01,Standard Class,LD-16855,Lela Donovan,Corporate,United States,Chicago,Illinois,60653,Central,OFF-AR-10001547,Office Supplies,Art,Newell 311,5.304,3,0.2,0.46409999999999996
8260,CA-2013-118101,2015-06-27,2015-06-27,Same Day,SN-20560,Skye Norling,Home Office,United States,Roseville,Michigan,48066,Central,OFF-PA-10000357,Office Supplies,Paper,"White Dual Perf Computer Printout Paper, 2700 Sheets, 1 Part, Heavyweight, 20 lbs., 14 7/8 x 11",368.91,9,0.0,180.76590000000002
8261,CA-2013-118101,2015-06-27,2015-06-27,Same Day,SN-20560,Skye Norling,Home Office,United States,Roseville,Michigan,48066,Central,OFF-BI-10000773,Office Supplies,Binders,Insertable Tab Post Binder Dividers,8.02,1,0.0,3.769399999999999
8262,CA-2013-118101,2015-06-27,2015-06-27,Same Day,SN-20560,Skye Norling,Home Office,United States,Roseville,Michigan,48066,Central,OFF-ST-10001837,Office Supplies,Storage,"SAFCO Mobile Desk Side File, Wire Frame",171.04,4,0.0,44.4704
2904,CA-2013-153577,2015-06-28,2015-07-02,Standard Class,KH-16330,Katharine Harms,Corporate,United States,Highland Park,Illinois,60035,Central,OFF-PA-10000575,Office Supplies,Paper,"Wirebound Message Books, Four 2 3/4 x 5 White Forms per Page",37.464,7,0.2,12.175799999999999
2905,CA-2013-153577,2015-06-28,2015-07-02,Standard Class,KH-16330,Katharine Harms,Corporate,United States,Highland Park,Illinois,60035,Central,FUR-CH-10003981,Furniture,Chairs,Global Commerce Series Low-Back Swivel/Tilt Chairs,539.658,3,0.3,-7.709400000000102
3922,CA-2013-110044,2015-06-29,2015-07-03,Second Class,RF-19735,Roland Fjeld,Consumer,United States,Chicago,Illinois,60610,Central,TEC-PH-10001299,Technology,Phones,Polycom CX300 Desktop Phone USB VoIP phone,359.97600000000006,3,0.2,35.997600000000006
8882,CA-2013-135594,2015-07-01,2015-07-04,Second Class,AH-10120,Adrian Hane,Home Office,United States,Aurora,Illinois,60505,Central,TEC-AC-10003038,Technology,Accessories,Kingston Digital DataTraveler 16GB USB 2.0,50.120000000000005,7,0.2,-0.6265000000000072
8777,CA-2013-102813,2015-07-03,2015-07-04,First Class,EA-14035,Erin Ashbrook,Corporate,United States,Huntsville,Texas,77340,Central,FUR-CH-10000665,Furniture,Chairs,"Global Airflow Leather Mesh Back Chair, Black",528.43,5,0.3,0.0
8778,CA-2013-102813,2015-07-03,2015-07-04,First Class,EA-14035,Erin Ashbrook,Corporate,United States,Huntsville,Texas,77340,Central,OFF-PA-10000520,Office Supplies,Paper,Xerox 201,41.47200000000001,8,0.2,14.5152
2372,CA-2013-159940,2015-07-08,2015-07-12,Second Class,BF-11020,Barry Französisch,Corporate,United States,Aurora,Illinois,60505,Central,FUR-FU-10004973,Furniture,Furnishings,Flat Face Poster Frame,60.288000000000004,8,0.6,-27.129599999999996
2373,CA-2013-159940,2015-07-08,2015-07-12,Second Class,BF-11020,Barry Französisch,Corporate,United States,Aurora,Illinois,60505,Central,OFF-FA-10000936,Office Supplies,Fasteners,Acco Hot Clips Clips to Go,2.632,1,0.2,0.8224999999999999
2374,CA-2013-159940,2015-07-08,2015-07-12,Second Class,BF-11020,Barry Französisch,Corporate,United States,Aurora,Illinois,60505,Central,OFF-PA-10001609,Office Supplies,Paper,Tops Wirebound Message Log Books,23.688000000000002,9,0.2,7.698599999999999
2375,CA-2013-159940,2015-07-08,2015-07-12,Second Class,BF-11020,Barry Französisch,Corporate,United States,Aurora,Illinois,60505,Central,FUR-CH-10000785,Furniture,Chairs,Global Ergonomic Managers Chair,253.37199999999996,2,0.3,-14.478399999999993
1923,CA-2013-156685,2015-07-09,2015-07-11,Second Class,SC-20230,Scot Coram,Corporate,United States,Arlington,Texas,76017,Central,TEC-PH-10004345,Technology,Phones,Cisco SPA 502G IP Phone,863.6400000000001,9,0.2,107.95499999999998
1924,CA-2013-156685,2015-07-09,2015-07-11,Second Class,SC-20230,Scot Coram,Corporate,United States,Arlington,Texas,76017,Central,OFF-AR-10000588,Office Supplies,Art,Newell 345,47.616,3,0.2,3.571200000000001
1733,US-2013-131149,2015-07-11,2015-07-15,Standard Class,LH-17155,Logan Haushalter,Consumer,United States,Dallas,Texas,75081,Central,OFF-ST-10000689,Office Supplies,Storage,"Fellowes Strictly Business Drawer File, Letter/Legal Size",338.04,3,0.2,-33.804
1734,US-2013-131149,2015-07-11,2015-07-15,Standard Class,LH-17155,Logan Haushalter,Consumer,United States,Dallas,Texas,75081,Central,OFF-AR-10002135,Office Supplies,Art,Boston Heavy-Duty Trimline Electric Pencil Sharpeners,154.24,4,0.2,17.351999999999975
1306,CA-2013-101966,2015-07-15,2015-07-17,Second Class,BM-11785,Bryan Mills,Consumer,United States,Houston,Texas,77036,Central,TEC-PH-10003437,Technology,Phones,Blue Parrot B250XT Professional Grade Wireless Bluetooth Headset with,419.94399999999996,7,0.2,52.49299999999997
6666,CA-2013-115483,2015-07-15,2015-07-19,Second Class,JS-15880,John Stevenson,Consumer,United States,Irving,Texas,75061,Central,OFF-PA-10001497,Office Supplies,Paper,Xerox 1914,219.84000000000003,5,0.2,79.69199999999998
188,CA-2013-157000,2015-07-17,2015-07-23,Standard Class,AM-10360,Alice McCarthy,Corporate,United States,Grand Prairie,Texas,75051,Central,OFF-ST-10001328,Office Supplies,Storage,"Personal Filing Tote with Lid, Black/Gray",37.224000000000004,3,0.2,3.7224000000000004
189,CA-2013-157000,2015-07-17,2015-07-23,Standard Class,AM-10360,Alice McCarthy,Corporate,United States,Grand Prairie,Texas,75051,Central,OFF-PA-10001950,Office Supplies,Paper,Southworth 25% Cotton Antique Laid Paper & Envelopes,20.016000000000002,3,0.2,6.254999999999996
3365,CA-2013-130050,2015-07-17,2015-07-19,Second Class,MC-17425,Mark Cousins,Corporate,United States,Houston,Texas,77036,Central,FUR-FU-10001940,Furniture,Furnishings,Staple-based wall hangings,9.552,3,0.6,-3.8207999999999984
3108,CA-2013-121671,2015-07-18,2015-07-23,Standard Class,AA-10480,Andrew Allen,Consumer,United States,Springfield,Missouri,65807,Central,OFF-PA-10001471,Office Supplies,Paper,Strathmore Photo Frame Cards,21.93,3,0.0,10.087799999999998
3109,CA-2013-121671,2015-07-18,2015-07-23,Standard Class,AA-10480,Andrew Allen,Consumer,United States,Springfield,Missouri,65807,Central,OFF-ST-10002344,Office Supplies,Storage,"Carina 42""Hx23 3/4""W Media Storage Unit",242.94,3,0.0,4.858800000000016
3110,CA-2013-121671,2015-07-18,2015-07-23,Standard Class,AA-10480,Andrew Allen,Consumer,United States,Springfield,Missouri,65807,Central,OFF-PA-10001892,Office Supplies,Paper,"Rediform Wirebound ""Phone Memo"" Message Book, 11 x 5-3/4",7.64,1,0.0,3.7436
3111,CA-2013-121671,2015-07-18,2015-07-23,Standard Class,AA-10480,Andrew Allen,Consumer,United States,Springfield,Missouri,65807,Central,OFF-PA-10001934,Office Supplies,Paper,Xerox 1993,51.84,8,0.0,25.401600000000002
3112,CA-2013-121671,2015-07-18,2015-07-23,Standard Class,AA-10480,Andrew Allen,Consumer,United States,Springfield,Missouri,65807,Central,OFF-ST-10000078,Office Supplies,Storage,Tennsco 6- and 18-Compartment Lockers,265.17,1,0.0,47.73059999999998
4730,CA-2013-124681,2015-07-19,2015-07-24,Second Class,SV-20935,Susan Vittorini,Consumer,United States,Dallas,Texas,75217,Central,TEC-AC-10000487,Technology,Accessories,SanDisk Cruzer 4 GB USB Flash Drive,15.576,3,0.2,3.3099
4441,US-2013-111290,2015-07-23,2015-07-27,Standard Class,DK-13375,Dennis Kane,Consumer,United States,Westland,Michigan,48185,Central,TEC-AC-10004975,Technology,Accessories,Plantronics Audio 995 Wireless Stereo Headset,109.95,1,0.0,36.283500000000004
4442,US-2013-111290,2015-07-23,2015-07-27,Standard Class,DK-13375,Dennis Kane,Consumer,United States,Westland,Michigan,48185,Central,OFF-ST-10001932,Office Supplies,Storage,Fellowes Staxonsteel Drawer Files,965.8499999999999,5,0.0,135.21900000000002
4443,US-2013-111290,2015-07-23,2015-07-27,Standard Class,DK-13375,Dennis Kane,Consumer,United States,Westland,Michigan,48185,Central,OFF-AR-10001761,Office Supplies,Art,Avery Hi-Liter Smear-Safe Highlighters,29.2,5,0.0,10.511999999999999
4444,US-2013-111290,2015-07-23,2015-07-27,Standard Class,DK-13375,Dennis Kane,Consumer,United States,Westland,Michigan,48185,Central,OFF-PA-10002262,Office Supplies,Paper,Xerox 192,32.400000000000006,5,0.0,15.552000000000001
4237,CA-2013-162404,2015-07-24,2015-07-28,Standard Class,NF-18475,Neil Französisch,Home Office,United States,Rockford,Illinois,61107,Central,OFF-BI-10000948,Office Supplies,Binders,"GBC Laser Imprintable Binding System Covers, Desert Sand",11.415999999999997,4,0.8,-18.836400000000005
7072,CA-2013-112256,2015-07-24,2015-07-29,Standard Class,CK-12205,Chloris Kastensmidt,Consumer,United States,Mcallen,Texas,78501,Central,OFF-AR-10001216,Office Supplies,Art,Newell 339,4.4479999999999995,2,0.2,0.3335999999999999
7073,CA-2013-112256,2015-07-24,2015-07-29,Standard Class,CK-12205,Chloris Kastensmidt,Consumer,United States,Mcallen,Texas,78501,Central,OFF-PA-10004355,Office Supplies,Paper,Xerox 231,5.184000000000001,1,0.2,1.8144
7074,CA-2013-112256,2015-07-24,2015-07-29,Standard Class,CK-12205,Chloris Kastensmidt,Consumer,United States,Mcallen,Texas,78501,Central,OFF-AR-10001953,Office Supplies,Art,Boston 1645 Deluxe Heavier-Duty Electric Pencil Sharpener,175.92,5,0.2,15.393000000000008
7075,CA-2013-112256,2015-07-24,2015-07-29,Standard Class,CK-12205,Chloris Kastensmidt,Consumer,United States,Mcallen,Texas,78501,Central,OFF-BI-10004364,Office Supplies,Binders,Storex Dura Pro Binders,4.751999999999999,4,0.8,-8.316000000000003
7076,CA-2013-112256,2015-07-24,2015-07-29,Standard Class,CK-12205,Chloris Kastensmidt,Consumer,United States,Mcallen,Texas,78501,Central,OFF-SU-10001165,Office Supplies,Supplies,Acme Elite Stainless Steel Scissors,13.344000000000001,2,0.2,1.0008
8705,CA-2013-111318,2015-07-24,2015-07-27,First Class,IL-15100,Ivan Liston,Consumer,United States,Houston,Texas,77041,Central,TEC-PH-10004100,Technology,Phones,Griffin GC17055 Auxiliary Audio Cable,115.136,8,0.2,11.513600000000004
3106,CA-2013-103037,2015-07-26,2015-07-30,Standard Class,KH-16630,Ken Heidel,Corporate,United States,Houston,Texas,77070,Central,OFF-LA-10004345,Office Supplies,Labels,Avery 493,15.712000000000002,4,0.2,5.695599999999999
5446,CA-2013-128307,2015-07-26,2015-07-30,Standard Class,BE-11335,Bill Eplett,Home Office,United States,Houston,Texas,77041,Central,OFF-EN-10003040,Office Supplies,Envelopes,Quality Park Security Envelopes,20.936000000000003,1,0.2,7.0659
9891,US-2013-115441,2015-07-26,2015-07-29,Second Class,SH-19975,Sally Hughsby,Corporate,United States,Milwaukee,Wisconsin,53209,Central,OFF-PA-10004996,Office Supplies,Paper,"Speediset Carbonless Redi-Letter 7"" x 8 1/2""",20.62,2,0.0,9.6914
9892,US-2013-115441,2015-07-26,2015-07-29,Second Class,SH-19975,Sally Hughsby,Corporate,United States,Milwaukee,Wisconsin,53209,Central,TEC-AC-10003116,Technology,Accessories,Memorex Froggy Flash Drive 8 GB,124.25,7,0.0,48.457499999999996
9893,US-2013-115441,2015-07-26,2015-07-29,Second Class,SH-19975,Sally Hughsby,Corporate,United States,Milwaukee,Wisconsin,53209,Central,TEC-PH-10002262,Technology,Phones,LG Electronics Tone+ HBS-730 Bluetooth Headset,297.55,5,0.0,83.31400000000002
9894,US-2013-115441,2015-07-26,2015-07-29,Second Class,SH-19975,Sally Hughsby,Corporate,United States,Milwaukee,Wisconsin,53209,Central,FUR-CH-10004626,Furniture,Chairs,Office Star Flex Back Scooter Chair with Aluminum Finish Frame,403.56,4,0.0,96.8544
9895,US-2013-115441,2015-07-26,2015-07-29,Second Class,SH-19975,Sally Hughsby,Corporate,United States,Milwaukee,Wisconsin,53209,Central,FUR-FU-10001756,Furniture,Furnishings,"Eldon Expressions Desk Accessory, Wood Photo Frame, Mahogany",95.19999999999999,5,0.0,27.60799999999999
5679,CA-2013-143924,2015-07-29,2015-08-04,Standard Class,SC-20680,Steve Carroll,Home Office,United States,Holland,Michigan,49423,Central,OFF-FA-10000735,Office Supplies,Fasteners,Staples,20.439999999999998,7,0.0,9.197999999999999
5680,CA-2013-143924,2015-07-29,2015-08-04,Standard Class,SC-20680,Steve Carroll,Home Office,United States,Holland,Michigan,49423,Central,OFF-PA-10002120,Office Supplies,Paper,Xerox 1889,109.92,2,0.0,53.8608
9592,US-2013-105452,2015-07-29,2015-08-02,Standard Class,BF-11005,Barry Franz,Home Office,United States,Pasadena,Texas,77506,Central,FUR-FU-10003691,Furniture,Furnishings,"Eldon Image Series Desk Accessories, Ebony",24.700000000000003,5,0.6,-9.879999999999995
9593,US-2013-105452,2015-07-29,2015-08-02,Standard Class,BF-11005,Barry Franz,Home Office,United States,Pasadena,Texas,77506,Central,FUR-FU-10003806,Furniture,Furnishings,"Tenex Chairmat w/ Average Lip, 45"" x 53""",302.72,5,0.6,-378.4000000000001
2174,CA-2013-112025,2015-07-31,2015-08-05,Standard Class,LS-16975,Lindsay Shagiari,Home Office,United States,Houston,Texas,77070,Central,OFF-BI-10002353,Office Supplies,Binders,GBC VeloBind Cover Sets,9.263999999999998,3,0.8,-13.895999999999997
7455,CA-2013-137743,2015-07-31,2015-08-05,Standard Class,KH-16360,Katherine Hughes,Consumer,United States,Chicago,Illinois,60623,Central,OFF-LA-10003663,Office Supplies,Labels,Avery 498,9.248000000000001,4,0.2,3.1212
7456,CA-2013-137743,2015-07-31,2015-08-05,Standard Class,KH-16360,Katherine Hughes,Consumer,United States,Chicago,Illinois,60623,Central,OFF-ST-10001780,Office Supplies,Storage,Tennsco 16-Compartment Lockers with Coat Rack,1036.624,2,0.2,51.831200000000024
4672,CA-2013-133550,2015-08-01,2015-08-07,Standard Class,KL-16645,Ken Lonsdale,Consumer,United States,Detroit,Michigan,48205,Central,OFF-AP-10001005,Office Supplies,Appliances,Honeywell Quietcare HEPA Air Cleaner,283.14000000000004,4,0.1,72.35799999999998
4673,CA-2013-133550,2015-08-01,2015-08-07,Standard Class,KL-16645,Ken Lonsdale,Consumer,United States,Detroit,Michigan,48205,Central,TEC-PH-10004042,Technology,Phones,ClearOne Communications CHAT 70 OC Speaker Phone,635.96,4,0.0,165.3496
4674,CA-2013-133550,2015-08-01,2015-08-07,Standard Class,KL-16645,Ken Lonsdale,Consumer,United States,Detroit,Michigan,48205,Central,TEC-PH-10001079,Technology,Phones,Polycom SoundPoint Pro SE-225 Corded phone,118.99,1,0.0,33.3172
4675,CA-2013-133550,2015-08-01,2015-08-07,Standard Class,KL-16645,Ken Lonsdale,Consumer,United States,Detroit,Michigan,48205,Central,FUR-FU-10002918,Furniture,Furnishings,Eldon ClusterMat Chair Mat with Cordless Antistatic Protection,272.94,3,0.0,30.02340000000001
7102,CA-2013-144337,2015-08-02,2015-08-06,Second Class,SG-20890,Susan Gilcrest,Corporate,United States,Amarillo,Texas,79109,Central,OFF-PA-10000249,Office Supplies,Paper,Easy-staple paper,19.648,2,0.2,6.631199999999999
6158,CA-2013-104150,2015-08-04,2015-08-06,Second Class,AG-10330,Alex Grayson,Consumer,United States,Tulsa,Oklahoma,74133,Central,OFF-EN-10002504,Office Supplies,Envelopes,"Tyvek  Top-Opening Peel & Seel Envelopes, Plain White",81.53999999999999,3,0.0,38.3238
6159,CA-2013-104150,2015-08-04,2015-08-06,Second Class,AG-10330,Alex Grayson,Consumer,United States,Tulsa,Oklahoma,74133,Central,TEC-AC-10004803,Technology,Accessories,Sony Micro Vault Click 4 GB USB 2.0 Flash Drive,167.28,12,0.0,23.41920000000001
2688,US-2013-128195,2015-08-05,2015-08-06,First Class,RA-19285,Ralph Arnett,Consumer,United States,Peoria,Illinois,61604,Central,OFF-BI-10002003,Office Supplies,Binders,Ibico Presentation Index for Binding Systems,3.979999999999999,5,0.8,-6.567000000000002
1800,CA-2013-121034,2015-08-09,2015-08-11,Second Class,JF-15565,Jill Fjeld,Consumer,United States,Dallas,Texas,75081,Central,OFF-FA-10000585,Office Supplies,Fasteners,OIC Bulk Pack Metal Binder Clips,11.168000000000001,4,0.2,3.6295999999999995
1801,CA-2013-121034,2015-08-09,2015-08-11,Second Class,JF-15565,Jill Fjeld,Consumer,United States,Dallas,Texas,75081,Central,OFF-PA-10001994,Office Supplies,Paper,"Ink Jet Note and Greeting Cards, 8-1/2"" x 5-1/2"" Card Size",53.952000000000005,3,0.2,17.534399999999998
5257,CA-2013-130078,2015-08-09,2015-08-15,Standard Class,CC-12145,Charles Crestani,Consumer,United States,Oklahoma City,Oklahoma,73120,Central,OFF-PA-10003270,Office Supplies,Paper,Xerox 1954,10.56,2,0.0,4.752
8306,CA-2013-128671,2015-08-12,2015-08-17,Standard Class,MT-18070,Michelle Tran,Home Office,United States,Tulsa,Oklahoma,74133,Central,OFF-PA-10001870,Office Supplies,Paper,Xerox 202,32.400000000000006,5,0.0,15.552000000000001
8307,CA-2013-128671,2015-08-12,2015-08-17,Standard Class,MT-18070,Michelle Tran,Home Office,United States,Tulsa,Oklahoma,74133,Central,OFF-BI-10003305,Office Supplies,Binders,Avery Hanging File Binders,41.86,7,0.0,19.2556
8308,CA-2013-128671,2015-08-12,2015-08-17,Standard Class,MT-18070,Michelle Tran,Home Office,United States,Tulsa,Oklahoma,74133,Central,OFF-BI-10003007,Office Supplies,Binders,"Premium Transparent Presentation Covers, No Pattern/Clear, 8 1/2"" x 11""",77.56,2,0.0,35.6776
1087,CA-2013-167584,2015-08-13,2015-08-13,Same Day,LC-16870,Lena Cacioppo,Consumer,United States,Des Moines,Iowa,50315,Central,OFF-PA-10000029,Office Supplies,Paper,Xerox 224,6.48,1,0.0,3.1104000000000003
2573,CA-2013-155845,2015-08-13,2015-08-16,Second Class,CM-12235,Chris McAfee,Consumer,United States,Carrollton,Texas,75007,Central,TEC-AC-10004145,Technology,Accessories,Logitech diNovo Edge Keyboard,1399.9440000000002,7,0.2,52.497900000000016
3763,CA-2013-156251,2015-08-14,2015-08-19,Second Class,TS-21160,Theresa Swint,Corporate,United States,West Allis,Wisconsin,53214,Central,FUR-BO-10001337,Furniture,Bookcases,O'Sullivan Living Dimensions 2-Shelf Bookcases,241.96,2,0.0,24.195999999999998
3764,CA-2013-156251,2015-08-14,2015-08-19,Second Class,TS-21160,Theresa Swint,Corporate,United States,West Allis,Wisconsin,53214,Central,OFF-BI-10003529,Office Supplies,Binders,Avery Round Ring Poly Binders,8.52,3,0.0,4.174799999999999
8876,US-2013-141264,2015-08-14,2015-08-20,Standard Class,CT-11995,Carol Triggs,Consumer,United States,Irving,Texas,75061,Central,OFF-SU-10003505,Office Supplies,Supplies,Premier Electric Letter Opener,185.376,2,0.2,-34.75800000000002
8877,US-2013-141264,2015-08-14,2015-08-20,Standard Class,CT-11995,Carol Triggs,Consumer,United States,Irving,Texas,75061,Central,OFF-AP-10002534,Office Supplies,Appliances,3.6 Cubic Foot Counter Height Office Refrigerator,58.923999999999985,1,0.8,-153.2024
6056,CA-2013-113551,2015-08-19,2015-08-21,First Class,NF-18385,Natalie Fritzler,Consumer,United States,Edinburg,Texas,78539,Central,OFF-BI-10001617,Office Supplies,Binders,GBC Wire Binding Combs,2.0679999999999996,1,0.8,-3.4122000000000003
6057,CA-2013-113551,2015-08-19,2015-08-21,First Class,NF-18385,Natalie Fritzler,Consumer,United States,Edinburg,Texas,78539,Central,OFF-PA-10004665,Office Supplies,Paper,Advantus Motivational Note Cards,83.84,8,0.2,30.391999999999996
9125,CA-2013-128916,2015-08-19,2015-08-21,Second Class,MA-17560,Matt Abelman,Home Office,United States,Houston,Texas,77070,Central,FUR-FU-10001940,Furniture,Furnishings,Staple-based wall hangings,9.552,3,0.6,-3.8207999999999984
9126,CA-2013-128916,2015-08-19,2015-08-21,Second Class,MA-17560,Matt Abelman,Home Office,United States,Houston,Texas,77070,Central,FUR-FU-10000320,Furniture,Furnishings,OIC Stacking Trays,5.344,4,0.6,-2.137599999999999
1902,CA-2013-151141,2015-08-21,2015-08-24,First Class,DW-13480,Dianna Wilson,Home Office,United States,Detroit,Michigan,48205,Central,TEC-PH-10004924,Technology,Phones,"SKILCRAFT Telephone Shoulder Rest, 2"" x 6.5"" x 2.5"", Black",14.78,2,0.0,3.9906000000000006
4107,US-2013-148334,2015-08-23,2015-08-27,Standard Class,DD-13570,Dorothy Dickinson,Consumer,United States,Houston,Texas,77041,Central,OFF-BI-10003676,Office Supplies,Binders,"GBC Standard Recycled Report Covers, Clear Plastic Sheets",4.3119999999999985,2,0.8,-6.899200000000002
3017,US-2013-160528,2015-08-24,2015-08-31,Standard Class,MH-18115,Mick Hernandez,Home Office,United States,Pharr,Texas,78577,Central,OFF-ST-10002743,Office Supplies,Storage,SAFCO Boltless Steel Shelving,727.296,8,0.2,-172.73280000000005
3018,US-2013-160528,2015-08-24,2015-08-31,Standard Class,MH-18115,Mick Hernandez,Home Office,United States,Pharr,Texas,78577,Central,FUR-FU-10004973,Furniture,Furnishings,Flat Face Poster Frame,22.608,3,0.6,-10.173599999999997
3019,US-2013-160528,2015-08-24,2015-08-31,Standard Class,MH-18115,Mick Hernandez,Home Office,United States,Pharr,Texas,78577,Central,TEC-AC-10002842,Technology,Accessories,WD My Passport Ultra 2TB Portable External Hard Drive,666.4,7,0.2,-33.319999999999965
7988,US-2013-117793,2015-08-24,2015-08-30,Standard Class,MA-17560,Matt Abelman,Home Office,United States,Sheboygan,Wisconsin,53081,Central,OFF-LA-10002945,Office Supplies,Labels,"Permanent Self-Adhesive File Folder Labels for Typewriters, 1 1/8 x 3 1/2, White",25.2,4,0.0,11.591999999999999
7989,US-2013-117793,2015-08-24,2015-08-30,Standard Class,MA-17560,Matt Abelman,Home Office,United States,Sheboygan,Wisconsin,53081,Central,OFF-LA-10003537,Office Supplies,Labels,Avery 515,37.589999999999996,3,0.0,17.667299999999997
7990,US-2013-117793,2015-08-24,2015-08-30,Standard Class,MA-17560,Matt Abelman,Home Office,United States,Sheboygan,Wisconsin,53081,Central,OFF-ST-10002406,Office Supplies,Storage,Pizazz Global Quick File,14.97,1,0.0,4.191600000000001
7991,US-2013-117793,2015-08-24,2015-08-30,Standard Class,MA-17560,Matt Abelman,Home Office,United States,Sheboygan,Wisconsin,53081,Central,TEC-AC-10003433,Technology,Accessories,Maxell 4.7GB DVD+R 5/Pack,1.98,2,0.0,0.891
1463,CA-2013-152289,2015-08-27,2015-08-29,First Class,LC-16930,Linda Cazamias,Corporate,United States,Pasadena,Texas,77506,Central,TEC-AC-10004571,Technology,Accessories,Logitech G700s Rechargeable Gaming Mouse,159.984,2,0.2,43.9956
1464,CA-2013-152289,2015-08-27,2015-08-29,First Class,LC-16930,Linda Cazamias,Corporate,United States,Pasadena,Texas,77506,Central,FUR-CH-10002126,Furniture,Chairs,Hon Deluxe Fabric Upholstered Stacking Chairs,1024.716,6,0.3,-29.277599999999893
6695,US-2013-163538,2015-08-27,2015-08-31,Standard Class,SS-20515,Shirley Schmidt,Home Office,United States,Franklin,Wisconsin,53132,Central,TEC-AC-10002006,Technology,Accessories,Memorex Micro Travel Drive 16 GB,47.97,3,0.0,14.870699999999998
7703,CA-2013-114601,2015-08-27,2015-09-03,Standard Class,AA-10480,Andrew Allen,Consumer,United States,Detroit,Michigan,48234,Central,OFF-PA-10000605,Office Supplies,Paper,Xerox 1950,11.56,2,0.0,5.6644000000000005
7704,CA-2013-114601,2015-08-27,2015-09-03,Standard Class,AA-10480,Andrew Allen,Consumer,United States,Detroit,Michigan,48234,Central,TEC-PH-10002170,Technology,Phones,ClearSounds CSC500 Amplified Spirit Phone Corded phone,209.96999999999997,3,0.0,58.7916
7705,CA-2013-114601,2015-08-27,2015-09-03,Standard Class,AA-10480,Andrew Allen,Consumer,United States,Detroit,Michigan,48234,Central,FUR-TA-10004147,Furniture,Tables,Hon 4060 Series Tables,447.84,4,0.0,98.52479999999997
7706,CA-2013-114601,2015-08-27,2015-09-03,Standard Class,AA-10480,Andrew Allen,Consumer,United States,Detroit,Michigan,48234,Central,TEC-AC-10003911,Technology,Accessories,NETGEAR AC1750 Dual Band Gigabit Smart WiFi Router,479.97,3,0.0,163.1898
7707,CA-2013-114601,2015-08-27,2015-09-03,Standard Class,AA-10480,Andrew Allen,Consumer,United States,Detroit,Michigan,48234,Central,OFF-AR-10002578,Office Supplies,Art,Newell 335,8.64,3,0.0,2.5056
743,US-2013-146710,2015-08-28,2015-09-02,Standard Class,SS-20875,Sung Shariari,Consumer,United States,Dallas,Texas,75220,Central,OFF-SU-10004498,Office Supplies,Supplies,Martin-Yale Premier Letter Opener,51.52000000000001,5,0.2,-10.948000000000002
744,US-2013-146710,2015-08-28,2015-09-02,Standard Class,SS-20875,Sung Shariari,Consumer,United States,Dallas,Texas,75220,Central,OFF-PA-10002615,Office Supplies,Paper,"Ampad Gold Fibre Wirebound Steno Books, 6"" x 9"", Gregg Ruled",3.5280000000000005,1,0.2,1.1465999999999998
745,US-2013-146710,2015-08-28,2015-09-02,Standard Class,SS-20875,Sung Shariari,Consumer,United States,Dallas,Texas,75220,Central,OFF-PA-10004971,Office Supplies,Paper,Xerox 196,4.6240000000000006,1,0.2,1.6762000000000001
746,US-2013-146710,2015-08-28,2015-09-02,Standard Class,SS-20875,Sung Shariari,Consumer,United States,Dallas,Texas,75220,Central,OFF-SU-10004261,Office Supplies,Supplies,"Fiskars 8"" Scissors, 2/Pack",55.168,4,0.2,6.20639999999999
5603,CA-2013-117919,2015-08-28,2015-08-30,Second Class,TB-21355,Todd Boyes,Corporate,United States,Houston,Texas,77041,Central,OFF-ST-10003572,Office Supplies,Storage,Portfile Personal File Boxes,14.16,1,0.2,1.0620000000000003
5604,CA-2013-117919,2015-08-28,2015-08-30,Second Class,TB-21355,Todd Boyes,Corporate,United States,Houston,Texas,77041,Central,OFF-PA-10004353,Office Supplies,Paper,Southworth 25% Cotton Premium Laser Paper and Envelopes,79.92000000000002,5,0.2,27.972
4070,CA-2013-145303,2015-08-29,2015-09-01,First Class,TP-21415,Tom Prescott,Consumer,United States,Dallas,Texas,75081,Central,OFF-BI-10000050,Office Supplies,Binders,"Angle-D Binders with Locking Rings, Label Holders",13.139999999999997,9,0.8,-21.681000000000004
4071,CA-2013-145303,2015-08-29,2015-09-01,First Class,TP-21415,Tom Prescott,Consumer,United States,Dallas,Texas,75081,Central,OFF-BI-10002414,Office Supplies,Binders,GBC ProClick Spines for 32-Hole Punch,10.023999999999997,4,0.8,-16.539600000000007
4072,CA-2013-145303,2015-08-29,2015-09-01,First Class,TP-21415,Tom Prescott,Consumer,United States,Dallas,Texas,75081,Central,FUR-BO-10003159,Furniture,Bookcases,"Sauder Camden County Collection Libraries, Planked Cherry Finish",156.37279999999998,2,0.32,-52.89080000000003
100,CA-2013-158568,2015-08-30,2015-09-03,Standard Class,RB-19465,Rick Bensley,Home Office,United States,Chicago,Illinois,60610,Central,OFF-PA-10003256,Office Supplies,Paper,Avery Personal Creations Heavyweight Cards,64.624,7,0.2,22.618399999999994
101,CA-2013-158568,2015-08-30,2015-09-03,Standard Class,RB-19465,Rick Bensley,Home Office,United States,Chicago,Illinois,60610,Central,TEC-AC-10001767,Technology,Accessories,SanDisk Ultra 64 GB MicroSDHC Class 10 Memory Card,95.97600000000001,3,0.2,-10.79730000000001
102,CA-2013-158568,2015-08-30,2015-09-03,Standard Class,RB-19465,Rick Bensley,Home Office,United States,Chicago,Illinois,60610,Central,OFF-BI-10002609,Office Supplies,Binders,Avery Hidden Tab Dividers for Binding Systems,1.7879999999999996,3,0.8,-3.0396
5774,CA-2013-117408,2015-09-01,2015-09-07,Standard Class,TP-21130,Theone Pippenger,Consumer,United States,Waco,Texas,76706,Central,OFF-ST-10001580,Office Supplies,Storage,Super Decoflex Portable Personal File,23.968000000000004,2,0.2,2.396799999999999
6983,CA-2013-116526,2015-09-02,2015-09-06,Standard Class,JA-15970,Joseph Airdo,Consumer,United States,Detroit,Michigan,48227,Central,OFF-BI-10004728,Office Supplies,Binders,Wilson Jones Turn Tabs Binder Tool for Ring Binders,24.1,5,0.0,11.086
6984,CA-2013-116526,2015-09-02,2015-09-06,Standard Class,JA-15970,Joseph Airdo,Consumer,United States,Detroit,Michigan,48227,Central,TEC-PH-10002365,Technology,Phones,Belkin Grip Candy Sheer Case / Cover for iPhone 5 and 5S,8.78,1,0.0,2.2828
6985,CA-2013-116526,2015-09-02,2015-09-06,Standard Class,JA-15970,Joseph Airdo,Consumer,United States,Detroit,Michigan,48227,Central,OFF-AP-10002457,Office Supplies,Appliances,"Eureka The Boss Plus 12-Amp Hard Box Upright Vacuum, Red",376.74,4,0.1,71.16199999999998
6986,CA-2013-116526,2015-09-02,2015-09-06,Standard Class,JA-15970,Joseph Airdo,Consumer,United States,Detroit,Michigan,48227,Central,OFF-BI-10000320,Office Supplies,Binders,GBC Plastic Binding Combs,29.52,4,0.0,14.4648
6987,CA-2013-116526,2015-09-02,2015-09-06,Standard Class,JA-15970,Joseph Airdo,Consumer,United States,Detroit,Michigan,48227,Central,OFF-AR-10004999,Office Supplies,Art,Newell 315,11.96,2,0.0,2.99
6988,CA-2013-116526,2015-09-02,2015-09-06,Standard Class,JA-15970,Joseph Airdo,Consumer,United States,Detroit,Michigan,48227,Central,OFF-BI-10001116,Office Supplies,Binders,"Wilson Jones 1"" Hanging DublLock Ring Binders",26.400000000000002,5,0.0,12.672
3416,CA-2013-116540,2015-09-03,2015-09-03,Same Day,SS-20590,Sonia Sunley,Consumer,United States,Madison,Wisconsin,53711,Central,OFF-FA-10002676,Office Supplies,Fasteners,Colored Push Pins,1.81,1,0.0,0.6516
3417,CA-2013-116540,2015-09-03,2015-09-03,Same Day,SS-20590,Sonia Sunley,Consumer,United States,Madison,Wisconsin,53711,Central,OFF-BI-10004970,Office Supplies,Binders,"ACCOHIDE 3-Ring Binder, Blue, 1""",8.26,2,0.0,3.8822
6763,CA-2013-144764,2015-09-03,2015-09-09,Standard Class,RL-19615,Rob Lucas,Consumer,United States,Chicago,Illinois,60623,Central,OFF-LA-10000240,Office Supplies,Labels,Self-Adhesive Address Labels for Typewriters by Universal,29.24,5,0.2,9.868500000000001
6764,CA-2013-144764,2015-09-03,2015-09-09,Standard Class,RL-19615,Rob Lucas,Consumer,United States,Chicago,Illinois,60623,Central,OFF-ST-10002485,Office Supplies,Storage,Rogers Deluxe File Chest,35.168,2,0.2,-8.352400000000001
6765,CA-2013-144764,2015-09-03,2015-09-09,Standard Class,RL-19615,Rob Lucas,Consumer,United States,Chicago,Illinois,60623,Central,TEC-MA-10003230,Technology,Machines,Okidata C610n Printer,1362.8999999999999,3,0.3,-19.47000000000014
6937,CA-2013-129847,2015-09-03,2015-09-05,First Class,TA-21385,Tom Ashbrook,Home Office,United States,Chicago,Illinois,60653,Central,FUR-FU-10000277,Furniture,Furnishings,Deflect-o DuraMat Antistatic Studded Beveled Mat for Medium Pile Carpeting,84.272,2,0.6,-75.8448
8679,CA-2013-112739,2015-09-03,2015-09-08,Second Class,RD-19810,Ross DeVincentis,Home Office,United States,Houston,Texas,77070,Central,OFF-BI-10001132,Office Supplies,Binders,"Acco PRESSTEX Data Binder with Storage Hooks, Dark Blue, 9 1/2"" X 11""",8.607999999999999,8,0.8,-13.342400000000001
8680,CA-2013-112739,2015-09-03,2015-09-08,Second Class,RD-19810,Ross DeVincentis,Home Office,United States,Houston,Texas,77070,Central,TEC-AC-10001714,Technology,Accessories,Logitech MX Performance Wireless Mouse,159.56,5,0.2,33.906499999999994
1382,US-2013-100566,2015-09-04,2015-09-10,Standard Class,JK-16120,Julie Kriz,Home Office,United States,Aurora,Illinois,60505,Central,FUR-FU-10003394,Furniture,Furnishings,"Tenex ""The Solids"" Textured Chair Mats",83.952,3,0.6,-90.24839999999999
2160,CA-2013-159737,2015-09-04,2015-09-10,Standard Class,CS-11950,Carlos Soltero,Consumer,United States,Chicago,Illinois,60610,Central,OFF-BI-10004236,Office Supplies,Binders,"XtraLife ClearVue Slant-D Ring Binder, White, 3""",8.807999999999998,3,0.8,-14.973600000000001
2772,CA-2013-163986,2015-09-04,2015-09-11,Standard Class,JJ-15445,Jennifer Jackson,Consumer,United States,Waukesha,Wisconsin,53186,Central,OFF-ST-10000918,Office Supplies,Storage,Crate-A-Files,54.5,5,0.0,14.169999999999998
7563,US-2013-104815,2015-09-04,2015-09-08,Standard Class,RB-19570,Rob Beeghly,Consumer,United States,Chicago,Illinois,60610,Central,FUR-BO-10003894,Furniture,Bookcases,"Safco Value Mate Steel Bookcase, Baked Enamel Finish on Steel, Black",198.744,4,0.3,0.0
3788,CA-2013-169971,2015-09-05,2015-09-10,Standard Class,IL-15100,Ivan Liston,Consumer,United States,Houston,Texas,77041,Central,OFF-AR-10002804,Office Supplies,Art,Faber Castell Col-Erase Pencils,3.912,1,0.2,1.0269000000000001
3789,CA-2013-169971,2015-09-05,2015-09-10,Standard Class,IL-15100,Ivan Liston,Consumer,United States,Houston,Texas,77041,Central,OFF-AR-10001044,Office Supplies,Art,"BOSTON Ranger #55 Pencil Sharpener, Black",62.376000000000005,3,0.2,7.017299999999995
8737,CA-2013-168774,2015-09-05,2015-09-10,Standard Class,RP-19855,Roy Phan,Corporate,United States,Woodbury,Minnesota,55125,Central,OFF-ST-10001490,Office Supplies,Storage,"Hot File 7-Pocket, Floor Stand",535.41,3,0.0,160.62299999999993
9073,CA-2013-142524,2015-09-05,2015-09-09,Standard Class,MB-18085,Mick Brown,Consumer,United States,Springfield,Missouri,65807,Central,OFF-EN-10003286,Office Supplies,Envelopes,Staple envelope,16.56,2,0.0,7.783199999999999
9074,CA-2013-142524,2015-09-05,2015-09-09,Standard Class,MB-18085,Mick Brown,Consumer,United States,Springfield,Missouri,65807,Central,TEC-AC-10000109,Technology,Accessories,Sony Micro Vault Click 16 GB USB 2.0 Flash Drive,279.95,5,0.0,67.18800000000002
441,CA-2013-115756,2015-09-06,2015-09-08,Second Class,PK-19075,Pete Kriz,Consumer,United States,Detroit,Michigan,48227,Central,FUR-FU-10000246,Furniture,Furnishings,Aluminum Document Frame,12.22,1,0.0,3.6659999999999986
442,CA-2013-115756,2015-09-06,2015-09-08,Second Class,PK-19075,Pete Kriz,Consumer,United States,Detroit,Michigan,48227,Central,OFF-ST-10000060,Office Supplies,Storage,Fellowes Bankers Box Staxonsteel Drawer File/Stacking System,194.94,3,0.0,23.39280000000001
443,CA-2013-115756,2015-09-06,2015-09-08,Second Class,PK-19075,Pete Kriz,Consumer,United States,Detroit,Michigan,48227,Central,OFF-ST-10003058,Office Supplies,Storage,Eldon Mobile Mega Data Cart  Mega Stackable  Add-On Trays,70.94999999999999,3,0.0,20.575499999999998
444,CA-2013-115756,2015-09-06,2015-09-08,Second Class,PK-19075,Pete Kriz,Consumer,United States,Detroit,Michigan,48227,Central,OFF-PA-10002222,Office Supplies,Paper,"Xerox Color Copier Paper, 11"" x 17"", Ream",91.36,4,0.0,42.0256
445,CA-2013-115756,2015-09-06,2015-09-08,Second Class,PK-19075,Pete Kriz,Consumer,United States,Detroit,Michigan,48227,Central,FUR-CH-10002372,Furniture,Chairs,Office Star - Ergonomically Designed Knee Chair,242.94,3,0.0,29.152800000000013
446,CA-2013-115756,2015-09-06,2015-09-08,Second Class,PK-19075,Pete Kriz,Consumer,United States,Detroit,Michigan,48227,Central,OFF-LA-10001317,Office Supplies,Labels,Avery 520,22.05,7,0.0,10.584
1281,CA-2013-160815,2015-09-06,2015-09-07,First Class,TR-21325,Toby Ritter,Consumer,United States,Cedar Rapids,Iowa,52402,Central,TEC-PH-10003505,Technology,Phones,Geemarc AmpliPOWER60,278.4,3,0.0,80.73599999999998
1795,CA-2013-140774,2015-09-06,2015-09-11,Standard Class,BE-11455,Brad Eason,Home Office,United States,Olathe,Kansas,66062,Central,OFF-AR-10004022,Office Supplies,Art,Panasonic KP-380BK Classic Electric Pencil Sharpener,107.94,3,0.0,26.984999999999992
3145,US-2013-148110,2015-09-06,2015-09-12,Standard Class,AR-10825,Anthony Rawles,Corporate,United States,Austin,Texas,78745,Central,FUR-CH-10002647,Furniture,Chairs,"Situations Contoured Folding Chairs, 4/Set",347.802,7,0.3,-24.84299999999996
4615,CA-2013-144540,2015-09-06,2015-09-11,Standard Class,GH-14410,Gary Hansen,Home Office,United States,Houston,Texas,77070,Central,OFF-AP-10002457,Office Supplies,Appliances,"Eureka The Boss Plus 12-Amp Hard Box Upright Vacuum, Red",62.78999999999999,3,0.8,-166.39350000000002
4616,CA-2013-144540,2015-09-06,2015-09-11,Standard Class,GH-14410,Gary Hansen,Home Office,United States,Houston,Texas,77070,Central,OFF-FA-10002763,Office Supplies,Fasteners,Advantus Map Pennant Flags and Round Head Tacks,28.44,9,0.2,4.265999999999997
5382,CA-2013-149195,2015-09-06,2015-09-08,Second Class,DM-13525,Don Miller,Corporate,United States,Houston,Texas,77070,Central,OFF-PA-10001870,Office Supplies,Paper,Xerox 202,25.920000000000005,5,0.2,9.072
5383,CA-2013-149195,2015-09-06,2015-09-08,Second Class,DM-13525,Don Miller,Corporate,United States,Houston,Texas,77070,Central,OFF-FA-10001843,Office Supplies,Fasteners,Staples,15.808000000000002,8,0.2,5.3352
5384,CA-2013-149195,2015-09-06,2015-09-08,Second Class,DM-13525,Don Miller,Corporate,United States,Houston,Texas,77070,Central,OFF-PA-10002036,Office Supplies,Paper,Xerox 1930,10.368000000000002,2,0.2,3.7584
6777,US-2013-152373,2015-09-06,2015-09-12,Standard Class,PT-19090,Pete Takahito,Consumer,United States,San Antonio,Texas,78207,Central,OFF-ST-10003479,Office Supplies,Storage,"Eldon Base for stackable storage shelf, platinum",93.456,3,0.2,-17.523000000000014
7071,CA-2013-164490,2015-09-06,2015-09-11,Second Class,SU-20665,Stephanie Ulpright,Home Office,United States,Chicago,Illinois,60653,Central,OFF-PA-10004971,Office Supplies,Paper,Xerox 196,9.248000000000001,2,0.2,3.3524000000000003
7550,CA-2013-136595,2015-09-06,2015-09-08,First Class,EM-13825,Elizabeth Moffitt,Corporate,United States,Houston,Texas,77036,Central,FUR-FU-10004671,Furniture,Furnishings,"Executive Impressions 12"" Wall Clock",21.204000000000004,3,0.6,-11.662199999999999
99,CA-2013-149223,2015-09-07,2015-09-12,Standard Class,ER-13855,Elpida Rittenbach,Corporate,United States,Saint Paul,Minnesota,55106,Central,OFF-AP-10000358,Office Supplies,Appliances,Fellowes Basic Home/Office Series Surge Protectors,77.88,6,0.0,22.585199999999993
4514,CA-2013-145240,2015-09-07,2015-09-09,First Class,BG-11740,Bruce Geld,Consumer,United States,Houston,Texas,77070,Central,OFF-ST-10001590,Office Supplies,Storage,"Tenex Personal Project File with Scoop Front Design, Black",10.784,1,0.2,0.8087999999999993
5352,CA-2013-123932,2015-09-07,2015-09-13,Standard Class,YC-21895,Yoseph Carroll,Corporate,United States,Dallas,Texas,75217,Central,OFF-PA-10004665,Office Supplies,Paper,Advantus Motivational Note Cards,41.92,4,0.2,15.195999999999998
5353,CA-2013-123932,2015-09-07,2015-09-13,Standard Class,YC-21895,Yoseph Carroll,Corporate,United States,Dallas,Texas,75217,Central,TEC-PH-10002447,Technology,Phones,AT&T CL83451 4-Handset Telephone,329.58400000000006,2,0.2,37.07819999999998
399,CA-2013-108987,2015-09-09,2015-09-11,Second Class,AG-10675,Anna Gayman,Consumer,United States,Houston,Texas,77036,Central,OFF-ST-10001580,Office Supplies,Storage,Super Decoflex Portable Personal File,35.952000000000005,3,0.2,3.5951999999999984
400,CA-2013-108987,2015-09-09,2015-09-11,Second Class,AG-10675,Anna Gayman,Consumer,United States,Houston,Texas,77036,Central,FUR-BO-10004834,Furniture,Bookcases,"Riverside Palais Royal Lawyers Bookcase, Royale Cherry Finish",2396.2655999999997,4,0.32,-317.15280000000007
401,CA-2013-108987,2015-09-09,2015-09-11,Second Class,AG-10675,Anna Gayman,Consumer,United States,Houston,Texas,77036,Central,OFF-ST-10000934,Office Supplies,Storage,"Contico 72""H Heavy-Duty Storage System",131.136,4,0.2,-32.784
402,CA-2013-108987,2015-09-09,2015-09-11,Second Class,AG-10675,Anna Gayman,Consumer,United States,Houston,Texas,77036,Central,TEC-AC-10000158,Technology,Accessories,Sony 64GB Class 10 Micro SDHC R40 Memory Card,57.584,2,0.2,0.7197999999999993
2591,US-2013-115455,2015-09-09,2015-09-15,Standard Class,SE-20110,Sanjit Engle,Consumer,United States,Wheeling,Illinois,60090,Central,FUR-FU-10004671,Furniture,Furnishings,"Executive Impressions 12"" Wall Clock",14.136000000000003,2,0.6,-7.774799999999999
2592,US-2013-115455,2015-09-09,2015-09-15,Standard Class,SE-20110,Sanjit Engle,Consumer,United States,Wheeling,Illinois,60090,Central,FUR-TA-10003569,Furniture,Tables,Bretford CR8500 Series Meeting Room Furniture,601.47,3,0.5,-300.735
4393,CA-2013-108868,2015-09-09,2015-09-13,Standard Class,KB-16585,Ken Black,Corporate,United States,Dallas,Texas,75081,Central,OFF-AR-10001953,Office Supplies,Art,Boston 1645 Deluxe Heavier-Duty Electric Pencil Sharpener,70.368,2,0.2,6.157200000000003
4394,CA-2013-108868,2015-09-09,2015-09-13,Standard Class,KB-16585,Ken Black,Corporate,United States,Dallas,Texas,75081,Central,TEC-PH-10000923,Technology,Phones,"Belkin SportFit Armband For iPhone 5s/5c, Fuchsia",59.96000000000001,5,0.2,21.735500000000002
3568,CA-2013-137176,2015-09-10,2015-09-15,Second Class,DB-12910,Daniel Byrd,Home Office,United States,Dallas,Texas,75220,Central,FUR-FU-10003832,Furniture,Furnishings,"Eldon Expressions Punched Metal & Wood Desk Accessories, Black & Cherry",15.008000000000003,4,0.6,-12.0064
2494,CA-2013-146206,2015-09-11,2015-09-15,Second Class,KT-16480,Kean Thornton,Consumer,United States,Houston,Texas,77095,Central,FUR-TA-10004086,Furniture,Tables,KI Adjustable-Height Table,300.93,5,0.3,-34.39200000000001
2495,CA-2013-146206,2015-09-11,2015-09-15,Second Class,KT-16480,Kean Thornton,Consumer,United States,Houston,Texas,77095,Central,TEC-PH-10000895,Technology,Phones,Polycom VVX 310 VoIP phone,719.96,5,0.2,53.99700000000004
5414,CA-2013-153157,2015-09-12,2015-09-15,First Class,TB-21625,Trudy Brown,Consumer,United States,Wichita,Kansas,67212,Central,TEC-PH-10003171,Technology,Phones,Plantronics Encore H101 Dual Earpieces Headset,224.75,5,0.0,62.92999999999999
6109,CA-2013-150007,2015-09-12,2015-09-17,Standard Class,AS-10090,Adam Shillingsburg,Consumer,United States,Chicago,Illinois,60653,Central,OFF-LA-10001982,Office Supplies,Labels,Smead Alpha-Z Color-Coded Name Labels First Letter Starter Set,6.0,2,0.2,2.0999999999999996
6110,CA-2013-150007,2015-09-12,2015-09-17,Standard Class,AS-10090,Adam Shillingsburg,Consumer,United States,Chicago,Illinois,60653,Central,OFF-BI-10004141,Office Supplies,Binders,Insertable Tab Indexes For Data Binders,1.9079999999999997,3,0.8,-3.2436000000000016
9973,CA-2013-130225,2015-09-12,2015-09-18,Standard Class,RC-19960,Ryan Crowe,Consumer,United States,Houston,Texas,77041,Central,OFF-EN-10000056,Office Supplies,Envelopes,Cameo Buff Policy Envelopes,99.568,2,0.2,33.60419999999999
7253,CA-2013-152457,2015-09-13,2015-09-19,Standard Class,SC-20695,Steve Chapman,Corporate,United States,Roseville,Michigan,48066,Central,OFF-PA-10003790,Office Supplies,Paper,Xerox 1991,68.52,3,0.0,31.519199999999998
7380,CA-2013-105732,2015-09-14,2015-09-19,Standard Class,AG-10270,Alejandro Grove,Consumer,United States,Omaha,Nebraska,68104,Central,OFF-ST-10000419,Office Supplies,Storage,"Rogers Jumbo File, Granite",40.74,3,0.0,0.4073999999999991
7381,CA-2013-105732,2015-09-14,2015-09-19,Standard Class,AG-10270,Alejandro Grove,Consumer,United States,Omaha,Nebraska,68104,Central,OFF-LA-10004559,Office Supplies,Labels,Avery 49,14.399999999999999,5,0.0,7.056
7382,CA-2013-105732,2015-09-14,2015-09-19,Standard Class,AG-10270,Alejandro Grove,Consumer,United States,Omaha,Nebraska,68104,Central,TEC-PH-10001644,Technology,Phones,"BlueLounge Milo Smartphone Stand, White/Metallic",149.95,5,0.0,41.986000000000004
7383,CA-2013-105732,2015-09-14,2015-09-19,Standard Class,AG-10270,Alejandro Grove,Consumer,United States,Omaha,Nebraska,68104,Central,OFF-SU-10004782,Office Supplies,Supplies,"Elite 5"" Scissors",16.9,2,0.0,5.0699999999999985
7384,CA-2013-105732,2015-09-14,2015-09-19,Standard Class,AG-10270,Alejandro Grove,Consumer,United States,Omaha,Nebraska,68104,Central,OFF-PA-10002250,Office Supplies,Paper,Things To Do Today Pad,17.61,3,0.0,8.4528
7385,CA-2013-105732,2015-09-14,2015-09-19,Standard Class,AG-10270,Alejandro Grove,Consumer,United States,Omaha,Nebraska,68104,Central,OFF-AP-10001394,Office Supplies,Appliances,Harmony Air Purifier,378.0,2,0.0,136.07999999999998
7386,CA-2013-105732,2015-09-14,2015-09-19,Standard Class,AG-10270,Alejandro Grove,Consumer,United States,Omaha,Nebraska,68104,Central,OFF-PA-10001838,Office Supplies,Paper,"Adams Telephone Message Book W/Dividers/Space For Phone Numbers, 5 1/4""X8 1/2"", 300/Messages",17.64,3,0.0,8.6436
7387,CA-2013-105732,2015-09-14,2015-09-19,Standard Class,AG-10270,Alejandro Grove,Consumer,United States,Omaha,Nebraska,68104,Central,OFF-ST-10004340,Office Supplies,Storage,"Fellowes Mobile File Cart, Black",373.08,6,0.0,100.73160000000001
7388,CA-2013-105732,2015-09-14,2015-09-19,Standard Class,AG-10270,Alejandro Grove,Consumer,United States,Omaha,Nebraska,68104,Central,FUR-FU-10003664,Furniture,Furnishings,"Electrix Architect's Clamp-On Swing Arm Lamp, Black",1336.4399999999998,14,0.0,387.56759999999986
7389,CA-2013-105732,2015-09-14,2015-09-19,Standard Class,AG-10270,Alejandro Grove,Consumer,United States,Omaha,Nebraska,68104,Central,TEC-PH-10004897,Technology,Phones,Mediabridge Sport Armband iPhone 5s,29.97,3,0.0,0.29969999999999963
3720,CA-2013-105900,2015-09-18,2015-09-24,Standard Class,BS-11590,Brendan Sweed,Corporate,United States,Columbus,Indiana,47201,Central,OFF-AR-10002656,Office Supplies,Art,Sanford Liquid Accent Highlighters,33.4,5,0.0,12.357999999999997
658,US-2013-156097,2015-09-20,2015-09-20,Same Day,EH-14125,Eugene Hildebrand,Home Office,United States,Aurora,Illinois,60505,Central,FUR-CH-10001215,Furniture,Chairs,Global Troy Executive Leather Low-Back Tilter,701.372,2,0.3,-50.09800000000001
659,US-2013-156097,2015-09-20,2015-09-20,Same Day,EH-14125,Eugene Hildebrand,Home Office,United States,Aurora,Illinois,60505,Central,OFF-BI-10004654,Office Supplies,Binders,Avery Binding System Hidden Tab Executive Style Index Sets,2.3079999999999994,2,0.8,-3.4619999999999997
8484,CA-2013-126284,2015-09-21,2015-09-25,Standard Class,EN-13780,Edward Nazzal,Consumer,United States,Grand Rapids,Michigan,49505,Central,OFF-BI-10004828,Office Supplies,Binders,GBC Poly Designer Binding Covers,83.69999999999999,5,0.0,41.01299999999999
9447,CA-2013-158617,2015-09-23,2015-09-29,Standard Class,AC-10660,Anna Chung,Consumer,United States,Lawrence,Indiana,46226,Central,OFF-PA-10002245,Office Supplies,Paper,Xerox 1895,35.88,6,0.0,16.146
9721,CA-2013-119641,2015-09-23,2015-09-27,Standard Class,CS-12250,Chris Selesnick,Corporate,United States,Green Bay,Wisconsin,54302,Central,FUR-FU-10002445,Furniture,Furnishings,"DAX Two-Tone Rosewood/Black Document Frame, Desktop, 5 x 7",18.96,2,0.0,7.584000000000001
9983,US-2013-157728,2015-09-23,2015-09-29,Standard Class,RC-19960,Ryan Crowe,Consumer,United States,Grand Rapids,Michigan,49505,Central,OFF-PA-10002195,Office Supplies,Paper,"RSVP Cards & Envelopes, Blank White, 8-1/2"" X 11"", 24 Cards/25 Envelopes/Set",35.56,7,0.0,16.7132
9984,US-2013-157728,2015-09-23,2015-09-29,Standard Class,RC-19960,Ryan Crowe,Consumer,United States,Grand Rapids,Michigan,49505,Central,TEC-PH-10001305,Technology,Phones,Panasonic KX TS208W Corded phone,97.98,2,0.0,27.43440000000001
5681,CA-2013-141551,2015-09-25,2015-10-01,Standard Class,BP-11230,Benjamin Patterson,Consumer,United States,Broken Arrow,Oklahoma,74012,Central,OFF-BI-10001249,Office Supplies,Binders,Avery Heavy-Duty EZD View Binder with Locking Rings,6.38,1,0.0,2.9347999999999996
5682,CA-2013-141551,2015-09-25,2015-10-01,Standard Class,BP-11230,Benjamin Patterson,Consumer,United States,Broken Arrow,Oklahoma,74012,Central,OFF-PA-10001569,Office Supplies,Paper,Xerox 232,6.48,1,0.0,3.1104000000000003
5872,CA-2013-154235,2015-09-25,2015-09-29,Standard Class,RD-19900,Ruben Dartt,Consumer,United States,Bloomington,Indiana,47401,Central,FUR-FU-10004006,Furniture,Furnishings,"Deflect-o DuraMat Lighweight, Studded, Beveled Mat for Low Pile Carpeting",127.94999999999999,3,0.0,21.751499999999986
6263,CA-2013-132479,2015-09-25,2015-09-27,First Class,MK-17905,Michael Kennedy,Corporate,United States,Rockford,Illinois,61107,Central,OFF-BI-10004584,Office Supplies,Binders,GBC ProClick 150 Presentation Binding System,442.37199999999996,7,0.8,-729.9138
1459,CA-2013-123722,2015-09-26,2015-10-02,Standard Class,NH-18610,Nicole Hansen,Corporate,United States,Irving,Texas,75061,Central,OFF-LA-10001569,Office Supplies,Labels,Avery 499,15.936000000000002,4,0.2,5.1792
5620,US-2013-124163,2015-09-26,2015-10-01,Standard Class,SC-20695,Steve Chapman,Corporate,United States,La Crosse,Wisconsin,54601,Central,TEC-AC-10001908,Technology,Accessories,Logitech Wireless Headset h800,499.95,5,0.0,174.9825
5621,US-2013-124163,2015-09-26,2015-10-01,Standard Class,SC-20695,Steve Chapman,Corporate,United States,La Crosse,Wisconsin,54601,Central,OFF-AR-10000817,Office Supplies,Art,Manco Dry-Lighter Erasable Highlighter,3.04,1,0.0,1.0335999999999999
5622,US-2013-124163,2015-09-26,2015-10-01,Standard Class,SC-20695,Steve Chapman,Corporate,United States,La Crosse,Wisconsin,54601,Central,FUR-CH-10004218,Furniture,Chairs,"Global Fabric Manager's Chair, Dark Gray",201.96,2,0.0,50.49000000000001
5623,US-2013-124163,2015-09-26,2015-10-01,Standard Class,SC-20695,Steve Chapman,Corporate,United States,La Crosse,Wisconsin,54601,Central,FUR-FU-10000755,Furniture,Furnishings,Eldon Expressions Mahogany Wood Desk Collection,68.64,11,0.0,17.160000000000004
458,US-2013-157945,2015-09-27,2015-10-02,Standard Class,NF-18385,Natalie Fritzler,Consumer,United States,Decatur,Illinois,62521,Central,FUR-CH-10002331,Furniture,Chairs,Hon 4700 Series Mobuis Mid-Back Task Chairs with Adjustable Arms,747.558,3,0.3,-96.11460000000011
459,US-2013-157945,2015-09-27,2015-10-02,Standard Class,NF-18385,Natalie Fritzler,Consumer,United States,Decatur,Illinois,62521,Central,OFF-EN-10001415,Office Supplies,Envelopes,Staple envelope,8.928,2,0.2,3.348
4190,CA-2013-157714,2015-09-27,2015-10-02,Second Class,CS-12175,Charles Sheldon,Corporate,United States,Iowa City,Iowa,52240,Central,OFF-PA-10004022,Office Supplies,Paper,Hammermill Color Copier Paper (28Lb. and 96 Bright),9.99,1,0.0,4.4955
8322,US-2013-149790,2015-09-27,2015-10-02,Standard Class,SC-20380,Shahid Collister,Consumer,United States,Houston,Texas,77095,Central,OFF-BI-10002026,Office Supplies,Binders,Ibico Recycled Linen-Style Covers,15.623999999999997,2,0.8,-24.99840000000001
9087,CA-2013-143406,2015-09-27,2015-10-01,Standard Class,LR-17035,Lisa Ryan,Corporate,United States,Houston,Texas,77041,Central,OFF-AP-10001564,Office Supplies,Appliances,Hoover Commercial Lightweight Upright Vacuum with E-Z Empty Dirt Cup,93.03199999999998,2,0.8,-251.18640000000005
9088,CA-2013-143406,2015-09-27,2015-10-01,Standard Class,LR-17035,Lisa Ryan,Corporate,United States,Houston,Texas,77041,Central,FUR-CH-10000513,Furniture,Chairs,High-Back Leather Manager's Chair,454.965,5,0.3,-136.48950000000002
9414,CA-2013-132017,2015-09-27,2015-09-28,First Class,MH-17620,Matt Hagelstein,Corporate,United States,Houston,Texas,77041,Central,OFF-BI-10004001,Office Supplies,Binders,GBC Recycled VeloBinder Covers,6.815999999999998,2,0.8,-11.587200000000003
2404,US-2013-110170,2015-09-28,2015-10-04,Standard Class,HM-14860,Harry Marie,Corporate,United States,Huntsville,Texas,77340,Central,FUR-BO-10000780,Furniture,Bookcases,O'Sullivan Plantations 2-Door Library in Landvery Oak,956.6647999999999,7,0.32,-225.09759999999991
377,US-2013-134656,2015-09-29,2015-10-02,First Class,MM-18280,Muhammed MacIntyre,Corporate,United States,Quincy,Illinois,62301,Central,OFF-PA-10003039,Office Supplies,Paper,Xerox 1960,99.13600000000001,4,0.2,30.979999999999993
1077,CA-2013-161781,2015-09-30,2015-10-01,First Class,CC-12100,Chad Cunningham,Home Office,United States,Columbus,Indiana,47201,Central,OFF-AR-10000255,Office Supplies,Art,Newell 328,40.879999999999995,7,0.0,10.628799999999998
4225,CA-2013-108644,2015-10-01,2015-10-04,First Class,SJ-20215,Sarah Jordon,Consumer,United States,Quincy,Illinois,62301,Central,OFF-BI-10000343,Office Supplies,Binders,"Pressboard Covers with Storage Hooks, 9 1/2"" x 11"", Light Blue",1.9639999999999995,2,0.8,-3.2406000000000006
1264,CA-2013-155992,2015-10-02,2015-10-03,First Class,CC-12220,Chris Cortes,Consumer,United States,La Porte,Indiana,46350,Central,TEC-PH-10000215,Technology,Phones,Plantronics Cordless Phone Headset with In-line Volume - M214C,69.9,2,0.0,18.873000000000005
1265,CA-2013-155992,2015-10-02,2015-10-03,First Class,CC-12220,Chris Cortes,Consumer,United States,La Porte,Indiana,46350,Central,FUR-FU-10003724,Furniture,Furnishings,Westinghouse Clip-On Gooseneck Lamps,41.849999999999994,5,0.0,10.880999999999998
2667,CA-2013-111794,2015-10-02,2015-10-02,Same Day,HG-15025,Hunter Glantz,Consumer,United States,Amarillo,Texas,79109,Central,TEC-AC-10003832,Technology,Accessories,Imation 16GB Mini TravelDrive USB 2.0 Flash Drive,79.51200000000001,3,0.2,20.8719
2668,CA-2013-111794,2015-10-02,2015-10-02,Same Day,HG-15025,Hunter Glantz,Consumer,United States,Amarillo,Texas,79109,Central,OFF-PA-10000474,Office Supplies,Paper,Easy-staple paper,28.352,1,0.2,9.568799999999996
6826,CA-2013-118689,2015-10-03,2015-10-10,Standard Class,TC-20980,Tamara Chand,Corporate,United States,Lafayette,Indiana,47905,Central,OFF-ST-10001558,Office Supplies,Storage,Acco Perma 4000 Stacking Storage Drawers,32.48,2,0.0,4.872
6827,CA-2013-118689,2015-10-03,2015-10-10,Standard Class,TC-20980,Tamara Chand,Corporate,United States,Lafayette,Indiana,47905,Central,TEC-CO-10004722,Technology,Copiers,Canon imageCLASS 2200 Advanced Copier,17499.949999999997,5,0.0,8399.975999999999
6828,CA-2013-118689,2015-10-03,2015-10-10,Standard Class,TC-20980,Tamara Chand,Corporate,United States,Lafayette,Indiana,47905,Central,OFF-BI-10004600,Office Supplies,Binders,Ibico Ibimaster 300 Manual Binding System,735.98,2,0.0,331.191
6829,CA-2013-118689,2015-10-03,2015-10-10,Standard Class,TC-20980,Tamara Chand,Corporate,United States,Lafayette,Indiana,47905,Central,OFF-BI-10003712,Office Supplies,Binders,"Acco Pressboard Covers with Storage Hooks, 14 7/8"" x 11"", Light Blue",34.370000000000005,7,0.0,16.8413
6830,CA-2013-118689,2015-10-03,2015-10-10,Standard Class,TC-20980,Tamara Chand,Corporate,United States,Lafayette,Indiana,47905,Central,OFF-AR-10001958,Office Supplies,Art,Stanley Bostitch Contemporary Electric Pencil Sharpeners,33.96,2,0.0,9.5088
897,CA-2013-140634,2015-10-04,2015-10-07,Second Class,HL-15040,Hunter Lopez,Consumer,United States,Houston,Texas,77095,Central,OFF-EN-10001099,Office Supplies,Envelopes,Staple envelope,15.648,2,0.2,5.085599999999999
6370,CA-2013-103919,2015-10-04,2015-10-08,Standard Class,TP-21565,Tracy Poddar,Corporate,United States,Grand Prairie,Texas,75051,Central,FUR-FU-10001756,Furniture,Furnishings,"Eldon Expressions Desk Accessory, Wood Photo Frame, Mahogany",38.08,5,0.6,-29.512000000000008
4304,CA-2013-121601,2015-10-05,2015-10-05,Same Day,MO-17500,Mary O'Rourke,Consumer,United States,The Colony,Texas,75056,Central,OFF-EN-10003862,Office Supplies,Envelopes,Laser & Ink Jet Business Envelopes,59.751999999999995,7,0.2,19.4194
6265,US-2013-115952,2015-10-07,2015-10-07,Same Day,JH-15910,Jonathan Howell,Consumer,United States,Tulsa,Oklahoma,74133,Central,OFF-BI-10004654,Office Supplies,Binders,Avery Binding System Hidden Tab Executive Style Index Sets,28.849999999999998,5,0.0,14.424999999999999
2557,US-2013-126844,2015-10-09,2015-10-15,Standard Class,BW-11110,Bart Watters,Corporate,United States,Houston,Texas,77070,Central,FUR-FU-10004909,Furniture,Furnishings,Contemporary Wood/Metal Frame,51.712,8,0.6,-32.32000000000001
5767,CA-2013-149685,2015-10-09,2015-10-16,Standard Class,PM-19135,Peter McVee,Home Office,United States,San Antonio,Texas,78207,Central,OFF-LA-10004545,Office Supplies,Labels,Avery 50,60.144000000000005,6,0.2,20.298599999999993
9835,CA-2013-126627,2015-10-11,2015-10-13,First Class,WB-21850,William Brown,Consumer,United States,La Porte,Texas,77571,Central,FUR-FU-10004963,Furniture,Furnishings,"Eldon 400 Class Desk Accessories, Black Carbon",14.0,4,0.6,-6.299999999999997
9836,CA-2013-126627,2015-10-11,2015-10-13,First Class,WB-21850,William Brown,Consumer,United States,La Porte,Texas,77571,Central,OFF-BI-10001597,Office Supplies,Binders,"Wilson Jones Ledger-Size, Piano-Hinge Binder, 2"", Blue",16.391999999999996,2,0.8,-26.227200000000003
9751,CA-2013-113390,2015-10-12,2015-10-16,Standard Class,EP-13915,Emily Phan,Consumer,United States,Chicago,Illinois,60610,Central,OFF-AR-10003183,Office Supplies,Art,Avery Fluorescent Highlighter Four-Color Set,5.344,2,0.2,0.6679999999999995
9752,CA-2013-113390,2015-10-12,2015-10-16,Standard Class,EP-13915,Emily Phan,Consumer,United States,Chicago,Illinois,60610,Central,OFF-AR-10001446,Office Supplies,Art,Newell 309,27.72,3,0.2,3.465
2164,CA-2013-154018,2015-10-14,2015-10-20,Standard Class,HA-14920,Helen Andreada,Consumer,United States,Laredo,Texas,78041,Central,TEC-AC-10002402,Technology,Accessories,Razer Kraken PRO Over Ear PC and Music Headset,191.976,3,0.2,23.996999999999986
2165,CA-2013-154018,2015-10-14,2015-10-20,Standard Class,HA-14920,Helen Andreada,Consumer,United States,Laredo,Texas,78041,Central,OFF-PA-10000551,Office Supplies,Paper,Array Memo Cubes,8.288,2,0.2,3.0043999999999995
2166,CA-2013-154018,2015-10-14,2015-10-20,Standard Class,HA-14920,Helen Andreada,Consumer,United States,Laredo,Texas,78041,Central,FUR-FU-10003394,Furniture,Furnishings,"Tenex ""The Solids"" Textured Chair Mats",139.92,5,0.6,-150.414
2167,CA-2013-154018,2015-10-14,2015-10-20,Standard Class,HA-14920,Helen Andreada,Consumer,United States,Laredo,Texas,78041,Central,OFF-AR-10002067,Office Supplies,Art,Newell 334,15.872,1,0.2,1.1904000000000003
2168,CA-2013-154018,2015-10-14,2015-10-20,Standard Class,HA-14920,Helen Andreada,Consumer,United States,Laredo,Texas,78041,Central,OFF-BI-10004140,Office Supplies,Binders,Avery Non-Stick Binders,6.285999999999999,7,0.8,-11.000500000000008
9514,CA-2013-125220,2015-10-15,2015-10-20,Standard Class,BE-11410,Bobby Elias,Consumer,United States,Appleton,Wisconsin,54915,Central,TEC-AC-10003033,Technology,Accessories,Plantronics CS510 - Over-the-Head monaural Wireless Headset System,1649.75,5,0.0,544.4174999999998
2519,CA-2013-124352,2015-10-16,2015-10-22,Standard Class,CD-12790,Cynthia Delaney,Home Office,United States,Oklahoma City,Oklahoma,73120,Central,OFF-LA-10004559,Office Supplies,Labels,Avery 49,20.16,7,0.0,9.8784
2520,CA-2013-124352,2015-10-16,2015-10-22,Standard Class,CD-12790,Cynthia Delaney,Home Office,United States,Oklahoma City,Oklahoma,73120,Central,OFF-LA-10003223,Office Supplies,Labels,Avery 508,29.46,6,0.0,14.4354
2521,CA-2013-124352,2015-10-16,2015-10-22,Standard Class,CD-12790,Cynthia Delaney,Home Office,United States,Oklahoma City,Oklahoma,73120,Central,OFF-AP-10002651,Office Supplies,Appliances,Hoover Upright Vacuum With Dirt Cup,868.5899999999999,3,0.0,251.89109999999988
2522,CA-2013-124352,2015-10-16,2015-10-22,Standard Class,CD-12790,Cynthia Delaney,Home Office,United States,Oklahoma City,Oklahoma,73120,Central,OFF-PA-10003177,Office Supplies,Paper,Xerox 1999,12.96,2,0.0,6.2208000000000006
2523,CA-2013-124352,2015-10-16,2015-10-22,Standard Class,CD-12790,Cynthia Delaney,Home Office,United States,Oklahoma City,Oklahoma,73120,Central,TEC-PH-10003442,Technology,Phones,Samsung Replacement EH64AVFWE Premium Headset,5.5,1,0.0,1.375
2524,CA-2013-124352,2015-10-16,2015-10-22,Standard Class,CD-12790,Cynthia Delaney,Home Office,United States,Oklahoma City,Oklahoma,73120,Central,OFF-BI-10000977,Office Supplies,Binders,Ibico Plastic Spiral Binding Combs,121.6,4,0.0,55.93599999999999
8890,CA-2013-147256,2015-10-18,2015-10-22,Second Class,FC-14245,Frank Carlisle,Home Office,United States,Columbia,Missouri,65203,Central,TEC-PH-10003072,Technology,Phones,Panasonic KX-TG9541B DECT 6.0 Digital 2-Line Expandable Cordless Phone With Digital Answering System,449.97,3,0.0,220.48530000000002
8891,CA-2013-147256,2015-10-18,2015-10-22,Second Class,FC-14245,Frank Carlisle,Home Office,United States,Columbia,Missouri,65203,Central,OFF-AP-10003057,Office Supplies,Appliances,Honeywell Enviracaire Portable HEPA Air Cleaner for 16' x 20' Room,1927.5900000000001,7,0.0,751.7601000000001
6206,CA-2013-133697,2015-10-21,2015-10-25,Second Class,CM-12445,Chuck Magee,Consumer,United States,Houston,Texas,77095,Central,OFF-PA-10000726,Office Supplies,Paper,"Black Print Carbonless Snap-Off Rapid Letter, 8 1/2"" x 7""",51.016000000000005,7,0.2,15.942499999999992
6207,CA-2013-133697,2015-10-21,2015-10-25,Second Class,CM-12445,Chuck Magee,Consumer,United States,Houston,Texas,77095,Central,OFF-FA-10003112,Office Supplies,Fasteners,Staples,25.248,4,0.2,7.889999999999998
6208,CA-2013-133697,2015-10-21,2015-10-25,Second Class,CM-12445,Chuck Magee,Consumer,United States,Houston,Texas,77095,Central,FUR-CH-10002372,Furniture,Chairs,Office Star - Ergonomically Designed Knee Chair,56.686,1,0.3,-14.576399999999996
6219,CA-2013-160220,2015-10-21,2015-10-27,Standard Class,JS-16030,Joy Smith,Consumer,United States,Trenton,Michigan,48183,Central,TEC-PH-10001300,Technology,Phones,"iKross Bluetooth Portable Keyboard + Cell Phone Stand Holder + Brush for Apple iPhone 5S 5C 5, 4S 4",125.69999999999999,6,0.0,35.196
6220,CA-2013-160220,2015-10-21,2015-10-27,Standard Class,JS-16030,Joy Smith,Consumer,United States,Trenton,Michigan,48183,Central,TEC-PH-10001557,Technology,Phones,Pyle PMP37LED,191.98,2,0.0,51.834599999999995
6221,CA-2013-160220,2015-10-21,2015-10-27,Standard Class,JS-16030,Joy Smith,Consumer,United States,Trenton,Michigan,48183,Central,OFF-ST-10000617,Office Supplies,Storage,Woodgrain Magazine Files by Perma,20.86,7,0.0,1.4601999999999977
8030,CA-2013-166373,2015-10-22,2015-10-26,Standard Class,JF-15565,Jill Fjeld,Consumer,United States,San Antonio,Texas,78207,Central,TEC-AC-10002323,Technology,Accessories,SanDisk Ultra 32 GB MicroSDHC Class 10 Memory Card,106.08000000000001,6,0.2,-9.281999999999996
884,CA-2013-165148,2015-10-23,2015-10-25,First Class,PM-19135,Peter McVee,Home Office,United States,Detroit,Michigan,48227,Central,FUR-FU-10000732,Furniture,Furnishings,Eldon 200 Class Desk Accessories,31.400000000000002,5,0.0,10.047999999999998
1810,CA-2013-165484,2015-10-24,2015-10-30,Standard Class,HK-14890,Heather Kirkland,Corporate,United States,Chicago,Illinois,60610,Central,FUR-FU-10001196,Furniture,Furnishings,DAX Cubicle Frames - 8x10,16.156,7,0.6,-12.116999999999999
1811,CA-2013-165484,2015-10-24,2015-10-30,Standard Class,HK-14890,Heather Kirkland,Corporate,United States,Chicago,Illinois,60610,Central,OFF-PA-10000595,Office Supplies,Paper,Xerox 1929,54.816,3,0.2,17.815199999999997
7760,CA-2013-158925,2015-10-25,2015-10-29,Standard Class,JP-15460,Jennifer Patt,Corporate,United States,Houston,Texas,77041,Central,OFF-PA-10003072,Office Supplies,Paper,"Eureka Recycled Copy Paper 8 1/2"" x 11"", Ream",15.552000000000003,3,0.2,5.4432
3168,CA-2013-146682,2015-10-30,2015-11-01,First Class,KW-16435,Katrina Willman,Consumer,United States,Lansing,Michigan,48911,Central,FUR-FU-10002671,Furniture,Furnishings,Electrix 20W Halogen Replacement Bulb for Zoom-In Desk Lamp,67.0,5,0.0,32.16
3292,CA-2013-167290,2015-10-31,2015-11-05,Standard Class,JF-15295,Jason Fortune-,Consumer,United States,Sterling Heights,Michigan,48310,Central,OFF-AR-10004078,Office Supplies,Art,Newell 312,11.68,2,0.0,3.5039999999999996
6419,CA-2013-140130,2015-11-01,2015-11-06,Standard Class,HW-14935,Helen Wasserman,Corporate,United States,Tulsa,Oklahoma,74133,Central,OFF-SU-10001218,Office Supplies,Supplies,Fiskars Softgrip Scissors,21.96,2,0.0,6.148800000000001
6420,CA-2013-140130,2015-11-01,2015-11-06,Standard Class,HW-14935,Helen Wasserman,Corporate,United States,Tulsa,Oklahoma,74133,Central,FUR-CH-10002084,Furniture,Chairs,Hon Mobius Operator's Chair,368.96999999999997,3,0.0,81.1734
6421,CA-2013-140130,2015-11-01,2015-11-06,Standard Class,HW-14935,Helen Wasserman,Corporate,United States,Tulsa,Oklahoma,74133,Central,OFF-AR-10004269,Office Supplies,Art,Newell 31,12.39,3,0.0,3.4692000000000003
6422,CA-2013-140130,2015-11-01,2015-11-06,Standard Class,HW-14935,Helen Wasserman,Corporate,United States,Tulsa,Oklahoma,74133,Central,OFF-ST-10001128,Office Supplies,Storage,"Carina Mini System Audio Rack, Model AR050B",332.94,3,0.0,9.98820000000002
3378,CA-2013-100671,2015-11-02,2015-11-05,First Class,CS-12490,Cindy Schnelling,Corporate,United States,Conroe,Texas,77301,Central,OFF-ST-10004950,Office Supplies,Storage,"Tenex Personal Filing Tote With Secure Closure Lid, Black/Frost",111.67200000000001,9,0.2,6.979499999999991
4061,CA-2013-129196,2015-11-02,2015-11-08,Standard Class,XP-21865,Xylona Preis,Consumer,United States,Chicago,Illinois,60610,Central,TEC-AC-10002473,Technology,Accessories,Maxell 4.7GB DVD-R,68.112,3,0.2,17.879399999999997
112,CA-2013-128867,2015-11-04,2015-11-11,Standard Class,CL-12565,Clay Ludtke,Consumer,United States,Urbandale,Iowa,50322,Central,OFF-AR-10000380,Office Supplies,Art,"Hunt PowerHouse Electric Pencil Sharpener, Blue",75.96,2,0.0,22.78799999999999
113,CA-2013-128867,2015-11-04,2015-11-11,Standard Class,CL-12565,Clay Ludtke,Consumer,United States,Urbandale,Iowa,50322,Central,OFF-BI-10003981,Office Supplies,Binders,"Avery Durable Plastic 1"" Binders",27.240000000000002,6,0.0,13.3476
7046,CA-2013-160136,2015-11-04,2015-11-10,Standard Class,PJ-18835,Patrick Jones,Corporate,United States,Dallas,Texas,75217,Central,OFF-PA-10002160,Office Supplies,Paper,Xerox 1978,9.248000000000001,2,0.2,3.3524000000000003
9322,US-2013-111563,2015-11-05,2015-11-09,Standard Class,SM-20005,Sally Matthias,Consumer,United States,Houston,Texas,77041,Central,FUR-FU-10002445,Furniture,Furnishings,"DAX Two-Tone Rosewood/Black Document Frame, Desktop, 5 x 7",11.376000000000001,3,0.6,-5.687999999999999
9323,US-2013-111563,2015-11-05,2015-11-09,Standard Class,SM-20005,Sally Matthias,Consumer,United States,Houston,Texas,77041,Central,FUR-FU-10000723,Furniture,Furnishings,"Deflect-o EconoMat Studded, No Bevel Mat for Low Pile Carpeting",66.11200000000001,4,0.6,-84.29279999999999
4265,US-2013-131611,2015-11-06,2015-11-10,Standard Class,EP-13915,Emily Phan,Consumer,United States,Houston,Texas,77036,Central,FUR-TA-10002774,Furniture,Tables,Laminate Occasional Tables,863.1279999999999,8,0.3,-160.29520000000008
4266,US-2013-131611,2015-11-06,2015-11-10,Standard Class,EP-13915,Emily Phan,Consumer,United States,Houston,Texas,77036,Central,OFF-BI-10004364,Office Supplies,Binders,Storex Dura Pro Binders,3.563999999999999,3,0.8,-6.237000000000002
4267,US-2013-131611,2015-11-06,2015-11-10,Standard Class,EP-13915,Emily Phan,Consumer,United States,Houston,Texas,77036,Central,FUR-BO-10000780,Furniture,Bookcases,O'Sullivan Plantations 2-Door Library in Landvery Oak,956.6647999999999,7,0.32,-225.09759999999991
4268,US-2013-131611,2015-11-06,2015-11-10,Standard Class,EP-13915,Emily Phan,Consumer,United States,Houston,Texas,77036,Central,OFF-BI-10001989,Office Supplies,Binders,Premium Transparent Presentation Covers by GBC,12.587999999999997,3,0.8,-20.140800000000006
4269,US-2013-131611,2015-11-06,2015-11-10,Standard Class,EP-13915,Emily Phan,Consumer,United States,Houston,Texas,77036,Central,TEC-AC-10004001,Technology,Accessories,Logitech Wireless Headset H600 Over-The-Head Design,171.96,5,0.2,45.139500000000005
4370,US-2013-165078,2015-11-06,2015-11-11,Standard Class,MA-17995,Michelle Arnett,Home Office,United States,Lawrence,Indiana,46226,Central,OFF-BI-10001989,Office Supplies,Binders,Premium Transparent Presentation Covers by GBC,104.9,5,0.0,50.352
4371,US-2013-165078,2015-11-06,2015-11-11,Standard Class,MA-17995,Michelle Arnett,Home Office,United States,Lawrence,Indiana,46226,Central,OFF-AR-10002987,Office Supplies,Art,Prismacolor Color Pencil Set,39.68,2,0.0,16.268800000000002
4372,US-2013-165078,2015-11-06,2015-11-11,Standard Class,MA-17995,Michelle Arnett,Home Office,United States,Lawrence,Indiana,46226,Central,OFF-LA-10000414,Office Supplies,Labels,Avery 503,51.75,5,0.0,24.84
5699,CA-2013-143441,2015-11-06,2015-11-06,Same Day,EB-14170,Evan Bailliet,Consumer,United States,Laredo,Texas,78041,Central,OFF-LA-10002312,Office Supplies,Labels,Avery 490,11.840000000000002,1,0.2,4.4399999999999995
8212,CA-2013-116337,2015-11-08,2015-11-13,Standard Class,MC-17845,Michael Chen,Consumer,United States,Dallas,Texas,75220,Central,FUR-FU-10002030,Furniture,Furnishings,"Executive Impressions 14"" Contract Wall Clock with Quartz Movement",44.46000000000001,5,0.6,-17.783999999999992
8213,CA-2013-116337,2015-11-08,2015-11-13,Standard Class,MC-17845,Michael Chen,Consumer,United States,Dallas,Texas,75220,Central,OFF-ST-10001272,Office Supplies,Storage,"Mini 13-1/2 Capacity Data Binder Rack, Pearl",314.088,3,0.2,19.630499999999998
3894,US-2013-144547,2015-11-11,2015-11-15,Standard Class,MS-17770,Maxwell Schwartz,Consumer,United States,Houston,Texas,77036,Central,TEC-AC-10004901,Technology,Accessories,Kensington SlimBlade Notebook Wireless Mouse with Nano Receiver ,279.944,7,0.2,48.9902
4511,CA-2013-119935,2015-11-11,2015-11-15,Standard Class,KM-16225,Kalyca Meade,Corporate,United States,Springfield,Missouri,65807,Central,FUR-FU-10001085,Furniture,Furnishings,3M Polarizing Light Filter Sleeves,37.3,2,0.0,17.157999999999998
4512,CA-2013-119935,2015-11-11,2015-11-15,Standard Class,KM-16225,Kalyca Meade,Corporate,United States,Springfield,Missouri,65807,Central,OFF-BI-10001597,Office Supplies,Binders,"Wilson Jones Ledger-Size, Piano-Hinge Binder, 2"", Blue",81.96,2,0.0,39.340799999999994
8802,CA-2013-140935,2015-11-11,2015-11-13,First Class,AB-10015,Aaron Bergman,Consumer,United States,Oklahoma City,Oklahoma,73120,Central,TEC-PH-10000562,Technology,Phones,Samsung Convoy 3,221.98,2,0.0,62.15440000000001
8803,CA-2013-140935,2015-11-11,2015-11-13,First Class,AB-10015,Aaron Bergman,Consumer,United States,Oklahoma City,Oklahoma,73120,Central,FUR-BO-10003966,Furniture,Bookcases,"Sauder Facets Collection Library, Sky Alder Finish",341.96,2,0.0,54.713599999999985
2514,CA-2013-124506,2015-11-12,2015-11-18,Standard Class,BB-11545,Brenda Bowman,Corporate,United States,Chicago,Illinois,60623,Central,TEC-AC-10003280,Technology,Accessories,Belkin F8E887 USB Wired Ergonomic Keyboard,95.968,4,0.2,1.1995999999999931
2515,CA-2013-124506,2015-11-12,2015-11-18,Standard Class,BB-11545,Brenda Bowman,Corporate,United States,Chicago,Illinois,60623,Central,FUR-CH-10004540,Furniture,Chairs,Global Chrome Stack Chair,47.992,2,0.3,-2.056799999999999
2783,CA-2013-139878,2015-11-12,2015-11-17,Standard Class,LD-17005,Lisa DeCherney,Consumer,United States,Detroit,Michigan,48234,Central,TEC-PH-10001336,Technology,Phones,Digium D40 VoIP phone,257.98,2,0.0,74.8142
8469,US-2013-164196,2015-11-12,2015-11-18,Standard Class,AS-10285,Alejandro Savely,Corporate,United States,Noblesville,Indiana,46060,Central,FUR-TA-10001950,Furniture,Tables,Balt Solid Wood Round Tables,2678.94,6,0.0,241.1046
9400,CA-2013-103128,2015-11-12,2015-11-16,Standard Class,SC-20845,Sung Chung,Consumer,United States,Arlington Heights,Illinois,60004,Central,OFF-AR-10003394,Office Supplies,Art,Newell 332,14.111999999999998,6,0.2,1.2348000000000008
1137,CA-2013-152170,2015-11-13,2015-11-16,Second Class,FH-14275,Frank Hawley,Corporate,United States,La Porte,Indiana,46350,Central,OFF-EN-10002831,Office Supplies,Envelopes,"Tyvek  Top-Opening Peel & Seel  Envelopes, Gray",287.52,8,0.0,129.384
1138,CA-2013-152170,2015-11-13,2015-11-16,Second Class,FH-14275,Frank Hawley,Corporate,United States,La Porte,Indiana,46350,Central,OFF-AP-10002350,Office Supplies,Appliances,Belkin F9H710-06 7 Outlet SurgeMaster Surge Protector,37.68,2,0.0,10.5504
1139,CA-2013-152170,2015-11-13,2015-11-16,Second Class,FH-14275,Frank Hawley,Corporate,United States,La Porte,Indiana,46350,Central,OFF-PA-10001763,Office Supplies,Paper,Xerox 1896,19.98,2,0.0,8.991
1140,CA-2013-152170,2015-11-13,2015-11-16,Second Class,FH-14275,Frank Hawley,Corporate,United States,La Porte,Indiana,46350,Central,OFF-AR-10003394,Office Supplies,Art,Newell 332,20.58,7,0.0,5.5566
1141,CA-2013-152170,2015-11-13,2015-11-16,Second Class,FH-14275,Frank Hawley,Corporate,United States,La Porte,Indiana,46350,Central,OFF-BI-10002072,Office Supplies,Binders,Cardinal Slant-D Ring Binders,17.38,2,0.0,8.69
7331,CA-2013-149349,2015-11-13,2015-11-14,First Class,SP-20650,Stephanie Phelps,Corporate,United States,Chicago,Illinois,60623,Central,FUR-FU-10001037,Furniture,Furnishings,"DAX Charcoal/Nickel-Tone Document Frame, 5 x 7",22.752000000000002,6,0.6,-8.532
3260,US-2013-162103,2015-11-14,2015-11-18,Standard Class,LB-16795,Laurel Beltran,Home Office,United States,Highland Park,Illinois,60035,Central,OFF-BI-10000285,Office Supplies,Binders,XtraLife ClearVue Slant-D Ring Binders by Cardinal,3.1359999999999992,2,0.8,-4.704000000000001
5138,CA-2013-128972,2015-11-14,2015-11-18,Standard Class,TS-21430,Tom Stivers,Corporate,United States,Oklahoma City,Oklahoma,73120,Central,FUR-FU-10003096,Furniture,Furnishings,"Master Giant Foot Doorstop, Safety Yellow",30.36,4,0.0,13.0548
4530,CA-2013-134691,2015-11-15,2015-11-19,Standard Class,KC-16540,Kelly Collister,Consumer,United States,Houston,Texas,77041,Central,OFF-BI-10002393,Office Supplies,Binders,Binder Posts,2.2959999999999994,2,0.8,-3.903200000000001
8566,CA-2013-134110,2015-11-18,2015-11-19,First Class,BG-11035,Barry Gonzalez,Consumer,United States,The Colony,Texas,75056,Central,TEC-PH-10002350,Technology,Phones,Apple EarPods with Remote and Mic,67.176,3,0.2,6.717599999999997
8567,CA-2013-134110,2015-11-18,2015-11-19,First Class,BG-11035,Barry Gonzalez,Consumer,United States,The Colony,Texas,75056,Central,OFF-PA-10000697,Office Supplies,Paper,"TOPS Voice Message Log Book, Flash Format",15.232,4,0.2,5.521599999999999
2511,CA-2013-136812,2015-11-19,2015-11-24,Standard Class,AW-10930,Arthur Wiediger,Home Office,United States,Oklahoma City,Oklahoma,73120,Central,OFF-ST-10003470,Office Supplies,Storage,"Tennsco Snap-Together Open Shelving Units, Starter Sets and Add-On Units",1117.92,4,0.0,55.89599999999996
3948,CA-2013-119963,2015-11-19,2015-11-23,Standard Class,SN-20710,Steve Nguyen,Home Office,United States,Pasadena,Texas,77506,Central,OFF-AR-10003514,Office Supplies,Art,4009 Highlighters by Sanford,6.368,2,0.2,1.0347999999999993
3949,CA-2013-119963,2015-11-19,2015-11-23,Standard Class,SN-20710,Steve Nguyen,Home Office,United States,Pasadena,Texas,77506,Central,OFF-LA-10003510,Office Supplies,Labels,"Avery 4027 File Folder Labels for Dot Matrix Printers, 5000 Labels per Box, White",48.848000000000006,2,0.2,15.8756
3950,CA-2013-119963,2015-11-19,2015-11-23,Standard Class,SN-20710,Steve Nguyen,Home Office,United States,Pasadena,Texas,77506,Central,OFF-PA-10001970,Office Supplies,Paper,Xerox 1881,19.648,2,0.2,6.631199999999999
3951,CA-2013-119963,2015-11-19,2015-11-23,Standard Class,SN-20710,Steve Nguyen,Home Office,United States,Pasadena,Texas,77506,Central,FUR-CH-10003817,Furniture,Chairs,"Global Value Steno Chair, Gray",255.108,6,0.3,-18.221999999999994
5163,CA-2013-115378,2015-11-19,2015-11-24,Second Class,AJ-10945,Ashley Jarboe,Consumer,United States,Taylor,Michigan,48180,Central,FUR-CH-10000863,Furniture,Chairs,Novimex Swivel Fabric Task Chair,301.96,2,0.0,33.215599999999995
1106,US-2013-110156,2015-11-20,2015-11-25,Standard Class,EH-13945,Eric Hoffmann,Consumer,United States,Houston,Texas,77041,Central,OFF-ST-10000642,Office Supplies,Storage,"Tennsco Lockers, Gray",100.70400000000001,6,0.2,-16.36440000000001
1107,US-2013-110156,2015-11-20,2015-11-25,Standard Class,EH-13945,Eric Hoffmann,Consumer,United States,Houston,Texas,77041,Central,FUR-FU-10000206,Furniture,Furnishings,"GE General Purpose, Extra Long Life, Showcase & Floodlight Incandescent Bulbs",2.3280000000000003,2,0.6,-0.7566000000000002
1108,US-2013-110156,2015-11-20,2015-11-25,Standard Class,EH-13945,Eric Hoffmann,Consumer,United States,Houston,Texas,77041,Central,OFF-BI-10003676,Office Supplies,Binders,"GBC Standard Recycled Report Covers, Clear Plastic Sheets",10.779999999999996,5,0.8,-17.248000000000008
1109,US-2013-110156,2015-11-20,2015-11-25,Standard Class,EH-13945,Eric Hoffmann,Consumer,United States,Houston,Texas,77041,Central,OFF-FA-10003495,Office Supplies,Fasteners,Staples,58.36800000000001,12,0.2,21.888
1110,US-2013-110156,2015-11-20,2015-11-25,Standard Class,EH-13945,Eric Hoffmann,Consumer,United States,Houston,Texas,77041,Central,OFF-EN-10003798,Office Supplies,Envelopes,"Recycled Interoffice Envelopes with Re-Use-A-Seal Closure, 10 x 13",40.968,3,0.2,13.826699999999999
1111,US-2013-110156,2015-11-20,2015-11-25,Standard Class,EH-13945,Eric Hoffmann,Consumer,United States,Houston,Texas,77041,Central,TEC-PH-10003589,Technology,Phones,invisibleSHIELD by ZAGG Smudge-Free Screen Protector,71.96,5,0.2,25.185999999999996
1112,US-2013-110156,2015-11-20,2015-11-25,Standard Class,EH-13945,Eric Hoffmann,Consumer,United States,Houston,Texas,77041,Central,OFF-PA-10004735,Office Supplies,Paper,Xerox 1905,10.368000000000002,2,0.2,3.6288
1113,US-2013-110156,2015-11-20,2015-11-25,Standard Class,EH-13945,Eric Hoffmann,Consumer,United States,Houston,Texas,77041,Central,OFF-BI-10002609,Office Supplies,Binders,Avery Hidden Tab Dividers for Binding Systems,1.1919999999999997,2,0.8,-2.0264
5236,CA-2013-111143,2015-11-20,2015-11-23,First Class,TT-21265,Tim Taslimi,Corporate,United States,Indianapolis,Indiana,46203,Central,OFF-AP-10001947,Office Supplies,Appliances,Acco 6 Outlet Guardian Premium Plus Surge Suppressor,54.96,3,0.0,15.938399999999998
159,CA-2013-114104,2015-11-21,2015-11-25,Standard Class,NP-18670,Nora Paige,Consumer,United States,Edmond,Oklahoma,73034,Central,OFF-LA-10002475,Office Supplies,Labels,Avery 519,14.62,2,0.0,6.8713999999999995
160,CA-2013-114104,2015-11-21,2015-11-25,Standard Class,NP-18670,Nora Paige,Consumer,United States,Edmond,Oklahoma,73034,Central,TEC-PH-10004536,Technology,Phones,Avaya 5420 Digital phone,944.9300000000001,7,0.0,236.23250000000002
3239,US-2013-127971,2015-11-21,2015-11-28,Standard Class,DW-13195,David Wiener,Corporate,United States,Houston,Texas,77095,Central,FUR-CH-10003774,Furniture,Chairs,"Global Wood Trimmed Manager's Task Chair, Khaki",318.43,5,0.3,-77.33300000000001
3240,US-2013-127971,2015-11-21,2015-11-28,Standard Class,DW-13195,David Wiener,Corporate,United States,Houston,Texas,77095,Central,TEC-PH-10003095,Technology,Phones,Samsung HM1900 Bluetooth Headset,122.91999999999999,7,0.2,46.095000000000006
3241,US-2013-127971,2015-11-21,2015-11-28,Standard Class,DW-13195,David Wiener,Corporate,United States,Houston,Texas,77095,Central,FUR-FU-10000023,Furniture,Furnishings,Eldon Wave Desk Accessories,7.068,3,0.6,-2.8271999999999995
4407,CA-2013-100041,2015-11-21,2015-11-26,Standard Class,BF-10975,Barbara Fisher,Corporate,United States,Columbus,Indiana,47201,Central,OFF-PA-10001622,Office Supplies,Paper,"Ampad Poly Cover Wirebound Steno Book, 6"" x 9"" Assorted Colors, Gregg Ruled",9.08,2,0.0,4.085999999999999
4408,CA-2013-100041,2015-11-21,2015-11-26,Standard Class,BF-10975,Barbara Fisher,Corporate,United States,Columbus,Indiana,47201,Central,OFF-PA-10000418,Office Supplies,Paper,Xerox 189,314.54999999999995,3,0.0,150.98399999999998
4409,CA-2013-100041,2015-11-21,2015-11-26,Standard Class,BF-10975,Barbara Fisher,Corporate,United States,Columbus,Indiana,47201,Central,OFF-BI-10000343,Office Supplies,Binders,"Pressboard Covers with Storage Hooks, 9 1/2"" x 11"", Light Blue",4.91,1,0.0,2.3077
5366,CA-2013-107790,2015-11-21,2015-11-25,Standard Class,EH-13990,Erica Hackney,Consumer,United States,Houston,Texas,77041,Central,TEC-PH-10004539,Technology,Phones,Wireless Extenders zBoost YX545 SOHO Signal Booster,151.192,1,0.2,13.229299999999995
3522,CA-2013-114482,2015-11-22,2015-11-26,Second Class,DM-13345,Denise Monton,Corporate,United States,Des Moines,Iowa,50315,Central,OFF-PA-10003845,Office Supplies,Paper,Xerox 1987,40.46,7,0.0,19.825400000000002
3523,CA-2013-114482,2015-11-22,2015-11-26,Second Class,DM-13345,Denise Monton,Corporate,United States,Des Moines,Iowa,50315,Central,TEC-PH-10001580,Technology,Phones,Logitech Mobile Speakerphone P710e - speaker phone,404.93999999999994,3,0.0,109.33379999999998
5891,CA-2013-146157,2015-11-22,2015-11-27,Standard Class,RD-19720,Roger Demir,Consumer,United States,Chicago,Illinois,60610,Central,OFF-PA-10001790,Office Supplies,Paper,Xerox 1910,38.432,1,0.2,13.451199999999996
5892,CA-2013-146157,2015-11-22,2015-11-27,Standard Class,RD-19720,Roger Demir,Consumer,United States,Chicago,Illinois,60610,Central,OFF-ST-10001590,Office Supplies,Storage,"Tenex Personal Project File with Scoop Front Design, Black",21.568,2,0.2,1.6175999999999986
5893,CA-2013-146157,2015-11-22,2015-11-27,Standard Class,RD-19720,Roger Demir,Consumer,United States,Chicago,Illinois,60610,Central,TEC-AC-10003657,Technology,Accessories,Lenovo 17-Key USB Numeric Keypad,81.57600000000001,3,0.2,2.0393999999999934
2774,CA-2013-131576,2015-11-23,2015-11-27,Standard Class,RD-19585,Rob Dowd,Consumer,United States,Detroit,Michigan,48205,Central,OFF-BI-10002852,Office Supplies,Binders,Ibico Standard Transparent Covers,49.44,3,0.0,24.2256
6083,US-2013-132577,2015-11-23,2015-11-28,Standard Class,JE-15475,Jeremy Ellison,Consumer,United States,Houston,Texas,77095,Central,OFF-BI-10004040,Office Supplies,Binders,Wilson Jones Impact Binders,6.215999999999999,6,0.8,-9.634800000000002
6084,US-2013-132577,2015-11-23,2015-11-28,Standard Class,JE-15475,Jeremy Ellison,Consumer,United States,Houston,Texas,77095,Central,OFF-AR-10003481,Office Supplies,Art,Newell 348,23.616,9,0.2,2.656799999999997
6085,US-2013-132577,2015-11-23,2015-11-28,Standard Class,JE-15475,Jeremy Ellison,Consumer,United States,Houston,Texas,77095,Central,TEC-AC-10000387,Technology,Accessories,KeyTronic KT800P2 - Keyboard - Black,24.032,2,0.2,-0.6008000000000004
6086,US-2013-132577,2015-11-23,2015-11-28,Standard Class,JE-15475,Jeremy Ellison,Consumer,United States,Houston,Texas,77095,Central,OFF-LA-10000262,Office Supplies,Labels,Avery 494,2.088,1,0.2,0.6785999999999999
6087,US-2013-132577,2015-11-23,2015-11-28,Standard Class,JE-15475,Jeremy Ellison,Consumer,United States,Houston,Texas,77095,Central,OFF-BI-10003196,Office Supplies,Binders,Accohide Poly Flexible Ring Binders,4.4879999999999995,6,0.8,-6.732000000000001
1664,CA-2013-128531,2015-11-25,2015-11-27,Second Class,NS-18505,Neola Schneider,Consumer,United States,Dallas,Texas,75217,Central,OFF-ST-10001325,Office Supplies,Storage,Sterilite Officeware Hinged File Box,41.92,5,0.2,3.6679999999999993
1665,CA-2013-128531,2015-11-25,2015-11-27,Second Class,NS-18505,Neola Schneider,Consumer,United States,Dallas,Texas,75217,Central,TEC-AC-10002049,Technology,Accessories,Logitech G19 Programmable Gaming Keyboard,297.576,3,0.2,-7.439400000000035
1666,CA-2013-128531,2015-11-25,2015-11-27,Second Class,NS-18505,Neola Schneider,Consumer,United States,Dallas,Texas,75217,Central,OFF-FA-10002676,Office Supplies,Fasteners,Colored Push Pins,4.344,3,0.2,0.8687999999999998
1667,CA-2013-128531,2015-11-25,2015-11-27,Second Class,NS-18505,Neola Schneider,Consumer,United States,Dallas,Texas,75217,Central,TEC-AC-10003023,Technology,Accessories,Logitech G105 Gaming Keyboard,94.992,2,0.2,-2.374800000000004
1668,CA-2013-128531,2015-11-25,2015-11-27,Second Class,NS-18505,Neola Schneider,Consumer,United States,Dallas,Texas,75217,Central,OFF-PA-10000167,Office Supplies,Paper,Xerox 1925,74.352,3,0.2,23.234999999999992
1669,CA-2013-128531,2015-11-25,2015-11-27,Second Class,NS-18505,Neola Schneider,Consumer,United States,Dallas,Texas,75217,Central,OFF-AR-10003405,Office Supplies,Art,"Dixon My First Ticonderoga Pencil, #2",14.04,3,0.2,1.5794999999999986
3525,CA-2013-132731,2015-11-25,2015-11-29,Standard Class,GA-14515,George Ashbrook,Consumer,United States,Dallas,Texas,75081,Central,TEC-PH-10004120,Technology,Phones,AT&T 1080 Phone,657.5520000000001,6,0.2,49.31639999999999
7687,CA-2013-169838,2015-11-26,2015-11-30,Standard Class,BB-11545,Brenda Bowman,Corporate,United States,Jackson,Michigan,49201,Central,FUR-TA-10001095,Furniture,Tables,Chromcraft Round Conference Tables,1568.61,9,0.0,329.4081
7688,CA-2013-169838,2015-11-26,2015-11-30,Standard Class,BB-11545,Brenda Bowman,Corporate,United States,Jackson,Michigan,49201,Central,OFF-BI-10004002,Office Supplies,Binders,Wilson Jones International Size A4 Ring Binders,17.3,1,0.0,8.304
7689,CA-2013-169838,2015-11-26,2015-11-30,Standard Class,BB-11545,Brenda Bowman,Corporate,United States,Jackson,Michigan,49201,Central,TEC-AC-10004518,Technology,Accessories,Memorex Mini Travel Drive 32 GB USB 2.0 Flash Drive,160.0,8,0.0,62.400000000000006
7729,CA-2013-106915,2015-11-27,2015-12-03,Standard Class,GA-14515,George Ashbrook,Consumer,United States,El Paso,Texas,79907,Central,OFF-AR-10000716,Office Supplies,Art,DIXON Ticonderoga Erasable Checking Pencils,17.856,4,0.2,4.2408
1772,CA-2013-129686,2015-11-28,2015-11-30,Second Class,GG-14650,Greg Guthrie,Corporate,United States,Chicago,Illinois,60623,Central,OFF-ST-10004337,Office Supplies,Storage,"SAFCO Commercial Wire Shelving, 72h",97.98400000000001,2,0.2,-24.496000000000002
1773,CA-2013-129686,2015-11-28,2015-11-30,Second Class,GG-14650,Greg Guthrie,Corporate,United States,Chicago,Illinois,60623,Central,TEC-AC-10001266,Technology,Accessories,Memorex Micro Travel Drive 8 GB,62.400000000000006,6,0.2,19.499999999999993
2212,CA-2013-162313,2015-11-28,2015-12-01,First Class,VB-21745,Victoria Brennan,Corporate,United States,Lincoln Park,Michigan,48146,Central,OFF-AP-10003842,Office Supplies,Appliances,Euro-Pro Shark Turbo Vacuum,167.292,6,0.1,29.7408
3476,CA-2013-144911,2015-11-28,2015-12-01,First Class,RW-19630,Rob Williams,Corporate,United States,Overland Park,Kansas,66212,Central,TEC-AC-10004633,Technology,Accessories,"Verbatim 25 GB 6x Blu-ray Single Layer Recordable Disc, 3/Pack",34.95,5,0.0,15.378000000000004
3477,CA-2013-144911,2015-11-28,2015-12-01,First Class,RW-19630,Rob Williams,Corporate,United States,Overland Park,Kansas,66212,Central,OFF-BI-10000977,Office Supplies,Binders,Ibico Plastic Spiral Binding Combs,152.0,5,0.0,69.91999999999999
3612,US-2013-131674,2015-11-30,2015-12-02,Second Class,NC-18535,Nick Crebassa,Corporate,United States,Dallas,Texas,75217,Central,TEC-AC-10004864,Technology,Accessories,Memorex Micro Travel Drive 32 GB,58.416,2,0.2,16.794600000000003
7879,CA-2013-160241,2015-11-30,2015-12-05,Second Class,DR-12940,Daniel Raglin,Home Office,United States,Aurora,Illinois,60505,Central,FUR-FU-10003806,Furniture,Furnishings,"Tenex Chairmat w/ Average Lip, 45"" x 53""",242.17600000000004,4,0.6,-302.72
8531,CA-2013-156748,2015-12-01,2015-12-07,Standard Class,BS-11755,Bruce Stewart,Consumer,United States,Detroit,Michigan,48227,Central,OFF-PA-10000380,Office Supplies,Paper,"REDIFORM Incoming/Outgoing Call Register, 11"" X 8 1/2"", 100 Messages",33.36,4,0.0,16.68
8532,CA-2013-156748,2015-12-01,2015-12-07,Standard Class,BS-11755,Bruce Stewart,Consumer,United States,Detroit,Michigan,48227,Central,OFF-PA-10002713,Office Supplies,Paper,"Adams Phone Message Book, 200 Message Capacity, 8 1/16” x 11”",13.76,2,0.0,6.329599999999999
8533,CA-2013-156748,2015-12-01,2015-12-07,Standard Class,BS-11755,Bruce Stewart,Consumer,United States,Detroit,Michigan,48227,Central,OFF-ST-10001370,Office Supplies,Storage,Sensible Storage WireTech Storage Systems,496.86,7,0.0,24.842999999999947
8534,CA-2013-156748,2015-12-01,2015-12-07,Standard Class,BS-11755,Bruce Stewart,Consumer,United States,Detroit,Michigan,48227,Central,FUR-CH-10000513,Furniture,Chairs,High-Back Leather Manager's Chair,389.97,3,0.0,35.097300000000004
103,CA-2013-129903,2015-12-02,2015-12-05,Second Class,GZ-14470,Gary Zandusky,Consumer,United States,Rochester,Minnesota,55901,Central,OFF-PA-10004040,Office Supplies,Paper,Universal Premium White Copier/Laser Paper (20Lb. and 87 Bright),23.92,4,0.0,11.7208
2055,CA-2013-136434,2015-12-02,2015-12-08,Standard Class,RD-19480,Rick Duston,Consumer,United States,Richmond,Indiana,47374,Central,FUR-FU-10001196,Furniture,Furnishings,DAX Cubicle Frames - 8x10,17.31,3,0.0,5.193
8112,CA-2013-130393,2015-12-02,2015-12-04,Second Class,JM-15865,John Murray,Consumer,United States,San Angelo,Texas,76903,Central,FUR-CH-10002647,Furniture,Chairs,"Situations Contoured Folding Chairs, 4/Set",248.43,5,0.3,-17.744999999999976
8113,CA-2013-130393,2015-12-02,2015-12-04,Second Class,JM-15865,John Murray,Consumer,United States,San Angelo,Texas,76903,Central,OFF-AP-10004859,Office Supplies,Appliances,Acco 6 Outlet Guardian Premium Surge Suppressor,11.647999999999998,4,0.8,-30.867200000000004
8114,CA-2013-130393,2015-12-02,2015-12-04,Second Class,JM-15865,John Murray,Consumer,United States,San Angelo,Texas,76903,Central,FUR-CH-10004477,Furniture,Chairs,"Global Push Button Manager's Chair, Indigo",85.246,2,0.3,-1.217800000000004
9251,CA-2013-105354,2015-12-03,2015-12-07,Standard Class,PW-19030,Pauline Webber,Corporate,United States,Marion,Iowa,52302,Central,OFF-BI-10001107,Office Supplies,Binders,"GBC White Gloss Covers, Plain Front",115.84,8,0.0,54.4448
9485,CA-2013-164770,2015-12-03,2015-12-05,Second Class,MY-18295,Muhammed Yedwab,Corporate,United States,Houston,Texas,77036,Central,FUR-BO-10003893,Furniture,Bookcases,Sauder Camden County Collection Library,781.8639999999999,10,0.32,-137.97600000000008
9486,CA-2013-164770,2015-12-03,2015-12-05,Second Class,MY-18295,Muhammed Yedwab,Corporate,United States,Houston,Texas,77036,Central,OFF-PA-10003893,Office Supplies,Paper,Xerox 1962,30.816000000000003,9,0.2,9.629999999999995
5830,CA-2013-122063,2015-12-04,2015-12-08,Standard Class,MM-17920,Michael Moore,Consumer,United States,Richmond,Indiana,47374,Central,FUR-TA-10004575,Furniture,Tables,Hon 5100 Series Wood Tables,581.96,2,0.0,104.75279999999998
5831,CA-2013-122063,2015-12-04,2015-12-08,Standard Class,MM-17920,Michael Moore,Consumer,United States,Richmond,Indiana,47374,Central,FUR-CH-10004754,Furniture,Chairs,"Global Stack Chair with Arms, Black",29.98,1,0.0,8.0946
148,CA-2013-114489,2015-12-06,2015-12-10,Standard Class,JE-16165,Justin Ellison,Corporate,United States,Franklin,Wisconsin,53132,Central,TEC-PH-10000215,Technology,Phones,Plantronics Cordless Phone Headset with In-line Volume - M214C,384.45000000000005,11,0.0,103.80150000000003
149,CA-2013-114489,2015-12-06,2015-12-10,Standard Class,JE-16165,Justin Ellison,Corporate,United States,Franklin,Wisconsin,53132,Central,TEC-PH-10001448,Technology,Phones,Anker Astro 15000mAh USB Portable Charger,149.97,3,0.0,5.9987999999999815
150,CA-2013-114489,2015-12-06,2015-12-10,Standard Class,JE-16165,Justin Ellison,Corporate,United States,Franklin,Wisconsin,53132,Central,FUR-CH-10000454,Furniture,Chairs,"Hon Deluxe Fabric Upholstered Stacking Chairs, Rounded Back",1951.84,8,0.0,585.5519999999999
151,CA-2013-114489,2015-12-06,2015-12-10,Standard Class,JE-16165,Justin Ellison,Corporate,United States,Franklin,Wisconsin,53132,Central,OFF-BI-10002735,Office Supplies,Binders,GBC Prestige Therm-A-Bind Covers,171.55,5,0.0,80.6285
6872,CA-2013-145009,2015-12-06,2015-12-09,Second Class,RF-19345,Randy Ferguson,Corporate,United States,Chicago,Illinois,60610,Central,OFF-LA-10004853,Office Supplies,Labels,Avery 483,11.952000000000002,3,0.2,3.8843999999999994
8776,CA-2013-163636,2015-12-06,2015-12-10,Second Class,MP-18175,Mike Pelletier,Home Office,United States,Chicago,Illinois,60623,Central,OFF-AR-10001547,Office Supplies,Art,Newell 311,3.536,2,0.2,0.3094
36,CA-2013-117590,2015-12-09,2015-12-11,First Class,GH-14485,Gene Hale,Corporate,United States,Richardson,Texas,75080,Central,TEC-PH-10004977,Technology,Phones,GE 30524EE4,1097.5440000000003,7,0.2,123.4736999999999
37,CA-2013-117590,2015-12-09,2015-12-11,First Class,GH-14485,Gene Hale,Corporate,United States,Richardson,Texas,75080,Central,FUR-FU-10003664,Furniture,Furnishings,"Electrix Architect's Clamp-On Swing Arm Lamp, Black",190.92,5,0.6,-147.96300000000002
1299,CA-2013-134425,2015-12-09,2015-12-13,Second Class,QJ-19255,Quincy Jones,Corporate,United States,Saint Paul,Minnesota,55106,Central,TEC-PH-10003555,Technology,Phones,Motorola HK250 Universal Bluetooth Headset,114.94999999999999,5,0.0,2.2990000000000066
9162,CA-2013-160108,2015-12-09,2015-12-13,Standard Class,AG-10900,Arthur Gainer,Consumer,United States,Eau Claire,Wisconsin,54703,Central,FUR-BO-10003450,Furniture,Bookcases,"Bush Westfield Collection Bookcases, Dark Cherry Finish",405.85999999999996,7,0.0,32.46879999999998
9163,CA-2013-160108,2015-12-09,2015-12-13,Standard Class,AG-10900,Arthur Gainer,Consumer,United States,Eau Claire,Wisconsin,54703,Central,FUR-CH-10002335,Furniture,Chairs,Hon GuestStacker Chair,680.01,3,0.0,176.8026
22,CA-2013-137330,2015-12-10,2015-12-14,Standard Class,KB-16585,Ken Black,Corporate,United States,Fremont,Nebraska,68025,Central,OFF-AR-10000246,Office Supplies,Art,Newell 318,19.459999999999997,7,0.0,5.0596
23,CA-2013-137330,2015-12-10,2015-12-14,Standard Class,KB-16585,Ken Black,Corporate,United States,Fremont,Nebraska,68025,Central,OFF-AP-10001492,Office Supplies,Appliances,"Acco Six-Outlet Power Strip, 4' Cord Length",60.339999999999996,7,0.0,15.688400000000001
2033,CA-2013-128923,2015-12-10,2015-12-14,Standard Class,GB-14530,George Bell,Corporate,United States,Fort Worth,Texas,76106,Central,OFF-PA-10002250,Office Supplies,Paper,Things To Do Today Pad,9.392000000000001,2,0.2,3.2872
2034,CA-2013-128923,2015-12-10,2015-12-14,Standard Class,GB-14530,George Bell,Corporate,United States,Fort Worth,Texas,76106,Central,OFF-AR-10000475,Office Supplies,Art,"Hunt BOSTON Vista Battery-Operated Pencil Sharpener, Black",9.328000000000001,1,0.2,0.8162000000000007
3739,CA-2013-133340,2015-12-10,2015-12-14,Standard Class,LH-17155,Logan Haushalter,Consumer,United States,Jackson,Michigan,49201,Central,TEC-PH-10003988,Technology,Phones,"LF Elite 3D Dazzle Designer Hard Case Cover, Lf Stylus Pen and Wiper For Apple Iphone 5c Mini Lite",10.9,1,0.0,3.0520000000000005
3740,CA-2013-133340,2015-12-10,2015-12-14,Standard Class,LH-17155,Logan Haushalter,Consumer,United States,Jackson,Michigan,49201,Central,TEC-AC-10001109,Technology,Accessories,Logitech Trackman Marble Mouse,59.98,2,0.0,25.1916
3741,CA-2013-133340,2015-12-10,2015-12-14,Standard Class,LH-17155,Logan Haushalter,Consumer,United States,Jackson,Michigan,49201,Central,OFF-AP-10002311,Office Supplies,Appliances,"Holmes Replacement Filter for HEPA Air Cleaner, Very Large Room, HEPA Filter",61.929,1,0.1,23.395400000000002
4980,US-2013-131114,2015-12-10,2015-12-14,Second Class,RW-19630,Rob Williams,Corporate,United States,Chicago,Illinois,60610,Central,OFF-SU-10001664,Office Supplies,Supplies,Acme Office Executive Series Stainless Steel Trimmers,20.568,3,0.2,1.5426000000000002
4981,US-2013-131114,2015-12-10,2015-12-14,Second Class,RW-19630,Rob Williams,Corporate,United States,Chicago,Illinois,60610,Central,OFF-AP-10003971,Office Supplies,Appliances,Belkin 6 Outlet Metallic Surge Strip,4.355999999999999,2,0.8,-11.761200000000002
4982,US-2013-131114,2015-12-10,2015-12-14,Second Class,RW-19630,Rob Williams,Corporate,United States,Chicago,Illinois,60610,Central,TEC-AC-10000199,Technology,Accessories,Kingston Digital DataTraveler 8GB USB 2.0,19.040000000000003,4,0.2,-1.428
3940,US-2013-143448,2015-12-11,2015-12-11,Same Day,MH-17455,Mark Hamilton,Consumer,United States,Greenwood,Indiana,46142,Central,FUR-CH-10003379,Furniture,Chairs,Global Commerce Series High-Back Swivel/Tilt Chairs,1424.9,5,0.0,356.225
4574,CA-2013-139395,2015-12-13,2015-12-19,Standard Class,MG-17650,Matthew Grinstein,Home Office,United States,Jackson,Michigan,49201,Central,TEC-PH-10002103,Technology,Phones,Jabra SPEAK 410,657.93,7,0.0,184.22039999999998
4575,CA-2013-139395,2015-12-13,2015-12-19,Standard Class,MG-17650,Matthew Grinstein,Home Office,United States,Jackson,Michigan,49201,Central,FUR-FU-10003724,Furniture,Furnishings,Westinghouse Clip-On Gooseneck Lamps,33.48,4,0.0,8.704799999999999
4576,CA-2013-139395,2015-12-13,2015-12-19,Standard Class,MG-17650,Matthew Grinstein,Home Office,United States,Jackson,Michigan,49201,Central,OFF-AR-10003732,Office Supplies,Art,Newell 333,13.899999999999999,5,0.0,3.6139999999999994
4577,CA-2013-139395,2015-12-13,2015-12-19,Standard Class,MG-17650,Matthew Grinstein,Home Office,United States,Jackson,Michigan,49201,Central,OFF-ST-10000885,Office Supplies,Storage,Fellowes Desktop Hanging File Manager,26.86,2,0.0,6.715
456,CA-2013-100153,2015-12-14,2015-12-18,Standard Class,KH-16630,Ken Heidel,Corporate,United States,Norman,Oklahoma,73071,Central,TEC-AC-10001772,Technology,Accessories,Memorex Mini Travel Drive 16 GB USB 2.0 Flash Drive,63.88,4,0.0,24.913200000000003
722,CA-2013-142335,2015-12-16,2015-12-20,Standard Class,MP-17965,Michael Paige,Corporate,United States,Detroit,Michigan,48205,Central,FUR-TA-10000198,Furniture,Tables,Chromcraft Bull-Nose Wood Oval Conference Tables & Bases,1652.94,3,0.0,231.41160000000002
723,CA-2013-142335,2015-12-16,2015-12-20,Standard Class,MP-17965,Michael Paige,Corporate,United States,Detroit,Michigan,48205,Central,OFF-ST-10000036,Office Supplies,Storage,"Recycled Data-Pak for Archival Bound Computer Printouts, 12-1/2 x 12-1/2 x 16",296.37,3,0.0,80.01989999999999
470,US-2013-100419,2015-12-17,2015-12-21,Second Class,CC-12670,Craig Carreira,Consumer,United States,Chicago,Illinois,60610,Central,OFF-BI-10002194,Office Supplies,Binders,Cardinal Hold-It CD Pocket,4.7879999999999985,3,0.8,-7.9002
8414,CA-2013-147109,2015-12-18,2015-12-22,Standard Class,AH-10075,Adam Hart,Corporate,United States,Arlington,Texas,76017,Central,OFF-PA-10001972,Office Supplies,Paper,Xerox 214,51.84000000000001,10,0.2,18.144
8415,CA-2013-147109,2015-12-18,2015-12-22,Standard Class,AH-10075,Adam Hart,Corporate,United States,Arlington,Texas,76017,Central,TEC-AC-10002942,Technology,Accessories,WD My Passport Ultra 1TB Portable External Hard Drive,165.60000000000002,3,0.2,-6.210000000000015
9040,CA-2013-117121,2015-12-18,2015-12-22,Standard Class,AB-10105,Adrian Barton,Consumer,United States,Detroit,Michigan,48205,Central,OFF-BI-10000545,Office Supplies,Binders,GBC Ibimaster 500 Manual ProClick Binding System,9892.74,13,0.0,4946.37
641,CA-2013-147067,2015-12-19,2015-12-23,Standard Class,JD-16150,Justin Deggeller,Corporate,United States,Minneapolis,Minnesota,55407,Central,FUR-FU-10000732,Furniture,Furnishings,Eldon 200 Class Desk Accessories,18.84,3,0.0,6.0287999999999995
7579,CA-2013-138597,2015-12-19,2015-12-22,First Class,PN-18775,Parhena Norris,Home Office,United States,Omaha,Nebraska,68104,Central,FUR-CH-10004997,Furniture,Chairs,Hon Every-Day Series Multi-Task Chairs,563.9399999999999,3,0.0,112.78800000000001
7792,CA-2013-108364,2015-12-20,2015-12-25,Standard Class,BP-11050,Barry Pond,Corporate,United States,Chicago,Illinois,60623,Central,OFF-BI-10002012,Office Supplies,Binders,Wilson Jones Easy Flow II Sheet Lifters,1.7999999999999996,5,0.8,-2.880000000000001
7029,US-2013-157840,2015-12-21,2015-12-24,Second Class,MC-17575,Matt Collins,Consumer,United States,Fremont,Nebraska,68025,Central,OFF-PA-10003673,Office Supplies,Paper,Strathmore Photo Mount Cards,33.9,5,0.0,15.594
2306,CA-2013-115574,2015-12-24,2015-12-25,First Class,BP-11185,Ben Peterman,Corporate,United States,Chicago,Illinois,60623,Central,FUR-BO-10003441,Furniture,Bookcases,"Bush Westfield Collection Bookcases, Fully Assembled",141.37199999999999,2,0.3,-14.137200000000014
3251,CA-2013-157868,2015-12-24,2015-12-30,Standard Class,MC-17590,Matt Collister,Corporate,United States,Grand Rapids,Michigan,49505,Central,OFF-FA-10000992,Office Supplies,Fasteners,"Acco Clips to Go Binder Clips, 24 Clips in Two Sizes",24.849999999999998,7,0.0,11.679499999999999
8558,CA-2013-132829,2015-12-24,2015-12-27,Second Class,LA-16780,Laura Armstrong,Corporate,United States,Houston,Texas,77041,Central,TEC-PH-10004539,Technology,Phones,Wireless Extenders zBoost YX545 SOHO Signal Booster,453.576,3,0.2,39.687899999999985
8559,CA-2013-132829,2015-12-24,2015-12-27,Second Class,LA-16780,Laura Armstrong,Corporate,United States,Houston,Texas,77041,Central,OFF-LA-10002945,Office Supplies,Labels,"Permanent Self-Adhesive File Folder Labels for Typewriters, 1 1/8 x 3 1/2, White",45.36,9,0.2,14.741999999999997
8560,CA-2013-132829,2015-12-24,2015-12-27,Second Class,LA-16780,Laura Armstrong,Corporate,United States,Houston,Texas,77041,Central,TEC-PH-10004345,Technology,Phones,Cisco SPA 502G IP Phone,287.88,3,0.2,35.985
8561,CA-2013-132829,2015-12-24,2015-12-27,Second Class,LA-16780,Laura Armstrong,Corporate,United States,Houston,Texas,77041,Central,TEC-PH-10004912,Technology,Phones,Cisco SPA112 2 Port Phone Adapter,131.88000000000002,3,0.2,14.836499999999987
8562,CA-2013-132829,2015-12-24,2015-12-27,Second Class,LA-16780,Laura Armstrong,Corporate,United States,Houston,Texas,77041,Central,FUR-FU-10000206,Furniture,Furnishings,"GE General Purpose, Extra Long Life, Showcase & Floodlight Incandescent Bulbs",2.3280000000000003,2,0.6,-0.7566000000000002
2845,US-2013-162852,2015-12-28,2016-01-01,Standard Class,BG-11695,Brooke Gillingham,Corporate,United States,Woodstock,Illinois,60098,Central,FUR-CH-10004853,Furniture,Chairs,"Global Manager's Adjustable Task Chair, Storm",845.4879999999999,8,0.3,-12.078400000000101
4439,CA-2013-162726,2015-12-28,2016-01-03,Standard Class,MT-17815,Meg Tillman,Consumer,United States,Port Arthur,Texas,77642,Central,OFF-PA-10001972,Office Supplies,Paper,Xerox 214,10.368000000000002,2,0.2,3.6288
4440,CA-2013-162726,2015-12-28,2016-01-03,Standard Class,MT-17815,Meg Tillman,Consumer,United States,Port Arthur,Texas,77642,Central,OFF-PA-10004041,Office Supplies,Paper,"It's Hot Message Books with Stickers, 2 3/4"" x 5""",23.680000000000003,4,0.2,7.3999999999999995
2415,CA-2013-156300,2015-12-30,2016-01-03,Standard Class,TB-21595,Troy Blackwell,Consumer,United States,Milwaukee,Wisconsin,53209,Central,FUR-CH-10001714,Furniture,Chairs,"Global Leather & Oak Executive Chair, Burgundy",754.4499999999999,5,0.0,60.35600000000002
2643,CA-2013-124051,2015-12-30,2015-12-31,First Class,KA-16525,Kelly Andreada,Consumer,United States,Aurora,Illinois,60505,Central,OFF-PA-10001289,Office Supplies,Paper,White Computer Printout Paper by Universal,186.048,6,0.2,67.44239999999999
5363,CA-2013-122014,2015-12-30,2016-01-03,Standard Class,CD-11920,Carlos Daly,Consumer,United States,Wichita,Kansas,67212,Central,FUR-FU-10000672,Furniture,Furnishings,"Executive Impressions 10"" Spectator Wall Clock",70.56,6,0.0,23.990399999999994
5364,CA-2013-122014,2015-12-30,2016-01-03,Standard Class,CD-11920,Carlos Daly,Consumer,United States,Wichita,Kansas,67212,Central,OFF-AP-10001293,Office Supplies,Appliances,Belkin 8 Outlet Surge Protector,81.96,2,0.0,22.9488
4139,CA-2013-117226,2015-12-31,2016-01-02,First Class,KD-16495,Keith Dawkins,Corporate,United States,Deer Park,Texas,77536,Central,OFF-BI-10004654,Office Supplies,Binders,Avery Binding System Hidden Tab Executive Style Index Sets,6.923999999999998,6,0.8,-10.386
6683,CA-2014-154466,2016-01-02,2016-01-03,First Class,DP-13390,Dennis Pardue,Home Office,United States,Franklin,Wisconsin,53132,Central,OFF-BI-10002012,Office Supplies,Binders,Wilson Jones Easy Flow II Sheet Lifters,3.6,2,0.0,1.728
8070,CA-2014-151750,2016-01-02,2016-01-06,Standard Class,JM-15250,Janet Martin,Consumer,United States,Huntsville,Texas,77340,Central,OFF-ST-10002743,Office Supplies,Storage,SAFCO Boltless Steel Shelving,454.56000000000006,5,0.2,-107.95800000000004
8071,CA-2014-151750,2016-01-02,2016-01-06,Standard Class,JM-15250,Janet Martin,Consumer,United States,Huntsville,Texas,77340,Central,FUR-FU-10002116,Furniture,Furnishings,"Tenex Carpeted, Granite-Look or Clear Contemporary Contour Shape Chair Mats",141.42,5,0.6,-187.38150000000002
8072,CA-2014-151750,2016-01-02,2016-01-06,Standard Class,JM-15250,Janet Martin,Consumer,United States,Huntsville,Texas,77340,Central,FUR-CH-10003199,Furniture,Chairs,Office Star - Contemporary Task Swivel Chair,310.74399999999997,4,0.3,-26.635199999999998
8073,CA-2014-151750,2016-01-02,2016-01-06,Standard Class,JM-15250,Janet Martin,Consumer,United States,Huntsville,Texas,77340,Central,OFF-AR-10003158,Office Supplies,Art,Fluorescent Highlighters by Dixon,12.736,4,0.2,2.228799999999999
8074,CA-2014-151750,2016-01-02,2016-01-06,Standard Class,JM-15250,Janet Martin,Consumer,United States,Huntsville,Texas,77340,Central,OFF-BI-10000301,Office Supplies,Binders,GBC Instant Report Kit,6.469999999999998,5,0.8,-9.705000000000002
8075,CA-2014-151750,2016-01-02,2016-01-06,Standard Class,JM-15250,Janet Martin,Consumer,United States,Huntsville,Texas,77340,Central,OFF-BI-10000343,Office Supplies,Binders,"Pressboard Covers with Storage Hooks, 9 1/2"" x 11"", Light Blue",13.747999999999998,14,0.8,-22.684200000000004
8076,CA-2014-151750,2016-01-02,2016-01-06,Standard Class,JM-15250,Janet Martin,Consumer,United States,Huntsville,Texas,77340,Central,OFF-AP-10004708,Office Supplies,Appliances,Fellowes Superior 10 Outlet Split Surge Protector,15.223999999999997,2,0.8,-38.82120000000001
8361,CA-2014-147207,2016-01-03,2016-01-05,Second Class,TS-21655,Trudy Schmidt,Consumer,United States,El Paso,Texas,79907,Central,OFF-AR-10001955,Office Supplies,Art,Newell 319,31.744,2,0.2,3.9679999999999964
8362,CA-2014-147207,2016-01-03,2016-01-05,Second Class,TS-21655,Trudy Schmidt,Consumer,United States,El Paso,Texas,79907,Central,OFF-AP-10000027,Office Supplies,Appliances,Hoover Commercial SteamVac,5.431999999999999,2,0.8,-13.580000000000002
8363,CA-2014-147207,2016-01-03,2016-01-05,Second Class,TS-21655,Trudy Schmidt,Consumer,United States,El Paso,Texas,79907,Central,FUR-TA-10002958,Furniture,Tables,"Bevis Oval Conference Table, Walnut",913.4300000000001,5,0.3,-169.63700000000009
8364,CA-2014-147207,2016-01-03,2016-01-05,Second Class,TS-21655,Trudy Schmidt,Consumer,United States,El Paso,Texas,79907,Central,OFF-ST-10002615,Office Supplies,Storage,"Dual Level, Single-Width Filing Carts",372.144,3,0.2,27.91080000000001
978,CA-2014-159366,2016-01-08,2016-01-11,First Class,BW-11110,Bart Watters,Corporate,United States,Detroit,Michigan,48205,Central,TEC-MA-10000822,Technology,Machines,Lexmark MX611dhe Monochrome Laser Printer,3059.982,2,0.1,679.9959999999996
8641,US-2014-148551,2016-01-13,2016-01-17,Standard Class,DB-13120,David Bremer,Corporate,United States,Dallas,Texas,75217,Central,OFF-BI-10000545,Office Supplies,Binders,GBC Ibimaster 500 Manual ProClick Binding System,760.9799999999998,5,0.8,-1141.47
6619,US-2014-167402,2016-01-14,2016-01-19,Second Class,CP-12085,Cathy Prescott,Corporate,United States,Springfield,Missouri,65807,Central,OFF-PA-10004983,Office Supplies,Paper,Xerox 23,32.400000000000006,5,0.0,15.552000000000001
6620,US-2014-167402,2016-01-14,2016-01-19,Second Class,CP-12085,Cathy Prescott,Corporate,United States,Springfield,Missouri,65807,Central,OFF-AR-10004010,Office Supplies,Art,Hunt Boston Vacuum Mount KS Pencil Sharpener,209.94,6,0.0,54.5844
6621,US-2014-167402,2016-01-14,2016-01-19,Second Class,CP-12085,Cathy Prescott,Corporate,United States,Springfield,Missouri,65807,Central,OFF-SU-10002881,Office Supplies,Supplies,Martin Yale Chadless Opener Electric Letter Opener,4164.049999999999,5,0.0,83.28100000000006
6622,US-2014-167402,2016-01-14,2016-01-19,Second Class,CP-12085,Cathy Prescott,Corporate,United States,Springfield,Missouri,65807,Central,FUR-BO-10001608,Furniture,Bookcases,"Hon Metal Bookcases, Black",212.94,3,0.0,53.235000000000014
9859,CA-2014-113278,2016-01-15,2016-01-21,Standard Class,HR-14770,Hallie Redmond,Home Office,United States,Richmond,Indiana,47374,Central,OFF-ST-10001590,Office Supplies,Storage,"Tenex Personal Project File with Scoop Front Design, Black",67.4,5,0.0,17.523999999999997
9860,CA-2014-113278,2016-01-15,2016-01-21,Standard Class,HR-14770,Hallie Redmond,Home Office,United States,Richmond,Indiana,47374,Central,OFF-FA-10003472,Office Supplies,Fasteners,Bagged Rubber Bands,2.52,2,0.0,0.1008
9861,CA-2014-113278,2016-01-15,2016-01-21,Standard Class,HR-14770,Hallie Redmond,Home Office,United States,Richmond,Indiana,47374,Central,TEC-PH-10000169,Technology,Phones,ARKON Windshield Dashboard Air Vent Car Mount Holder,67.8,4,0.0,1.3559999999999945
9862,CA-2014-113278,2016-01-15,2016-01-21,Standard Class,HR-14770,Hallie Redmond,Home Office,United States,Richmond,Indiana,47374,Central,OFF-ST-10002562,Office Supplies,Storage,Staple magnet,18.76,2,0.0,5.252800000000001
9863,CA-2014-113278,2016-01-15,2016-01-21,Standard Class,HR-14770,Hallie Redmond,Home Office,United States,Richmond,Indiana,47374,Central,TEC-AC-10001445,Technology,Accessories,Imation USB 2.0 Swivel Flash Drive USB flash drive - 4 GB - Pink,12.12,4,0.0,2.5451999999999995
9864,CA-2014-113278,2016-01-15,2016-01-21,Standard Class,HR-14770,Hallie Redmond,Home Office,United States,Richmond,Indiana,47374,Central,OFF-PA-10004156,Office Supplies,Paper,Xerox 188,11.34,1,0.0,5.5565999999999995
9865,CA-2014-113278,2016-01-15,2016-01-21,Standard Class,HR-14770,Hallie Redmond,Home Office,United States,Richmond,Indiana,47374,Central,TEC-AC-10004469,Technology,Accessories,Microsoft Sculpt Comfort Mouse,159.8,4,0.0,70.31200000000001
9866,CA-2014-113278,2016-01-15,2016-01-21,Standard Class,HR-14770,Hallie Redmond,Home Office,United States,Richmond,Indiana,47374,Central,FUR-FU-10001037,Furniture,Furnishings,"DAX Charcoal/Nickel-Tone Document Frame, 5 x 7",18.96,2,0.0,8.532
6384,US-2014-104661,2016-01-16,2016-01-19,First Class,TB-21250,Tim Brockman,Consumer,United States,Austin,Texas,78745,Central,OFF-BI-10001597,Office Supplies,Binders,"Wilson Jones Ledger-Size, Piano-Hinge Binder, 2"", Blue",32.78399999999999,4,0.8,-52.45440000000001
6385,US-2014-104661,2016-01-16,2016-01-19,First Class,TB-21250,Tim Brockman,Consumer,United States,Austin,Texas,78745,Central,TEC-AC-10003628,Technology,Accessories,Logitech 910-002974 M325 Wireless Mouse for Web Scrolling,47.984,2,0.2,14.395200000000004
6386,US-2014-104661,2016-01-16,2016-01-19,First Class,TB-21250,Tim Brockman,Consumer,United States,Austin,Texas,78745,Central,TEC-AC-10002331,Technology,Accessories,"Maxell 74 Minute CDR, 10/Pack",62.592,8,0.2,13.300799999999999
6387,US-2014-104661,2016-01-16,2016-01-19,First Class,TB-21250,Tim Brockman,Consumer,United States,Austin,Texas,78745,Central,OFF-BI-10001098,Office Supplies,Binders,Acco D-Ring Binder w/DublLock,4.275999999999999,1,0.8,-6.627800000000001
6521,CA-2014-138289,2016-01-17,2016-01-19,Second Class,AR-10540,Andy Reiter,Consumer,United States,Jackson,Michigan,49201,Central,OFF-BI-10004995,Office Supplies,Binders,GBC DocuBind P400 Electric Binding System,5443.96,4,0.0,2504.2216
6522,CA-2014-138289,2016-01-17,2016-01-19,Second Class,AR-10540,Andy Reiter,Consumer,United States,Jackson,Michigan,49201,Central,FUR-CH-10004626,Furniture,Chairs,Office Star Flex Back Scooter Chair with Aluminum Finish Frame,302.67,3,0.0,72.6408
6523,CA-2014-138289,2016-01-17,2016-01-19,Second Class,AR-10540,Andy Reiter,Consumer,United States,Jackson,Michigan,49201,Central,OFF-PA-10001260,Office Supplies,Paper,"TOPS Money Receipt Book, Consecutively Numbered in Red,",56.07,7,0.0,25.231499999999997
1885,CA-2014-154718,2016-01-20,2016-01-24,Second Class,DL-12865,Dan Lawera,Consumer,United States,Keller,Texas,76248,Central,OFF-LA-10003714,Office Supplies,Labels,Avery 510,6.0,2,0.2,2.0999999999999996
7408,CA-2014-152079,2016-01-21,2016-01-22,First Class,ML-17410,Maris LaWare,Consumer,United States,Chicago,Illinois,60653,Central,OFF-LA-10001613,Office Supplies,Labels,Avery File Folder Labels,11.52,5,0.2,4.176
2680,CA-2014-127026,2016-01-22,2016-01-28,Standard Class,MH-18115,Mick Hernandez,Home Office,United States,Jackson,Michigan,49201,Central,OFF-BI-10000546,Office Supplies,Binders,Avery Durable Binders,14.399999999999999,5,0.0,7.056
2681,CA-2014-127026,2016-01-22,2016-01-28,Standard Class,MH-18115,Mick Hernandez,Home Office,United States,Jackson,Michigan,49201,Central,TEC-AC-10002049,Technology,Accessories,Logitech G19 Programmable Gaming Keyboard,619.9499999999999,5,0.0,111.59099999999995
2682,CA-2014-127026,2016-01-22,2016-01-28,Standard Class,MH-18115,Mick Hernandez,Home Office,United States,Jackson,Michigan,49201,Central,OFF-BI-10001196,Office Supplies,Binders,"Avery Flip-Chart Easel Binder, Black",89.52,4,0.0,42.0744
2683,CA-2014-127026,2016-01-22,2016-01-28,Standard Class,MH-18115,Mick Hernandez,Home Office,United States,Jackson,Michigan,49201,Central,TEC-MA-10002981,Technology,Machines,I.R.I.S IRISCard Anywhere 5 Card Scanner,350.97300000000007,3,0.1,152.08829999999998
2684,CA-2014-127026,2016-01-22,2016-01-28,Standard Class,MH-18115,Mick Hernandez,Home Office,United States,Jackson,Michigan,49201,Central,TEC-PH-10003601,Technology,Phones,"Ativa D5772 2-Line 5.8GHz Digital Expandable Corded/Cordless Phone System with Answering & Caller ID/Call Waiting, Black/Silver",164.99,1,0.0,49.496999999999986
9745,CA-2014-141782,2016-01-22,2016-01-26,Standard Class,BE-11410,Bobby Elias,Consumer,United States,Aurora,Illinois,60505,Central,OFF-EN-10002230,Office Supplies,Envelopes,Airmail Envelopes,268.576,4,0.2,90.64439999999999
7984,CA-2014-152499,2016-01-23,2016-01-26,Second Class,EH-13765,Edward Hooks,Corporate,United States,Chicago,Illinois,60623,Central,OFF-FA-10002975,Office Supplies,Fasteners,Staples,15.120000000000001,5,0.2,4.913999999999999
7985,CA-2014-152499,2016-01-23,2016-01-26,Second Class,EH-13765,Edward Hooks,Corporate,United States,Chicago,Illinois,60623,Central,OFF-AR-10003481,Office Supplies,Art,Newell 348,7.872,3,0.2,0.8855999999999988
523,CA-2014-145142,2016-01-24,2016-01-26,First Class,MC-17605,Matt Connell,Corporate,United States,Detroit,Michigan,48234,Central,FUR-TA-10001857,Furniture,Tables,Balt Solid Wood Rectangular Table,210.98,2,0.0,21.097999999999985
5492,CA-2014-164098,2016-01-27,2016-01-28,First Class,CG-12520,Claire Gute,Consumer,United States,Houston,Texas,77070,Central,OFF-ST-10000615,Office Supplies,Storage,"SimpliFile Personal File, Black Granite, 15w x 6-15/16d x 11-1/4h",18.16,2,0.2,1.8160000000000016
4784,US-2014-147984,2016-01-29,2016-02-02,Standard Class,GB-14575,Giulietta Baptist,Consumer,United States,Wichita,Kansas,67212,Central,OFF-PA-10000806,Office Supplies,Paper,Xerox 1934,279.9,5,0.0,137.151
3886,US-2014-127341,2016-01-30,2016-02-03,Standard Class,CK-12595,Clytie Kelty,Consumer,United States,Chicago,Illinois,60653,Central,OFF-BI-10001072,Office Supplies,Binders,"GBC Clear Cover, 8-1/2 x 11, unpunched, 25 covers per pack",12.127999999999997,4,0.8,-20.617600000000003
9915,CA-2014-160927,2016-01-30,2016-02-01,Second Class,TM-21010,Tamara Manning,Consumer,United States,Marion,Iowa,52302,Central,OFF-PA-10003848,Office Supplies,Paper,Xerox 1997,12.96,2,0.0,6.2208000000000006
9916,CA-2014-160927,2016-01-30,2016-02-01,Second Class,TM-21010,Tamara Manning,Consumer,United States,Marion,Iowa,52302,Central,OFF-PA-10000176,Office Supplies,Paper,Xerox 1887,94.85,5,0.0,45.52799999999999
9917,CA-2014-160927,2016-01-30,2016-02-01,Second Class,TM-21010,Tamara Manning,Consumer,United States,Marion,Iowa,52302,Central,OFF-ST-10001590,Office Supplies,Storage,"Tenex Personal Project File with Scoop Front Design, Black",13.48,1,0.0,3.5047999999999995
9918,CA-2014-160927,2016-01-30,2016-02-01,Second Class,TM-21010,Tamara Manning,Consumer,United States,Marion,Iowa,52302,Central,FUR-FU-10000010,Furniture,Furnishings,"DAX Value U-Channel Document Frames, Easel Back",14.91,3,0.0,4.6221
771,CA-2014-104220,2016-01-31,2016-02-06,Standard Class,BV-11245,Benjamin Venier,Corporate,United States,Des Moines,Iowa,50315,Central,OFF-BI-10001036,Office Supplies,Binders,Cardinal EasyOpen D-Ring Binders,18.28,2,0.0,9.14
772,CA-2014-104220,2016-01-31,2016-02-06,Standard Class,BV-11245,Benjamin Venier,Corporate,United States,Des Moines,Iowa,50315,Central,TEC-PH-10004614,Technology,Phones,AT&T 841000 Phone,207.0,3,0.0,51.75
773,CA-2014-104220,2016-01-31,2016-02-06,Standard Class,BV-11245,Benjamin Venier,Corporate,United States,Des Moines,Iowa,50315,Central,OFF-BI-10000301,Office Supplies,Binders,GBC Instant Report Kit,32.35,5,0.0,16.175
774,CA-2014-104220,2016-01-31,2016-02-06,Standard Class,BV-11245,Benjamin Venier,Corporate,United States,Des Moines,Iowa,50315,Central,OFF-BI-10003910,Office Supplies,Binders,DXL Angle-View Binders with Locking Rings by Samsill,7.71,1,0.0,3.4695
775,CA-2014-104220,2016-01-31,2016-02-06,Standard Class,BV-11245,Benjamin Venier,Corporate,United States,Des Moines,Iowa,50315,Central,OFF-AR-10004648,Office Supplies,Art,Boston 19500 Mighty Mite Electric Pencil Sharpener,40.3,2,0.0,10.881
776,CA-2014-104220,2016-01-31,2016-02-06,Standard Class,BV-11245,Benjamin Venier,Corporate,United States,Des Moines,Iowa,50315,Central,FUR-FU-10002597,Furniture,Furnishings,"C-Line Magnetic Cubicle Keepers, Clear Polypropylene",34.580000000000005,7,0.0,14.523600000000002
8268,CA-2014-121790,2016-01-31,2016-02-07,Standard Class,LP-17095,Liz Preis,Consumer,United States,Aurora,Illinois,60505,Central,FUR-TA-10003469,Furniture,Tables,Balt Split Level Computer Training Table,69.375,1,0.5,-47.175
8269,CA-2014-121790,2016-01-31,2016-02-07,Standard Class,LP-17095,Liz Preis,Consumer,United States,Aurora,Illinois,60505,Central,OFF-SU-10004231,Office Supplies,Supplies,Acme Tagit Stainless Steel Antibacterial Scissors,31.680000000000003,4,0.2,2.7719999999999994
8270,CA-2014-121790,2016-01-31,2016-02-07,Standard Class,LP-17095,Liz Preis,Consumer,United States,Aurora,Illinois,60505,Central,TEC-PH-10002584,Technology,Phones,Samsung Galaxy S4,2003.1680000000001,4,0.2,250.39599999999984
8271,CA-2014-121790,2016-01-31,2016-02-07,Standard Class,LP-17095,Liz Preis,Consumer,United States,Aurora,Illinois,60505,Central,OFF-AR-10003602,Office Supplies,Art,"Quartet Omega Colored Chalk, 12/Pack",9.344,2,0.2,3.1535999999999995
7445,CA-2014-127474,2016-02-04,2016-02-08,Second Class,RD-19810,Ross DeVincentis,Home Office,United States,Chicago,Illinois,60610,Central,OFF-PA-10001166,Office Supplies,Paper,Xerox 2,5.184000000000001,1,0.2,1.8144
7446,CA-2014-127474,2016-02-04,2016-02-08,Second Class,RD-19810,Ross DeVincentis,Home Office,United States,Chicago,Illinois,60610,Central,OFF-PA-10001033,Office Supplies,Paper,Xerox 1893,65.584,2,0.2,23.7742
7447,CA-2014-127474,2016-02-04,2016-02-08,Second Class,RD-19810,Ross DeVincentis,Home Office,United States,Chicago,Illinois,60610,Central,FUR-FU-10004597,Furniture,Furnishings,Eldon Cleatmat Chair Mats for Medium Pile Carpets,22.200000000000003,1,0.6,-26.084999999999994
7448,CA-2014-127474,2016-02-04,2016-02-08,Second Class,RD-19810,Ross DeVincentis,Home Office,United States,Chicago,Illinois,60610,Central,OFF-PA-10000418,Office Supplies,Paper,Xerox 189,419.4,5,0.2,146.79
6567,CA-2014-131282,2016-02-06,2016-02-09,Second Class,CB-12025,Cassandra Brandow,Consumer,United States,Waco,Texas,76706,Central,OFF-BI-10004632,Office Supplies,Binders,Ibico Hi-Tech Manual Binding System,243.99199999999996,4,0.8,-426.9860000000001
6568,CA-2014-131282,2016-02-06,2016-02-09,Second Class,CB-12025,Cassandra Brandow,Consumer,United States,Waco,Texas,76706,Central,OFF-AR-10003087,Office Supplies,Art,Staples in misc. colors,7.120000000000001,5,0.2,0.7119999999999997
3085,CA-2014-118773,2016-02-10,2016-02-15,Standard Class,TP-21415,Tom Prescott,Consumer,United States,Houston,Texas,77070,Central,OFF-BI-10004584,Office Supplies,Binders,GBC ProClick 150 Presentation Binding System,252.78399999999996,4,0.8,-417.09360000000004
3086,CA-2014-118773,2016-02-10,2016-02-15,Standard Class,TP-21415,Tom Prescott,Consumer,United States,Houston,Texas,77070,Central,TEC-AC-10002402,Technology,Accessories,Razer Kraken PRO Over Ear PC and Music Headset,127.984,2,0.2,15.997999999999987
3087,CA-2014-118773,2016-02-10,2016-02-15,Standard Class,TP-21415,Tom Prescott,Consumer,United States,Houston,Texas,77070,Central,FUR-FU-10000550,Furniture,Furnishings,Stacking Trays by OIC,3.9840000000000004,2,0.6,-2.6892000000000005
3088,CA-2014-118773,2016-02-10,2016-02-15,Standard Class,TP-21415,Tom Prescott,Consumer,United States,Houston,Texas,77070,Central,OFF-AP-10000055,Office Supplies,Appliances,Belkin F9S820V06 8 Outlet Surge,12.991999999999996,2,0.8,-32.480000000000004
9633,CA-2014-154809,2016-02-14,2016-02-18,Standard Class,MH-17455,Mark Hamilton,Consumer,United States,Minneapolis,Minnesota,55407,Central,OFF-AP-10004785,Office Supplies,Appliances,"Holmes Replacement Filter for HEPA Air Cleaner, Medium Room",90.64,8,0.0,38.97520000000001
8673,CA-2014-163265,2016-02-17,2016-02-22,Standard Class,JS-16030,Joy Smith,Consumer,United States,Decatur,Illinois,62521,Central,OFF-FA-10004854,Office Supplies,Fasteners,"Vinyl Coated Wire Paper Clips in Organizer Box, 800/Box",18.368000000000002,2,0.2,6.199199999999999
8674,CA-2014-163265,2016-02-17,2016-02-22,Standard Class,JS-16030,Joy Smith,Consumer,United States,Decatur,Illinois,62521,Central,FUR-CH-10004063,Furniture,Chairs,Global Deluxe High-Back Manager's Chair,600.558,3,0.3,-8.579400000000078
8675,CA-2014-163265,2016-02-17,2016-02-22,Standard Class,JS-16030,Joy Smith,Consumer,United States,Decatur,Illinois,62521,Central,OFF-ST-10000642,Office Supplies,Storage,"Tennsco Lockers, Gray",50.352000000000004,3,0.2,-8.182200000000005
8676,CA-2014-163265,2016-02-17,2016-02-22,Standard Class,JS-16030,Joy Smith,Consumer,United States,Decatur,Illinois,62521,Central,OFF-AR-10004078,Office Supplies,Art,Newell 312,28.031999999999996,6,0.2,3.5039999999999996
8677,CA-2014-163265,2016-02-17,2016-02-22,Standard Class,JS-16030,Joy Smith,Consumer,United States,Decatur,Illinois,62521,Central,FUR-FU-10004270,Furniture,Furnishings,"Executive Impressions 13"" Clairmont Wall Clock",7.692,1,0.6,-3.653699999999999
3860,CA-2014-154039,2016-02-18,2016-02-23,Standard Class,JK-16120,Julie Kriz,Home Office,United States,Chicago,Illinois,60653,Central,FUR-TA-10001932,Furniture,Tables,"Chromcraft 48"" x 96"" Racetrack Double Pedestal Table",480.96,3,0.5,-269.3376
3861,CA-2014-154039,2016-02-18,2016-02-23,Standard Class,JK-16120,Julie Kriz,Home Office,United States,Chicago,Illinois,60653,Central,TEC-PH-10002789,Technology,Phones,LG Exalt,124.79200000000002,1,0.2,10.919299999999996
8106,CA-2014-159149,2016-02-18,2016-02-20,First Class,CR-12820,Cyra Reiten,Home Office,United States,Houston,Texas,77041,Central,FUR-BO-10001601,Furniture,Bookcases,"Sauder Mission Library with Doors, Fruitwood Finish",89.06639999999999,1,0.32,-17.027400000000007
8107,CA-2014-159149,2016-02-18,2016-02-20,First Class,CR-12820,Cyra Reiten,Home Office,United States,Houston,Texas,77041,Central,OFF-AR-10000937,Office Supplies,Art,"Dixon Ticonderoga Core-Lock Colored Pencils, 48-Color Set",175.44,6,0.2,52.632000000000005
8108,CA-2014-159149,2016-02-18,2016-02-20,First Class,CR-12820,Cyra Reiten,Home Office,United States,Houston,Texas,77041,Central,TEC-PH-10000038,Technology,Phones,Jawbone MINI JAMBOX Wireless Bluetooth Speaker,438.336,4,0.2,-87.66720000000004
3286,CA-2014-150525,2016-02-21,2016-02-26,Standard Class,JP-16135,Julie Prescott,Home Office,United States,Muskogee,Oklahoma,74403,Central,OFF-AR-10002375,Office Supplies,Art,Newell 351,6.56,2,0.0,1.9023999999999992
3287,CA-2014-150525,2016-02-21,2016-02-26,Standard Class,JP-16135,Julie Prescott,Home Office,United States,Muskogee,Oklahoma,74403,Central,OFF-AP-10000595,Office Supplies,Appliances,Disposable Triple-Filter Dust Bags,13.11,3,0.0,3.4086000000000003
9318,CA-2014-124940,2016-02-22,2016-02-27,Standard Class,DK-13090,Dave Kipp,Consumer,United States,Carrollton,Texas,75007,Central,TEC-AC-10002076,Technology,Accessories,Microsoft Natural Keyboard Elite,47.904,1,0.2,-2.9940000000000015
3765,CA-2014-125878,2016-02-26,2016-03-02,Standard Class,MH-18025,Michelle Huthwaite,Consumer,United States,Chicago,Illinois,60623,Central,OFF-BI-10002609,Office Supplies,Binders,Avery Hidden Tab Dividers for Binding Systems,1.7879999999999996,3,0.8,-3.0396
1770,CA-2014-146024,2016-03-02,2016-03-08,Standard Class,SC-20770,Stewart Carmichael,Corporate,United States,Dallas,Texas,75081,Central,OFF-SU-10001935,Office Supplies,Supplies,Staple remover,6.976000000000001,4,0.2,-1.3952000000000013
1771,CA-2014-146024,2016-03-02,2016-03-08,Standard Class,SC-20770,Stewart Carmichael,Corporate,United States,Dallas,Texas,75081,Central,OFF-BI-10003291,Office Supplies,Binders,Wilson Jones Leather-Like Binders with DublLock Round Rings,12.221999999999998,7,0.8,-20.166300000000007
9293,CA-2014-124114,2016-03-02,2016-03-02,Same Day,RS-19765,Roland Schwarz,Corporate,United States,Waco,Texas,76706,Central,OFF-BI-10004022,Office Supplies,Binders,Acco Suede Grain Vinyl Round Ring Binder,0.5559999999999998,1,0.8,-0.9452
3062,CA-2014-127621,2016-03-03,2016-03-07,Standard Class,RE-19450,Richard Eichhorn,Consumer,United States,Dallas,Texas,75081,Central,OFF-PA-10001307,Office Supplies,Paper,"Important Message Pads, 50 4-1/4 x 5-1/2 Forms per Pad",26.880000000000003,8,0.2,9.743999999999998
3474,CA-2014-111815,2016-03-03,2016-03-10,Standard Class,EP-13915,Emily Phan,Consumer,United States,Dearborn Heights,Michigan,48127,Central,FUR-CH-10000785,Furniture,Chairs,Global Ergonomic Managers Chair,180.98,1,0.0,47.0548
3475,CA-2014-111815,2016-03-03,2016-03-10,Standard Class,EP-13915,Emily Phan,Consumer,United States,Dearborn Heights,Michigan,48127,Central,TEC-AC-10002926,Technology,Accessories,Logitech Wireless Marathon Mouse M705,99.98,2,0.0,42.991400000000006
5296,CA-2014-142174,2016-03-04,2016-03-09,Standard Class,DP-13000,Darren Powers,Consumer,United States,Houston,Texas,77041,Central,OFF-PA-10000806,Office Supplies,Paper,Xerox 1934,89.568,2,0.2,32.4684
6447,US-2014-119816,2016-03-04,2016-03-06,Second Class,TT-21460,Tonja Turnell,Home Office,United States,Houston,Texas,77095,Central,FUR-FU-10004848,Furniture,Furnishings,"Howard Miller 13-3/4"" Diameter Brushed Chrome Round Wall Clock",103.50000000000001,5,0.6,-77.625
6448,US-2014-119816,2016-03-04,2016-03-06,Second Class,TT-21460,Tonja Turnell,Home Office,United States,Houston,Texas,77095,Central,OFF-LA-10002381,Office Supplies,Labels,Avery 497,2.4640000000000004,1,0.2,0.8623999999999998
6449,US-2014-119816,2016-03-04,2016-03-06,Second Class,TT-21460,Tonja Turnell,Home Office,United States,Houston,Texas,77095,Central,OFF-ST-10000918,Office Supplies,Storage,Crate-A-Files,8.72,1,0.2,0.6539999999999995
3813,CA-2014-147753,2016-03-05,2016-03-05,Same Day,PK-19075,Pete Kriz,Consumer,United States,Milwaukee,Wisconsin,53209,Central,OFF-LA-10003537,Office Supplies,Labels,Avery 515,25.06,2,0.0,11.778199999999998
4744,CA-2014-168123,2016-03-05,2016-03-05,Same Day,JD-16060,Julia Dunbar,Consumer,United States,Rochester,Minnesota,55901,Central,OFF-FA-10002763,Office Supplies,Fasteners,Advantus Map Pennant Flags and Round Head Tacks,7.9,2,0.0,2.5279999999999996
4745,CA-2014-168123,2016-03-05,2016-03-05,Same Day,JD-16060,Julia Dunbar,Consumer,United States,Rochester,Minnesota,55901,Central,OFF-ST-10000877,Office Supplies,Storage,Recycled Steel Personal File for Standard File Folders,221.16,4,0.0,57.501599999999996
4746,CA-2014-168123,2016-03-05,2016-03-05,Same Day,JD-16060,Julia Dunbar,Consumer,United States,Rochester,Minnesota,55901,Central,OFF-BI-10001071,Office Supplies,Binders,GBC ProClick Punch Binding System,127.96,2,0.0,62.7004
4747,CA-2014-168123,2016-03-05,2016-03-05,Same Day,JD-16060,Julia Dunbar,Consumer,United States,Rochester,Minnesota,55901,Central,OFF-BI-10001097,Office Supplies,Binders,Avery Hole Reinforcements,18.69,3,0.0,9.158100000000001
9312,CA-2014-148642,2016-03-06,2016-03-12,Standard Class,DW-13540,Don Weiss,Consumer,United States,Dallas,Texas,75220,Central,OFF-LA-10000134,Office Supplies,Labels,Avery 511,4.928000000000001,2,0.2,1.7247999999999997
9313,CA-2014-148642,2016-03-06,2016-03-12,Standard Class,DW-13540,Don Weiss,Consumer,United States,Dallas,Texas,75220,Central,OFF-AR-10000588,Office Supplies,Art,Newell 345,63.488,4,0.2,4.761600000000001
8413,CA-2014-132290,2016-03-10,2016-03-14,Standard Class,MD-17350,Maribeth Dona,Consumer,United States,Dallas,Texas,75217,Central,FUR-TA-10002228,Furniture,Tables,"Bevis Traditional Conference Table Top, Plinth Base",933.408,4,0.3,-173.3472
2994,CA-2014-147291,2016-03-11,2016-03-17,Standard Class,MJ-17740,Max Jones,Consumer,United States,Detroit,Michigan,48227,Central,OFF-BI-10003091,Office Supplies,Binders,GBC DocuBind TL200 Manual Binding Machine,895.92,4,0.0,421.08239999999995
5565,CA-2014-157966,2016-03-13,2016-03-13,Same Day,SU-20665,Stephanie Ulpright,Home Office,United States,Chicago,Illinois,60610,Central,OFF-AR-10000799,Office Supplies,Art,Col-Erase Pencils with Erasers,19.456000000000003,4,0.2,2.188799999999997
5566,CA-2014-157966,2016-03-13,2016-03-13,Same Day,SU-20665,Stephanie Ulpright,Home Office,United States,Chicago,Illinois,60610,Central,TEC-MA-10002109,Technology,Machines,"HP Officejet Pro 8600 e-All-In-One Printer, Copier, Scanner, Fax",209.986,2,0.3,8.99939999999998
5567,CA-2014-157966,2016-03-13,2016-03-13,Same Day,SU-20665,Stephanie Ulpright,Home Office,United States,Chicago,Illinois,60610,Central,OFF-AR-10003338,Office Supplies,Art,"Eberhard Faber 3 1/2"" Golf Pencils",29.760000000000005,5,0.2,1.8599999999999994
5568,CA-2014-157966,2016-03-13,2016-03-13,Same Day,SU-20665,Stephanie Ulpright,Home Office,United States,Chicago,Illinois,60610,Central,FUR-CH-10003606,Furniture,Chairs,SAFCO Folding Chair Trolley,89.768,1,0.3,-2.564799999999998
5569,CA-2014-157966,2016-03-13,2016-03-13,Same Day,SU-20665,Stephanie Ulpright,Home Office,United States,Chicago,Illinois,60610,Central,TEC-CO-10001449,Technology,Copiers,Hewlett Packard LaserJet 3310 Copier,959.984,2,0.2,335.99440000000004
5570,CA-2014-157966,2016-03-13,2016-03-13,Same Day,SU-20665,Stephanie Ulpright,Home Office,United States,Chicago,Illinois,60610,Central,OFF-PA-10001934,Office Supplies,Paper,Xerox 1993,15.552000000000003,3,0.2,5.6376
5571,CA-2014-157966,2016-03-13,2016-03-13,Same Day,SU-20665,Stephanie Ulpright,Home Office,United States,Chicago,Illinois,60610,Central,TEC-PH-10001527,Technology,Phones,Plantronics MX500i Earset,34.36000000000001,1,0.2,-7.3015000000000025
9392,CA-2014-162474,2016-03-13,2016-03-16,First Class,FH-14275,Frank Hawley,Corporate,United States,Aurora,Illinois,60505,Central,TEC-PH-10004700,Technology,Phones,PowerGen Dual USB Car Charger,7.992000000000001,1,0.2,2.5973999999999995
8440,CA-2014-114370,2016-03-14,2016-03-17,Second Class,BN-11470,Brad Norvell,Corporate,United States,Chicago,Illinois,60623,Central,TEC-PH-10000213,Technology,Phones,Seidio BD2-HK3IPH5-BK DILEX Case and Holster Combo for Apple iPhone 5/5s - Black,49.61600000000001,2,0.2,4.961599999999999
3379,CA-2014-142867,2016-03-17,2016-03-21,Standard Class,PO-19180,Philisse Overcash,Home Office,United States,Houston,Texas,77095,Central,OFF-BI-10003166,Office Supplies,Binders,GBC Plasticlear Binding Covers,13.775999999999996,6,0.8,-22.04160000000001
3380,CA-2014-142867,2016-03-17,2016-03-21,Standard Class,PO-19180,Philisse Overcash,Home Office,United States,Houston,Texas,77095,Central,OFF-PA-10004610,Office Supplies,Paper,Xerox 1900,10.272000000000002,3,0.2,3.209999999999998
677,US-2014-119438,2016-03-18,2016-03-23,Standard Class,CD-11980,Carol Darley,Consumer,United States,Tyler,Texas,75701,Central,OFF-AP-10000804,Office Supplies,Appliances,Hoover Portapower Portable Vacuum,2.6879999999999997,3,0.8,-7.392000000000002
678,US-2014-119438,2016-03-18,2016-03-23,Standard Class,CD-11980,Carol Darley,Consumer,United States,Tyler,Texas,75701,Central,TEC-AC-10003614,Technology,Accessories,"Verbatim 25 GB 6x Blu-ray Single Layer Recordable Disc, 10/Pack",27.816000000000003,3,0.2,4.520099999999996
679,US-2014-119438,2016-03-18,2016-03-23,Standard Class,CD-11980,Carol Darley,Consumer,United States,Tyler,Texas,75701,Central,FUR-FU-10003553,Furniture,Furnishings,"Howard Miller 13-1/2"" Diameter Rosebrook Wall Clock",82.524,3,0.6,-41.26199999999997
680,US-2014-119438,2016-03-18,2016-03-23,Standard Class,CD-11980,Carol Darley,Consumer,United States,Tyler,Texas,75701,Central,OFF-BI-10004632,Office Supplies,Binders,Ibico Hi-Tech Manual Binding System,182.99399999999997,3,0.8,-320.23950000000013
3707,CA-2014-160087,2016-03-18,2016-03-22,Standard Class,EN-13780,Edward Nazzal,Consumer,United States,Dallas,Texas,75220,Central,OFF-AR-10001915,Office Supplies,Art,Peel-Off China Markers,23.832,3,0.2,6.553800000000001
8792,CA-2014-162075,2016-03-18,2016-03-24,Standard Class,TT-21220,Thomas Thornton,Consumer,United States,Houston,Texas,77041,Central,TEC-PH-10001557,Technology,Phones,Pyle PMP37LED,537.544,7,0.2,47.03509999999997
447,CA-2014-154214,2016-03-20,2016-03-25,Second Class,TB-21595,Troy Blackwell,Consumer,United States,Columbus,Indiana,47201,Central,FUR-FU-10000206,Furniture,Furnishings,"GE General Purpose, Extra Long Life, Showcase & Floodlight Incandescent Bulbs",2.91,1,0.0,1.3677
8998,CA-2014-122763,2016-03-20,2016-03-20,Same Day,HG-14845,Harry Greene,Consumer,United States,Houston,Texas,77041,Central,OFF-PA-10000474,Office Supplies,Paper,Easy-staple paper,56.704,2,0.2,19.137599999999992
8999,CA-2014-122763,2016-03-20,2016-03-20,Same Day,HG-14845,Harry Greene,Consumer,United States,Houston,Texas,77041,Central,OFF-PA-10002377,Office Supplies,Paper,Xerox 1916,274.064,7,0.2,102.77399999999999
2333,CA-2014-169285,2016-03-21,2016-03-25,Standard Class,RW-19690,Robert Waldorf,Consumer,United States,Lafayette,Indiana,47905,Central,OFF-PA-10004071,Office Supplies,Paper,"Eaton Premium Continuous-Feed Paper, 25% Cotton, Letter Size, White, 1000 Shts/Box",277.4,5,0.0,133.152
2334,CA-2014-169285,2016-03-21,2016-03-25,Standard Class,RW-19690,Robert Waldorf,Consumer,United States,Lafayette,Indiana,47905,Central,OFF-PA-10004971,Office Supplies,Paper,Xerox 196,5.78,1,0.0,2.8322000000000003
4429,CA-2014-119452,2016-03-21,2016-03-27,Standard Class,CL-12565,Clay Ludtke,Consumer,United States,Tulsa,Oklahoma,74133,Central,FUR-CH-10004495,Furniture,Chairs,"Global Leather and Oak Executive Chair, Black",1805.88,6,0.0,523.7051999999999
2843,CA-2014-135650,2016-03-23,2016-03-27,Standard Class,AC-10660,Anna Chung,Consumer,United States,Huntsville,Texas,77340,Central,OFF-ST-10001809,Office Supplies,Storage,Fellowes Officeware Wire Shelving,143.728,2,0.2,-32.338800000000006
9530,CA-2014-101637,2016-03-24,2016-03-25,Same Day,AC-10615,Ann Chong,Corporate,United States,Beaumont,Texas,77705,Central,OFF-ST-10002352,Office Supplies,Storage,Iris Project Case,12.768,2,0.2,0.9575999999999993
1877,CA-2014-112039,2016-03-25,2016-03-29,Standard Class,JC-15775,John Castell,Consumer,United States,San Antonio,Texas,78207,Central,TEC-PH-10000984,Technology,Phones,Panasonic KX-TG9471B,470.3760000000001,3,0.2,47.037600000000026
2941,CA-2014-155880,2016-03-25,2016-03-31,Standard Class,JD-16150,Justin Deggeller,Corporate,United States,Milwaukee,Wisconsin,53209,Central,FUR-CH-10000422,Furniture,Chairs,Global Highback Leather Tilter in Burgundy,90.99,1,0.0,14.558400000000006
2942,CA-2014-155880,2016-03-25,2016-03-31,Standard Class,JD-16150,Justin Deggeller,Corporate,United States,Milwaukee,Wisconsin,53209,Central,FUR-CH-10004675,Furniture,Chairs,"Lifetime Advantage Folding Chairs, 4/Carton",1526.5600000000002,7,0.0,427.43679999999995
2943,CA-2014-155880,2016-03-25,2016-03-31,Standard Class,JD-16150,Justin Deggeller,Corporate,United States,Milwaukee,Wisconsin,53209,Central,FUR-CH-10002880,Furniture,Chairs,"Global High-Back Leather Tilter, Burgundy",368.96999999999997,3,0.0,40.58669999999998
3391,CA-2014-101077,2016-03-25,2016-03-30,Second Class,DB-13660,Duane Benoit,Consumer,United States,Dallas,Texas,75081,Central,OFF-PA-10004239,Office Supplies,Paper,Xerox 1953,6.848000000000001,2,0.2,2.1399999999999992
5638,CA-2014-113208,2016-03-26,2016-04-02,Standard Class,ML-18040,Michelle Lonsdale,Corporate,United States,Dearborn,Michigan,48126,Central,FUR-FU-10004245,Furniture,Furnishings,"Career Cubicle Clock, 8 1/4"", Black",60.84,3,0.0,23.1192
7173,US-2014-141677,2016-03-26,2016-03-30,Standard Class,HK-14890,Heather Kirkland,Corporate,United States,Houston,Texas,77070,Central,TEC-AC-10000158,Technology,Accessories,Sony 64GB Class 10 Micro SDHC R40 Memory Card,143.96,5,0.2,1.7995000000000019
7174,US-2014-141677,2016-03-26,2016-03-30,Standard Class,HK-14890,Heather Kirkland,Corporate,United States,Houston,Texas,77070,Central,TEC-CO-10002313,Technology,Copiers,Canon PC1080F Personal Copier,2399.96,5,0.2,569.9905000000001
7175,US-2014-141677,2016-03-26,2016-03-30,Standard Class,HK-14890,Heather Kirkland,Corporate,United States,Houston,Texas,77070,Central,OFF-PA-10002581,Office Supplies,Paper,Xerox 1951,74.352,3,0.2,23.234999999999992
7176,US-2014-141677,2016-03-26,2016-03-30,Standard Class,HK-14890,Heather Kirkland,Corporate,United States,Houston,Texas,77070,Central,OFF-AP-10001205,Office Supplies,Appliances,Belkin 5 Outlet SurgeMaster Power Centers,87.16799999999998,8,0.8,-226.6368
7177,US-2014-141677,2016-03-26,2016-03-30,Standard Class,HK-14890,Heather Kirkland,Corporate,United States,Houston,Texas,77070,Central,OFF-ST-10000344,Office Supplies,Storage,"Neat Ideas Personal Hanging Folder Files, Black",32.232,3,0.2,2.417399999999999
9788,CA-2014-144491,2016-03-27,2016-04-01,Standard Class,CJ-12010,Caroline Jumper,Consumer,United States,Houston,Texas,77070,Central,FUR-BO-10001811,Furniture,Bookcases,"Atlantic Metals Mobile 5-Shelf Bookcases, Custom Colors",1023.3319999999999,5,0.32,-30.098000000000127
9789,CA-2014-144491,2016-03-27,2016-04-01,Standard Class,CJ-12010,Caroline Jumper,Consumer,United States,Houston,Texas,77070,Central,FUR-CH-10004063,Furniture,Chairs,Global Deluxe High-Back Manager's Chair,600.558,3,0.3,-8.579400000000078
9790,CA-2014-144491,2016-03-27,2016-04-01,Standard Class,CJ-12010,Caroline Jumper,Consumer,United States,Houston,Texas,77070,Central,TEC-AC-10004901,Technology,Accessories,Kensington SlimBlade Notebook Wireless Mouse with Nano Receiver ,39.992000000000004,1,0.2,6.9986
9791,CA-2014-144491,2016-03-27,2016-04-01,Standard Class,CJ-12010,Caroline Jumper,Consumer,United States,Houston,Texas,77070,Central,FUR-CH-10001714,Furniture,Chairs,"Global Leather & Oak Executive Chair, Burgundy",211.24599999999998,2,0.3,-66.39159999999998
5720,CA-2014-126550,2016-03-29,2016-04-02,Second Class,RD-19720,Roger Demir,Consumer,United States,Lafayette,Indiana,47905,Central,OFF-ST-10001031,Office Supplies,Storage,Adjustable Personal File Tote,81.4,5,0.0,21.164000000000005
4543,CA-2014-113474,2016-03-30,2016-03-31,First Class,TM-21490,Tony Molinari,Consumer,United States,Oklahoma City,Oklahoma,73120,Central,OFF-EN-10004206,Office Supplies,Envelopes,Multimedia Mailers,325.86,2,0.0,149.8956
469,CA-2014-154907,2016-03-31,2016-04-04,Standard Class,DS-13180,David Smith,Corporate,United States,Amarillo,Texas,79109,Central,FUR-BO-10002824,Furniture,Bookcases,Bush Mission Pointe Library,205.33279999999996,2,0.32,-36.235200000000006
3243,CA-2014-114524,2016-03-31,2016-04-05,Second Class,EG-13900,Emily Grady,Consumer,United States,Chicago,Illinois,60623,Central,OFF-BI-10002799,Office Supplies,Binders,"SlimView Poly Binder, 3/8""",13.467999999999998,13,0.8,-22.895600000000005
6562,CA-2014-144680,2016-03-31,2016-04-02,First Class,SC-20260,Scott Cohen,Corporate,United States,Arlington,Texas,76017,Central,OFF-AP-10003040,Office Supplies,Appliances,Fellowes 8 Outlet Superior Workstation Surge Protector w/o Phone/Fax/Modem Protection,33.61999999999999,5,0.8,-90.77400000000003
2402,CA-2014-145877,2016-04-01,2016-04-04,Second Class,AS-10090,Adam Shillingsburg,Consumer,United States,Springfield,Missouri,65807,Central,OFF-ST-10000649,Office Supplies,Storage,Hanging Personal Folder File,94.19999999999999,6,0.0,23.550000000000004
2403,CA-2014-145877,2016-04-01,2016-04-04,Second Class,AS-10090,Adam Shillingsburg,Consumer,United States,Springfield,Missouri,65807,Central,OFF-EN-10001990,Office Supplies,Envelopes,Staple envelope,28.4,5,0.0,13.347999999999997
3725,CA-2014-127264,2016-04-03,2016-04-05,First Class,SA-20830,Sue Ann Reed,Consumer,United States,Chicago,Illinois,60653,Central,OFF-AR-10003045,Office Supplies,Art,Prang Colored Pencils,7.055999999999999,3,0.2,2.205
6190,CA-2014-157903,2016-04-04,2016-04-08,Standard Class,AM-10705,Anne McFarland,Consumer,United States,Des Plaines,Illinois,60016,Central,TEC-PH-10004345,Technology,Phones,Cisco SPA 502G IP Phone,383.84000000000003,4,0.2,47.97999999999999
8416,CA-2014-107265,2016-04-06,2016-04-12,Standard Class,ML-17755,Max Ludwig,Home Office,United States,Marion,Iowa,52302,Central,OFF-PA-10000474,Office Supplies,Paper,Easy-staple paper,106.32,3,0.0,49.97039999999999
5371,US-2014-136721,2016-04-08,2016-04-12,Standard Class,NH-18610,Nicole Hansen,Corporate,United States,Oak Park,Michigan,48237,Central,FUR-FU-10004665,Furniture,Furnishings,"3M Polarizing Task Lamp with Clamp Arm, Light Gray",273.96,2,0.0,71.2296
5372,US-2014-136721,2016-04-08,2016-04-12,Standard Class,NH-18610,Nicole Hansen,Corporate,United States,Oak Park,Michigan,48237,Central,FUR-FU-10004188,Furniture,Furnishings,Luxo Professional Combination Clamp-On Lamps,306.9,3,0.0,79.794
4418,CA-2014-112900,2016-04-09,2016-04-12,Second Class,KL-16645,Ken Lonsdale,Consumer,United States,Detroit,Michigan,48205,Central,OFF-BI-10002867,Office Supplies,Binders,GBC Recycled Regency Composition Covers,478.24,8,0.0,219.99039999999997
3503,CA-2014-125115,2016-04-10,2016-04-10,Same Day,RD-19930,Russell D'Ascenzo,Consumer,United States,Austin,Texas,78745,Central,OFF-PA-10004101,Office Supplies,Paper,Xerox 1894,10.368000000000002,2,0.2,3.6288
3504,CA-2014-125115,2016-04-10,2016-04-10,Same Day,RD-19930,Russell D'Ascenzo,Consumer,United States,Austin,Texas,78745,Central,TEC-AC-10001714,Technology,Accessories,Logitech MX Performance Wireless Mouse,95.736,3,0.2,20.3439
2005,US-2014-143028,2016-04-11,2016-04-18,Standard Class,SC-20050,Sample Company A,Home Office,United States,Lubbock,Texas,79424,Central,OFF-BI-10004738,Office Supplies,Binders,Flexible Leather- Look Classic Collection Ring Binder,11.363999999999997,3,0.8,-17.046
2663,CA-2014-159604,2016-04-14,2016-04-15,First Class,CL-12700,Craig Leslie,Home Office,United States,Springfield,Missouri,65807,Central,OFF-BI-10003460,Office Supplies,Binders,Acco 3-Hole Punch,8.76,2,0.0,4.2048
5953,US-2014-141698,2016-04-15,2016-04-21,Standard Class,SD-20485,Shirley Daniels,Home Office,United States,Houston,Texas,77041,Central,OFF-PA-10001826,Office Supplies,Paper,Xerox 207,20.736000000000004,4,0.2,7.2576
1521,CA-2014-109946,2016-04-16,2016-04-21,Standard Class,PL-18925,Paul Lucas,Home Office,United States,Chicago,Illinois,60610,Central,OFF-AR-10001419,Office Supplies,Art,Newell 325,16.520000000000003,5,0.2,2.0649999999999986
3232,US-2014-156356,2016-04-16,2016-04-22,Standard Class,ND-18370,Natalie DeCherney,Consumer,United States,Houston,Texas,77095,Central,OFF-BI-10000632,Office Supplies,Binders,Satellite Sectional Post Binders,26.045999999999992,3,0.8,-44.2782
3233,US-2014-156356,2016-04-16,2016-04-22,Standard Class,ND-18370,Natalie DeCherney,Consumer,United States,Houston,Texas,77095,Central,OFF-BI-10001107,Office Supplies,Binders,"GBC White Gloss Covers, Plain Front",2.8959999999999995,1,0.8,-4.778400000000001
3234,US-2014-156356,2016-04-16,2016-04-22,Standard Class,ND-18370,Natalie DeCherney,Consumer,United States,Houston,Texas,77095,Central,OFF-ST-10002301,Office Supplies,Storage,Tennsco Commercial Shelving,32.544000000000004,2,0.2,-7.729200000000004
9588,US-2014-129203,2016-04-17,2016-04-22,Standard Class,BM-11575,Brendan Murry,Corporate,United States,Chicago,Illinois,60653,Central,OFF-ST-10001418,Office Supplies,Storage,Carina Media Storage Towers in Natural & Black,195.136,4,0.2,-43.9056
2239,CA-2014-166849,2016-04-20,2016-04-26,Standard Class,SJ-20125,Sanjit Jacobs,Home Office,United States,Chicago,Illinois,60610,Central,FUR-FU-10004597,Furniture,Furnishings,Eldon Cleatmat Chair Mats for Medium Pile Carpets,44.400000000000006,2,0.6,-52.16999999999999
6766,CA-2014-100615,2016-04-20,2016-04-24,Standard Class,SJ-20215,Sarah Jordon,Consumer,United States,Chicago,Illinois,60653,Central,FUR-CH-10002602,Furniture,Chairs,DMI Arturo Collection Mission-style Design Wood Chair,317.058,3,0.3,-18.117599999999996
6767,CA-2014-100615,2016-04-20,2016-04-24,Standard Class,SJ-20215,Sarah Jordon,Consumer,United States,Chicago,Illinois,60653,Central,OFF-AR-10001683,Office Supplies,Art,Lumber Crayons,15.76,2,0.2,3.5460000000000007
6768,CA-2014-100615,2016-04-20,2016-04-24,Standard Class,SJ-20215,Sarah Jordon,Consumer,United States,Chicago,Illinois,60653,Central,FUR-FU-10002456,Furniture,Furnishings,"Master Caster Door Stop, Large Neon Orange",14.560000000000002,5,0.6,-6.187999999999999
7595,CA-2014-119655,2016-04-20,2016-04-24,Standard Class,CV-12295,Christina VanderZanden,Consumer,United States,Detroit,Michigan,48234,Central,OFF-BI-10001989,Office Supplies,Binders,Premium Transparent Presentation Covers by GBC,146.86,7,0.0,70.49279999999999
7596,CA-2014-119655,2016-04-20,2016-04-24,Standard Class,CV-12295,Christina VanderZanden,Consumer,United States,Detroit,Michigan,48234,Central,OFF-BI-10001036,Office Supplies,Binders,Cardinal EasyOpen D-Ring Binders,36.56,4,0.0,18.28
177,US-2014-152366,2016-04-21,2016-04-25,Second Class,SJ-20500,Shirley Jackson,Consumer,United States,Houston,Texas,77036,Central,OFF-AP-10002684,Office Supplies,Appliances,"Acco 7-Outlet Masterpiece Power Center, Wihtout Fax/Phone Line Protection",97.26399999999998,4,0.8,-243.16000000000008
1103,US-2014-145863,2016-04-21,2016-04-27,Standard Class,RP-19390,Resi Pölking,Consumer,United States,Houston,Texas,77041,Central,OFF-BI-10004140,Office Supplies,Binders,Avery Non-Stick Binders,2.6939999999999995,3,0.8,-4.714500000000003
1104,US-2014-145863,2016-04-21,2016-04-27,Standard Class,RP-19390,Resi Pölking,Consumer,United States,Houston,Texas,77041,Central,OFF-BI-10002049,Office Supplies,Binders,UniKeep View Case Binders,2.9339999999999993,3,0.8,-4.987800000000002
7567,CA-2014-140802,2016-04-21,2016-04-23,First Class,KN-16390,Katherine Nockton,Corporate,United States,Houston,Texas,77070,Central,TEC-AC-10001998,Technology,Accessories,Logitech LS21 Speaker System - PC Multimedia - 2.1-CH - Wired,47.976,3,0.2,8.395799999999994
7568,CA-2014-140802,2016-04-21,2016-04-23,First Class,KN-16390,Katherine Nockton,Corporate,United States,Houston,Texas,77070,Central,OFF-PA-10001534,Office Supplies,Paper,Xerox 230,20.736000000000004,4,0.2,7.2576
3867,CA-2014-146360,2016-04-23,2016-04-25,Second Class,SC-20305,Sean Christensen,Consumer,United States,Lawrence,Indiana,46226,Central,TEC-AC-10003590,Technology,Accessories,"TRENDnet 56K USB 2.0 Phone, Internet and Fax Modem",155.34,6,0.0,55.922399999999996
8200,CA-2014-125269,2016-04-24,2016-04-30,Standard Class,AF-10870,Art Ferguson,Consumer,United States,Chicago,Illinois,60610,Central,OFF-BI-10001628,Office Supplies,Binders,"Acco Data Flex Cable Posts For Top & Bottom Load Binders, 6"" Capacity",10.429999999999996,5,0.8,-18.2525
8201,CA-2014-125269,2016-04-24,2016-04-30,Standard Class,AF-10870,Art Ferguson,Consumer,United States,Chicago,Illinois,60610,Central,OFF-ST-10004123,Office Supplies,Storage,Safco Industrial Wire Shelving System,72.784,1,0.2,-18.196
1359,CA-2014-160045,2016-04-26,2016-04-27,First Class,LB-16735,Larry Blacks,Consumer,United States,Fort Worth,Texas,76106,Central,FUR-FU-10000010,Furniture,Furnishings,"DAX Value U-Channel Document Frames, Easel Back",1.988,1,0.6,-1.4413
3098,CA-2014-135692,2016-04-27,2016-05-01,Standard Class,CV-12805,Cynthia Voltz,Corporate,United States,Fort Worth,Texas,76106,Central,OFF-LA-10001158,Office Supplies,Labels,"Avery Address/Shipping Labels for Typewriters, 4"" x 2""",33.12,4,0.2,11.592
3099,CA-2014-135692,2016-04-27,2016-05-01,Standard Class,CV-12805,Cynthia Voltz,Corporate,United States,Fort Worth,Texas,76106,Central,FUR-BO-10002268,Furniture,Bookcases,Sauder Barrister Bookcases,220.26559999999998,4,0.32,-42.1096
4758,US-2014-144582,2016-04-30,2016-05-05,Standard Class,TC-21475,Tony Chapman,Home Office,United States,Danville,Illinois,61832,Central,OFF-BI-10001575,Office Supplies,Binders,GBC Linen Binding Covers,43.37199999999999,7,0.8,-69.39520000000003
1971,CA-2014-140242,2016-05-06,2016-05-11,Standard Class,ML-17755,Max Ludwig,Home Office,United States,Chicago,Illinois,60623,Central,OFF-AR-10004752,Office Supplies,Art,Blackstonian Pencils,6.408,3,0.2,0.6407999999999998
1972,CA-2014-140242,2016-05-06,2016-05-11,Standard Class,ML-17755,Max Ludwig,Home Office,United States,Chicago,Illinois,60623,Central,TEC-AC-10004659,Technology,Accessories,Imation Secure+ Hardware Encrypted USB 2.0 Flash Drive; 16GB,408.74399999999997,7,0.2,76.63949999999998
4669,US-2014-133200,2016-05-06,2016-05-11,Standard Class,DB-13555,Dorothy Badders,Corporate,United States,Fort Worth,Texas,76106,Central,OFF-BI-10002827,Office Supplies,Binders,Avery Durable Poly Binders,11.059999999999999,10,0.8,-18.802
4670,US-2014-133200,2016-05-06,2016-05-11,Standard Class,DB-13555,Dorothy Badders,Corporate,United States,Fort Worth,Texas,76106,Central,FUR-BO-10001601,Furniture,Bookcases,"Sauder Mission Library with Doors, Fruitwood Finish",623.4648,7,0.32,-119.19180000000006
4671,US-2014-133200,2016-05-06,2016-05-11,Standard Class,DB-13555,Dorothy Badders,Corporate,United States,Fort Worth,Texas,76106,Central,OFF-ST-10001932,Office Supplies,Storage,Fellowes Staxonsteel Drawer Files,772.6800000000001,5,0.2,-57.95099999999999
9923,US-2014-162124,2016-05-06,2016-05-10,Standard Class,JF-15490,Jeremy Farry,Consumer,United States,Chicago,Illinois,60653,Central,TEC-AC-10001990,Technology,Accessories,Kensington Orbit Wireless Mobile Trackball for PC and Mac,191.96800000000002,4,0.2,28.79519999999998
3828,CA-2014-141733,2016-05-07,2016-05-11,Standard Class,RW-19540,Rick Wilson,Corporate,United States,Detroit,Michigan,48234,Central,FUR-CH-10004086,Furniture,Chairs,Hon 4070 Series Pagoda Armless Upholstered Stacking Chairs,1458.65,5,0.0,423.00849999999997
3829,CA-2014-141733,2016-05-07,2016-05-11,Standard Class,RW-19540,Rick Wilson,Corporate,United States,Detroit,Michigan,48234,Central,FUR-CH-10002017,Furniture,Chairs,SAFCO Optional Arm Kit for Workspace Cribbage Stacking Chair,26.64,1,0.0,7.459199999999999
3830,CA-2014-141733,2016-05-07,2016-05-11,Standard Class,RW-19540,Rick Wilson,Corporate,United States,Detroit,Michigan,48234,Central,FUR-CH-10000595,Furniture,Chairs,Safco Contoured Stacking Chairs,476.8,2,0.0,119.19999999999999
3831,CA-2014-141733,2016-05-07,2016-05-11,Standard Class,RW-19540,Rick Wilson,Corporate,United States,Detroit,Michigan,48234,Central,OFF-AP-10001563,Office Supplies,Appliances,Belkin Premiere Surge Master II 8-outlet surge protector,87.444,2,0.1,18.460399999999986
9601,CA-2014-107797,2016-05-08,2016-05-11,Second Class,EB-13705,Ed Braxton,Corporate,United States,Mansfield,Texas,76063,Central,OFF-PA-10003848,Office Supplies,Paper,Xerox 1997,41.47200000000001,8,0.2,14.5152
4700,CA-2014-140298,2016-05-11,2016-05-17,Standard Class,JK-16120,Julie Kriz,Home Office,United States,Austin,Texas,78745,Central,OFF-AR-10003481,Office Supplies,Art,Newell 348,5.248,2,0.2,0.5903999999999991
4701,CA-2014-140298,2016-05-11,2016-05-17,Standard Class,JK-16120,Julie Kriz,Home Office,United States,Austin,Texas,78745,Central,OFF-ST-10004180,Office Supplies,Storage,Safco Commercial Shelving,74.416,2,0.2,-14.883200000000002
4702,CA-2014-140298,2016-05-11,2016-05-17,Standard Class,JK-16120,Julie Kriz,Home Office,United States,Austin,Texas,78745,Central,OFF-PA-10003657,Office Supplies,Paper,Xerox 1927,6.848000000000001,2,0.2,2.1399999999999992
4703,CA-2014-140298,2016-05-11,2016-05-17,Standard Class,JK-16120,Julie Kriz,Home Office,United States,Austin,Texas,78745,Central,FUR-FU-10001967,Furniture,Furnishings,Telescoping Adjustable Floor Lamp,7.9959999999999996,1,0.6,-6.996499999999999
1857,US-2014-158218,2016-05-12,2016-05-15,Second Class,AC-10420,Alyssa Crouse,Corporate,United States,Houston,Texas,77041,Central,OFF-ST-10000563,Office Supplies,Storage,Fellowes Bankers Box Stor/Drawer Steel Plus,127.92000000000002,5,0.2,-15.990000000000002
1858,US-2014-158218,2016-05-12,2016-05-15,Second Class,AC-10420,Alyssa Crouse,Corporate,United States,Houston,Texas,77041,Central,OFF-BI-10002133,Office Supplies,Binders,"Wilson Jones Elliptical Ring 3 1/2"" Capacity Binders, 800 sheets",34.23999999999999,4,0.8,-53.07200000000002
2595,CA-2014-149048,2016-05-13,2016-05-17,Standard Class,BM-11650,Brian Moss,Corporate,United States,Columbus,Indiana,47201,Central,OFF-EN-10003296,Office Supplies,Envelopes,Tyvek Side-Opening Peel & Seel Expanding Envelopes,180.96,2,0.0,81.432
2596,CA-2014-149048,2016-05-13,2016-05-17,Standard Class,BM-11650,Brian Moss,Corporate,United States,Columbus,Indiana,47201,Central,OFF-BI-10004632,Office Supplies,Binders,Ibico Hi-Tech Manual Binding System,914.97,3,0.0,411.7365
2597,CA-2014-149048,2016-05-13,2016-05-17,Standard Class,BM-11650,Brian Moss,Corporate,United States,Columbus,Indiana,47201,Central,TEC-PH-10002310,Technology,Phones,Plantronics Calisto P620-M USB Wireless Speakerphone System,587.97,3,0.0,158.75190000000003
2598,CA-2014-149048,2016-05-13,2016-05-17,Standard Class,BM-11650,Brian Moss,Corporate,United States,Columbus,Indiana,47201,Central,OFF-ST-10000078,Office Supplies,Storage,Tennsco 6- and 18-Compartment Lockers,530.34,2,0.0,95.46119999999996
2599,CA-2014-149048,2016-05-13,2016-05-17,Standard Class,BM-11650,Brian Moss,Corporate,United States,Columbus,Indiana,47201,Central,OFF-PA-10001752,Office Supplies,Paper,Hammermill CopyPlus Copy Paper (20Lb. and 84 Bright),14.940000000000001,3,0.0,7.320600000000001
6408,CA-2014-161774,2016-05-14,2016-05-15,First Class,GT-14710,Greg Tran,Consumer,United States,Houston,Texas,77041,Central,FUR-CH-10003981,Furniture,Chairs,Global Commerce Series Low-Back Swivel/Tilt Chairs,899.43,5,0.3,-12.84900000000016
6409,CA-2014-161774,2016-05-14,2016-05-15,First Class,GT-14710,Greg Tran,Consumer,United States,Houston,Texas,77041,Central,OFF-AR-10001446,Office Supplies,Art,Newell 309,46.2,5,0.2,5.774999999999999
6410,CA-2014-161774,2016-05-14,2016-05-15,First Class,GT-14710,Greg Tran,Consumer,United States,Houston,Texas,77041,Central,OFF-PA-10000300,Office Supplies,Paper,Xerox 1936,47.952000000000005,3,0.2,16.183799999999998
6411,CA-2014-161774,2016-05-14,2016-05-15,First Class,GT-14710,Greg Tran,Consumer,United States,Houston,Texas,77041,Central,TEC-PH-10004071,Technology,Phones,PayAnywhere Card Reader,7.992000000000001,1,0.2,0.6993
6412,CA-2014-161774,2016-05-14,2016-05-15,First Class,GT-14710,Greg Tran,Consumer,United States,Houston,Texas,77041,Central,OFF-PA-10003134,Office Supplies,Paper,Xerox 1937,76.864,2,0.2,26.902399999999993
5510,US-2014-152569,2016-05-15,2016-05-20,Standard Class,JD-16015,Joy Daniels,Consumer,United States,Chicago,Illinois,60653,Central,OFF-PA-10001736,Office Supplies,Paper,Xerox 1880,56.704,2,0.2,19.137599999999992
5511,US-2014-152569,2016-05-15,2016-05-20,Standard Class,JD-16015,Joy Daniels,Consumer,United States,Chicago,Illinois,60653,Central,TEC-PH-10002185,Technology,Phones,QVS USB Car Charger 2-Port 2.1Amp for iPod/iPhone/iPad/iPad 2/iPad 3,11.120000000000001,2,0.2,3.4749999999999996
4187,CA-2014-112536,2016-05-18,2016-05-23,Standard Class,SG-20890,Susan Gilcrest,Corporate,United States,Mcallen,Texas,78501,Central,OFF-BI-10003712,Office Supplies,Binders,"Acco Pressboard Covers with Storage Hooks, 14 7/8"" x 11"", Light Blue",6.873999999999999,7,0.8,-10.654700000000002
4188,CA-2014-112536,2016-05-18,2016-05-23,Standard Class,SG-20890,Susan Gilcrest,Corporate,United States,Mcallen,Texas,78501,Central,OFF-BI-10002571,Office Supplies,Binders,"Avery Framed View Binder, EZD Ring (Locking), Navy, 1 1/2""",1.9959999999999996,1,0.8,-3.293400000000001
4189,CA-2014-112536,2016-05-18,2016-05-23,Standard Class,SG-20890,Susan Gilcrest,Corporate,United States,Mcallen,Texas,78501,Central,OFF-ST-10004835,Office Supplies,Storage,Plastic Stacking Crates & Casters,8.928,2,0.2,0.6696
5222,CA-2014-117401,2016-05-18,2016-05-22,Second Class,PP-18955,Paul Prost,Home Office,United States,Springfield,Missouri,65807,Central,OFF-AP-10000938,Office Supplies,Appliances,Avanti 1.7 Cu. Ft. Refrigerator,706.86,7,0.0,197.92079999999999
5223,CA-2014-117401,2016-05-18,2016-05-22,Second Class,PP-18955,Paul Prost,Home Office,United States,Springfield,Missouri,65807,Central,TEC-PH-10003555,Technology,Phones,Motorola HK250 Universal Bluetooth Headset,114.94999999999999,5,0.0,2.2990000000000066
5224,CA-2014-117401,2016-05-18,2016-05-22,Second Class,PP-18955,Paul Prost,Home Office,United States,Springfield,Missouri,65807,Central,OFF-BI-10001267,Office Supplies,Binders,"Universal Recycled Hanging Pressboard Report Binders, Letter Size",43.19,7,0.0,20.731199999999998
8183,CA-2014-155642,2016-05-18,2016-05-22,Standard Class,BM-11575,Brendan Murry,Corporate,United States,Chicago,Illinois,60653,Central,FUR-FU-10004973,Furniture,Furnishings,Flat Face Poster Frame,22.608,3,0.6,-10.173599999999997
8184,CA-2014-155642,2016-05-18,2016-05-22,Standard Class,BM-11575,Brendan Murry,Corporate,United States,Chicago,Illinois,60653,Central,FUR-FU-10001918,Furniture,Furnishings,C-Line Cubicle Keepers Polyproplyene Holder With Velcro Backings,1.8920000000000003,1,0.6,-0.9932999999999996
5454,US-2014-108700,2016-05-19,2016-05-23,Standard Class,PJ-18835,Patrick Jones,Corporate,United States,Rockford,Illinois,61107,Central,OFF-PA-10004733,Office Supplies,Paper,Things To Do Today Spiral Book,38.016000000000005,6,0.2,13.780799999999996
5939,CA-2014-122077,2016-05-19,2016-05-25,Standard Class,JF-15295,Jason Fortune-,Consumer,United States,Plano,Texas,75023,Central,TEC-PH-10003811,Technology,Phones,Jabra Supreme Plus Driver Edition Headset,95.992,1,0.2,9.5992
5940,CA-2014-122077,2016-05-19,2016-05-25,Standard Class,JF-15295,Jason Fortune-,Consumer,United States,Plano,Texas,75023,Central,OFF-LA-10004178,Office Supplies,Labels,Avery 491,13.216000000000001,4,0.2,4.2951999999999995
4363,CA-2014-111332,2016-05-20,2016-05-22,Second Class,NC-18340,Nat Carroll,Consumer,United States,Fargo,North Dakota,58103,Central,OFF-AR-10001953,Office Supplies,Art,Boston 1645 Deluxe Heavier-Duty Electric Pencil Sharpener,131.94,3,0.0,35.6238
4364,CA-2014-111332,2016-05-20,2016-05-22,Second Class,NC-18340,Nat Carroll,Consumer,United States,Fargo,North Dakota,58103,Central,OFF-AR-10001374,Office Supplies,Art,"BIC Brite Liner Highlighters, Chisel Tip",25.92,4,0.0,8.2944
4365,CA-2014-111332,2016-05-20,2016-05-22,Second Class,NC-18340,Nat Carroll,Consumer,United States,Fargo,North Dakota,58103,Central,OFF-ST-10003816,Office Supplies,Storage,Fellowes High-Stak Drawer Files,704.76,4,0.0,162.09479999999996
4366,CA-2014-111332,2016-05-20,2016-05-22,Second Class,NC-18340,Nat Carroll,Consumer,United States,Fargo,North Dakota,58103,Central,OFF-FA-10001843,Office Supplies,Fasteners,Staples,7.41,3,0.0,3.4827000000000004
4367,CA-2014-111332,2016-05-20,2016-05-22,Second Class,NC-18340,Nat Carroll,Consumer,United States,Fargo,North Dakota,58103,Central,OFF-AR-10000657,Office Supplies,Art,"Binney & Smith inkTank Desk Highlighter, Chisel Tip, Yellow, 12/Box",21.5,10,0.0,7.094999999999998
6907,CA-2014-149468,2016-05-20,2016-05-20,Same Day,AR-10405,Allen Rosenblatt,Corporate,United States,Trenton,Michigan,48183,Central,OFF-BI-10002225,Office Supplies,Binders,"Square Ring Data Binders, Rigid 75 Pt. Covers, 11"" x 14-7/8""",41.28,2,0.0,19.8144
5540,US-2014-150595,2016-05-22,2016-05-26,Standard Class,LE-16810,Laurel Elliston,Consumer,United States,Chicago,Illinois,60653,Central,FUR-CH-10000513,Furniture,Chairs,High-Back Leather Manager's Chair,181.986,2,0.3,-54.5958
5541,US-2014-150595,2016-05-22,2016-05-26,Standard Class,LE-16810,Laurel Elliston,Consumer,United States,Chicago,Illinois,60653,Central,OFF-BI-10003274,Office Supplies,Binders,"Avery Durable Slant Ring Binders, No Labels",1.5919999999999996,2,0.8,-2.6268000000000002
5542,US-2014-150595,2016-05-22,2016-05-26,Standard Class,LE-16810,Laurel Elliston,Consumer,United States,Chicago,Illinois,60653,Central,OFF-SU-10000381,Office Supplies,Supplies,Acme Forged Steel Scissors with Black Enamel Handles,22.344,3,0.2,2.5136999999999983
4872,CA-2014-164042,2016-05-23,2016-05-27,Standard Class,KL-16645,Ken Lonsdale,Consumer,United States,Houston,Texas,77095,Central,OFF-FA-10000840,Office Supplies,Fasteners,OIC Thumb-Tacks,1.8239999999999998,2,0.2,0.6155999999999999
4873,CA-2014-164042,2016-05-23,2016-05-27,Standard Class,KL-16645,Ken Lonsdale,Consumer,United States,Houston,Texas,77095,Central,OFF-AP-10001947,Office Supplies,Appliances,Acco 6 Outlet Guardian Premium Plus Surge Suppressor,18.319999999999997,5,0.8,-46.71600000000001
4874,CA-2014-164042,2016-05-23,2016-05-27,Standard Class,KL-16645,Ken Lonsdale,Consumer,United States,Houston,Texas,77095,Central,OFF-ST-10002301,Office Supplies,Storage,Tennsco Commercial Shelving,48.816,3,0.2,-11.593800000000005
4875,CA-2014-164042,2016-05-23,2016-05-27,Standard Class,KL-16645,Ken Lonsdale,Consumer,United States,Houston,Texas,77095,Central,OFF-BI-10001922,Office Supplies,Binders,Storex Dura Pro Binders,1.1879999999999997,1,0.8,-1.9602000000000008
9128,CA-2014-112473,2016-05-25,2016-06-01,Standard Class,JL-15505,Jeremy Lonsdale,Consumer,United States,Houston,Texas,77070,Central,OFF-ST-10002182,Office Supplies,Storage,"Iris 3-Drawer Stacking Bin, Black",50.135999999999996,3,0.2,-11.2806
9448,CA-2014-136882,2016-05-27,2016-06-03,Standard Class,DN-13690,Duane Noonan,Consumer,United States,Tulsa,Oklahoma,74133,Central,FUR-FU-10003664,Furniture,Furnishings,"Electrix Architect's Clamp-On Swing Arm Lamp, Black",477.29999999999995,5,0.0,138.41699999999997
2434,US-2014-112613,2016-05-28,2016-06-01,Standard Class,JH-15910,Jonathan Howell,Consumer,United States,Houston,Texas,77070,Central,TEC-PH-10001536,Technology,Phones,Spigen Samsung Galaxy S5 Case Wallet,54.367999999999995,4,0.2,4.077599999999997
8457,US-2014-118556,2016-05-28,2016-06-02,Second Class,TH-21235,Tiffany House,Corporate,United States,Chicago,Illinois,60653,Central,FUR-CH-10001146,Furniture,Chairs,"Global Task Chair, Black",106.869,3,0.3,-29.007299999999994
8458,US-2014-118556,2016-05-28,2016-06-02,Second Class,TH-21235,Tiffany House,Corporate,United States,Chicago,Illinois,60653,Central,OFF-BI-10004364,Office Supplies,Binders,Storex Dura Pro Binders,3.563999999999999,3,0.8,-6.237000000000002
371,CA-2014-104745,2016-05-29,2016-06-04,Standard Class,GT-14755,Guy Thornton,Consumer,United States,Harlingen,Texas,78550,Central,OFF-PA-10002036,Office Supplies,Paper,Xerox 1930,25.920000000000005,5,0.2,9.396
372,CA-2014-104745,2016-05-29,2016-06-04,Standard Class,GT-14755,Guy Thornton,Consumer,United States,Harlingen,Texas,78550,Central,OFF-ST-10002205,Office Supplies,Storage,File Shuttle I and Handi-File,53.42400000000001,3,0.2,4.674600000000002
3404,CA-2014-168739,2016-05-29,2016-06-05,Standard Class,HZ-14950,Henia Zydlo,Consumer,United States,Houston,Texas,77095,Central,FUR-FU-10003919,Furniture,Furnishings,Eldon Executive Woodline II Cherry Finish Desk Accessories,65.424,4,0.6,-52.33919999999999
3717,CA-2014-144568,2016-05-29,2016-06-02,Standard Class,JO-15550,Jesus Ocampo,Home Office,United States,Omaha,Nebraska,68104,Central,OFF-FA-10004395,Office Supplies,Fasteners,Plymouth Boxed Rubber Bands by Plymouth,23.55,5,0.0,1.1775000000000002
6248,CA-2014-121580,2016-05-29,2016-06-04,Standard Class,ML-17410,Maris LaWare,Consumer,United States,Columbus,Indiana,47201,Central,OFF-BI-10000632,Office Supplies,Binders,Satellite Sectional Post Binders,43.41,1,0.0,19.9686
6249,CA-2014-121580,2016-05-29,2016-06-04,Standard Class,ML-17410,Maris LaWare,Consumer,United States,Columbus,Indiana,47201,Central,FUR-FU-10003981,Furniture,Furnishings,Eldon Wave Desk Accessories,6.24,3,0.0,2.6208000000000005
6250,CA-2014-121580,2016-05-29,2016-06-04,Standard Class,ML-17410,Maris LaWare,Consumer,United States,Columbus,Indiana,47201,Central,OFF-AP-10001564,Office Supplies,Appliances,Hoover Commercial Lightweight Upright Vacuum with E-Z Empty Dirt Cup,465.16,2,0.0,120.9416
6251,CA-2014-121580,2016-05-29,2016-06-04,Standard Class,ML-17410,Maris LaWare,Consumer,United States,Columbus,Indiana,47201,Central,OFF-PA-10004082,Office Supplies,Paper,"Adams Telephone Message Book w/Frequently-Called Numbers Space, 400 Messages per Book",7.98,1,0.0,3.99
9513,CA-2014-142461,2016-05-30,2016-06-03,Second Class,KT-16480,Kean Thornton,Consumer,United States,Dallas,Texas,75217,Central,FUR-BO-10001811,Furniture,Bookcases,"Atlantic Metals Mobile 5-Shelf Bookcases, Custom Colors",204.66639999999998,1,0.32,-6.019600000000025
7660,CA-2014-146493,2016-06-01,2016-06-05,Standard Class,CV-12805,Cynthia Voltz,Corporate,United States,Fremont,Nebraska,68025,Central,OFF-BI-10003676,Office Supplies,Binders,"GBC Standard Recycled Report Covers, Clear Plastic Sheets",53.9,5,0.0,25.871999999999996
9948,CA-2014-121559,2016-06-01,2016-06-03,Second Class,HW-14935,Helen Wasserman,Corporate,United States,Indianapolis,Indiana,46203,Central,FUR-CH-10003746,Furniture,Chairs,Hon 4070 Series Pagoda Round Back Stacking Chairs,1925.88,6,0.0,539.2464
9949,CA-2014-121559,2016-06-01,2016-06-03,Second Class,HW-14935,Helen Wasserman,Corporate,United States,Indianapolis,Indiana,46203,Central,OFF-AP-10002945,Office Supplies,Appliances,Honeywell Enviracaire Portable HEPA Air Cleaner for 17' x 22' Room,2405.2,8,0.0,793.7159999999999
9950,CA-2014-121559,2016-06-01,2016-06-03,Second Class,HW-14935,Helen Wasserman,Corporate,United States,Indianapolis,Indiana,46203,Central,TEC-AC-10004568,Technology,Accessories,Maxell LTO Ultrium - 800 GB,83.97,3,0.0,15.954299999999993
9951,CA-2014-121559,2016-06-01,2016-06-03,Second Class,HW-14935,Helen Wasserman,Corporate,United States,Indianapolis,Indiana,46203,Central,TEC-AC-10001714,Technology,Accessories,Logitech MX Performance Wireless Mouse,39.89,1,0.0,14.7593
9952,CA-2014-121559,2016-06-01,2016-06-03,Second Class,HW-14935,Helen Wasserman,Corporate,United States,Indianapolis,Indiana,46203,Central,OFF-BI-10002072,Office Supplies,Binders,Cardinal Slant-D Ring Binders,17.38,2,0.0,8.69
7733,CA-2014-143294,2016-06-02,2016-06-08,Standard Class,JD-15790,John Dryer,Consumer,United States,Houston,Texas,77070,Central,OFF-PA-10000743,Office Supplies,Paper,Xerox 1977,10.688,2,0.2,3.7407999999999997
2928,CA-2014-158106,2016-06-04,2016-06-10,Standard Class,CT-11995,Carol Triggs,Consumer,United States,Apple Valley,Minnesota,55124,Central,OFF-AR-10002255,Office Supplies,Art,Newell 346,8.64,3,0.0,2.5056
3193,CA-2014-158953,2016-06-04,2016-06-08,Standard Class,ML-18040,Michelle Lonsdale,Corporate,United States,Missouri City,Texas,77489,Central,OFF-BI-10002557,Office Supplies,Binders,Presstex Flexible Ring Binders,6.369999999999998,7,0.8,-9.555000000000001
8518,CA-2014-149720,2016-06-04,2016-06-07,Second Class,EM-14065,Erin Mull,Consumer,United States,Frisco,Texas,75034,Central,FUR-FU-10002501,Furniture,Furnishings,Nu-Dell Executive Frame,30.336000000000006,6,0.6,-17.443199999999997
3912,CA-2014-126788,2016-06-05,2016-06-06,First Class,AB-10105,Adrian Barton,Consumer,United States,Pearland,Texas,77581,Central,TEC-PH-10001619,Technology,Phones,LG G3,470.3760000000001,3,0.2,52.917299999999955
262,US-2014-155299,2016-06-08,2016-06-12,Standard Class,Dl-13600,Dorris liebe,Corporate,United States,Pasadena,Texas,77506,Central,OFF-AP-10002203,Office Supplies,Appliances,Eureka Disposable Bags for Sanitaire Vibra Groomer I Upright Vac,1.6239999999999994,2,0.8,-4.466
666,CA-2014-132682,2016-06-08,2016-06-10,Second Class,TH-21235,Tiffany House,Corporate,United States,Dallas,Texas,75081,Central,OFF-SU-10004231,Office Supplies,Supplies,Acme Tagit Stainless Steel Antibacterial Scissors,23.76,3,0.2,2.0789999999999997
667,CA-2014-132682,2016-06-08,2016-06-10,Second Class,TH-21235,Tiffany House,Corporate,United States,Dallas,Texas,75081,Central,OFF-PA-10000474,Office Supplies,Paper,Easy-staple paper,85.056,3,0.2,28.70639999999999
668,CA-2014-132682,2016-06-08,2016-06-10,Second Class,TH-21235,Tiffany House,Corporate,United States,Dallas,Texas,75081,Central,TEC-PH-10004042,Technology,Phones,ClearOne Communications CHAT 70 OC Speaker Phone,381.576,3,0.2,28.6182
7506,US-2014-106579,2016-06-08,2016-06-13,Standard Class,BW-11200,Ben Wallace,Consumer,United States,Skokie,Illinois,60076,Central,OFF-BI-10000309,Office Supplies,Binders,"GBC Twin Loop Wire Binding Elements, 9/16"" Spine, Black",12.175999999999998,4,0.8,-18.87280000000001
670,US-2014-106663,2016-06-09,2016-06-13,Standard Class,MO-17800,Meg O'Connel,Home Office,United States,Chicago,Illinois,60653,Central,FUR-FU-10002759,Furniture,Furnishings,12-1/2 Diameter Round Wall Clock,23.976000000000003,3,0.6,-14.385599999999997
671,US-2014-106663,2016-06-09,2016-06-13,Standard Class,MO-17800,Meg O'Connel,Home Office,United States,Chicago,Illinois,60653,Central,FUR-TA-10000688,Furniture,Tables,"Chromcraft Bull-Nose Wood Round Conference Table Top, Wood Base",108.925,1,0.5,-71.89050000000002
672,US-2014-106663,2016-06-09,2016-06-13,Standard Class,MO-17800,Meg O'Connel,Home Office,United States,Chicago,Illinois,60653,Central,OFF-PA-10002377,Office Supplies,Paper,"Adams Telephone Message Book W/Dividers/Space For Phone Numbers, 5 1/4""X8 1/2"", 200/Messages",36.352,8,0.2,11.359999999999998
5362,CA-2014-100951,2016-06-09,2016-06-10,First Class,NC-18625,Noah Childs,Corporate,United States,Dallas,Texas,75217,Central,OFF-ST-10001496,Office Supplies,Storage,Standard Rollaway File with Lock,720.7600000000001,5,0.2,54.05699999999999
644,CA-2014-106103,2016-06-10,2016-06-15,Standard Class,SC-20305,Sean Christensen,Consumer,United States,Rochester Hills,Michigan,48307,Central,TEC-AC-10003832,Technology,Accessories,Imation 16GB Mini TravelDrive USB 2.0 Flash Drive,132.52,4,0.0,54.333200000000005
9537,CA-2014-124191,2016-06-12,2016-06-14,Second Class,TS-21610,Troy Staebel,Consumer,United States,Chicago,Illinois,60610,Central,FUR-FU-10002364,Furniture,Furnishings,"Eldon Expressions Wood Desk Accessories, Oak",8.856,3,0.6,-6.863400000000001
1446,CA-2014-102337,2016-06-13,2016-06-16,First Class,SD-20485,Shirley Daniels,Home Office,United States,Chicago,Illinois,60653,Central,OFF-ST-10004804,Office Supplies,Storage,"Belkin 19"" Vented Equipment Shelf, Black",164.736,4,0.2,-39.12479999999999
1447,CA-2014-102337,2016-06-13,2016-06-16,First Class,SD-20485,Shirley Daniels,Home Office,United States,Chicago,Illinois,60653,Central,FUR-CH-10004289,Furniture,Chairs,Global Super Steno Chair,470.30199999999996,7,0.3,-87.34180000000003
1448,CA-2014-102337,2016-06-13,2016-06-16,First Class,SD-20485,Shirley Daniels,Home Office,United States,Chicago,Illinois,60653,Central,TEC-PH-10002564,Technology,Phones,OtterBox Defender Series Case - Samsung Galaxy S4,47.984,2,0.2,5.997999999999992
673,CA-2014-111178,2016-06-15,2016-06-22,Standard Class,TD-20995,Tamara Dahlen,Consumer,United States,Quincy,Illinois,62301,Central,OFF-AR-10001954,Office Supplies,Art,Newell 331,19.56,5,0.2,1.7115
5476,CA-2014-169691,2016-06-15,2016-06-18,First Class,Dp-13240,Dean percer,Home Office,United States,Maple Grove,Minnesota,55369,Central,OFF-LA-10002312,Office Supplies,Labels,Avery 490,44.400000000000006,3,0.0,22.200000000000003
5477,CA-2014-169691,2016-06-15,2016-06-18,First Class,Dp-13240,Dean percer,Home Office,United States,Maple Grove,Minnesota,55369,Central,OFF-ST-10001291,Office Supplies,Storage,"Tenex Personal Self-Stacking Standard File Box, Black/Gray",84.55,5,0.0,22.8285
5478,CA-2014-169691,2016-06-15,2016-06-18,First Class,Dp-13240,Dean percer,Home Office,United States,Maple Grove,Minnesota,55369,Central,OFF-PA-10003022,Office Supplies,Paper,Xerox 1992,17.94,3,0.0,8.790600000000001
4542,US-2014-132206,2016-06-16,2016-06-21,Standard Class,MK-17905,Michael Kennedy,Corporate,United States,Chicago,Illinois,60653,Central,OFF-BI-10000756,Office Supplies,Binders,Storex DuraTech Recycled Plastic Frosted Binders,5.935999999999999,7,0.8,-8.904000000000003
2501,CA-2014-131618,2016-06-17,2016-06-20,First Class,LS-17200,Luke Schmidt,Corporate,United States,Skokie,Illinois,60076,Central,OFF-PA-10001892,Office Supplies,Paper,"Rediform Wirebound ""Phone Memo"" Message Book, 11 x 5-3/4",12.224,2,0.2,4.4312
2502,CA-2014-131618,2016-06-17,2016-06-20,First Class,LS-17200,Luke Schmidt,Corporate,United States,Skokie,Illinois,60076,Central,OFF-BI-10000546,Office Supplies,Binders,Avery Durable Binders,2.3039999999999994,4,0.8,-3.5711999999999993
2503,CA-2014-131618,2016-06-17,2016-06-20,First Class,LS-17200,Luke Schmidt,Corporate,United States,Skokie,Illinois,60076,Central,OFF-BI-10001294,Office Supplies,Binders,Fellowes Binding Cases,9.359999999999998,4,0.8,-16.380000000000003
6304,CA-2014-162712,2016-06-18,2016-06-20,Second Class,NK-18490,Neil Knudson,Home Office,United States,Corpus Christi,Texas,78415,Central,OFF-PA-10000167,Office Supplies,Paper,Xerox 1925,74.352,3,0.2,23.234999999999992
2480,CA-2014-141992,2016-06-19,2016-06-25,Standard Class,FO-14305,Frank Olsen,Consumer,United States,Dallas,Texas,75220,Central,OFF-SU-10002557,Office Supplies,Supplies,Fiskars Spring-Action Scissors,11.184000000000001,1,0.2,0.8388
2481,CA-2014-141992,2016-06-19,2016-06-25,Standard Class,FO-14305,Frank Olsen,Consumer,United States,Dallas,Texas,75220,Central,OFF-ST-10003656,Office Supplies,Storage,Safco Industrial Wire Shelving,153.584,2,0.2,-32.6366
4101,US-2014-102288,2016-06-19,2016-06-23,Standard Class,ZC-21910,Zuschuss Carroll,Consumer,United States,Houston,Texas,77095,Central,OFF-AP-10004655,Office Supplies,Appliances,"Holmes Visible Mist Ultrasonic Humidifier with 2.3-Gallon Output per Day, Replacement Filter",2.2639999999999993,1,0.8,-5.207200000000001
4102,US-2014-102288,2016-06-19,2016-06-23,Standard Class,ZC-21910,Zuschuss Carroll,Consumer,United States,Houston,Texas,77095,Central,OFF-AP-10002906,Office Supplies,Appliances,Hoover Replacement Belt for Commercial Guardsman Heavy-Duty Upright Vacuum,0.44399999999999995,1,0.8,-1.1100000000000003
4103,US-2014-102288,2016-06-19,2016-06-23,Standard Class,ZC-21910,Zuschuss Carroll,Consumer,United States,Houston,Texas,77095,Central,OFF-PA-10000740,Office Supplies,Paper,Xerox 1982,146.17600000000002,8,0.2,47.50719999999999
9287,CA-2014-154011,2016-06-19,2016-06-26,Standard Class,DB-13270,Deborah Brumfield,Home Office,United States,Dallas,Texas,75081,Central,OFF-BI-10003166,Office Supplies,Binders,GBC Plasticlear Binding Covers,6.887999999999998,3,0.8,-11.020800000000005
9288,CA-2014-154011,2016-06-19,2016-06-26,Standard Class,DB-13270,Deborah Brumfield,Home Office,United States,Dallas,Texas,75081,Central,FUR-TA-10000688,Furniture,Tables,"Chromcraft Bull-Nose Wood Round Conference Table Top, Wood Base",457.4849999999999,3,0.3,-84.96150000000003
7283,CA-2014-155936,2016-06-22,2016-06-29,Standard Class,JK-15730,Joe Kamberova,Consumer,United States,Chicago,Illinois,60653,Central,OFF-BI-10002432,Office Supplies,Binders,Wilson Jones Standard D-Ring Binders,3.0359999999999996,3,0.8,-5.009400000000001
9033,CA-2014-105823,2016-06-22,2016-06-26,Standard Class,RB-19465,Rick Bensley,Home Office,United States,Detroit,Michigan,48227,Central,FUR-CH-10000454,Furniture,Chairs,"Hon Deluxe Fabric Upholstered Stacking Chairs, Rounded Back",487.96,2,0.0,146.38799999999998
4083,US-2014-151316,2016-06-24,2016-06-30,Standard Class,MC-17635,Matthew Clasen,Corporate,United States,Decatur,Illinois,62521,Central,OFF-BI-10004632,Office Supplies,Binders,Ibico Hi-Tech Manual Binding System,182.99399999999997,3,0.8,-320.23950000000013
4084,US-2014-151316,2016-06-24,2016-06-30,Standard Class,MC-17635,Matthew Clasen,Corporate,United States,Decatur,Illinois,62521,Central,OFF-PA-10000327,Office Supplies,Paper,Xerox 1971,10.272000000000002,3,0.2,3.209999999999998
7454,CA-2014-134796,2016-06-25,2016-07-01,Standard Class,FM-14380,Fred McMath,Consumer,United States,Bolingbrook,Illinois,60440,Central,TEC-PH-10003505,Technology,Phones,Geemarc AmpliPOWER60,148.48,2,0.2,16.703999999999986
892,CA-2014-133256,2016-06-26,2016-06-27,First Class,TH-21550,Tracy Hopkins,Home Office,United States,Detroit,Michigan,48227,Central,OFF-PA-10001622,Office Supplies,Paper,"Ampad Poly Cover Wirebound Steno Book, 6"" x 9"" Assorted Colors, Gregg Ruled",4.54,1,0.0,2.0429999999999997
893,CA-2014-133256,2016-06-26,2016-06-27,First Class,TH-21550,Tracy Hopkins,Home Office,United States,Detroit,Michigan,48227,Central,OFF-AR-10003158,Office Supplies,Art,Fluorescent Highlighters by Dixon,15.92,4,0.0,5.412799999999999
894,CA-2014-133256,2016-06-26,2016-06-27,First Class,TH-21550,Tracy Hopkins,Home Office,United States,Detroit,Michigan,48227,Central,TEC-PH-10002660,Technology,Phones,Nortel Networks T7316 E Nt8 B27,543.92,8,0.0,135.98000000000002
2232,CA-2014-157091,2016-06-26,2016-07-01,Standard Class,DB-13405,Denny Blanton,Consumer,United States,La Porte,Indiana,46350,Central,FUR-FU-10000293,Furniture,Furnishings,Eldon Antistatic Chair Mats for Low to Medium Pile Carpets,526.45,5,0.0,31.58699999999996
6145,CA-2014-151190,2016-06-27,2016-07-01,Standard Class,GT-14710,Greg Tran,Consumer,United States,Omaha,Nebraska,68104,Central,OFF-PA-10000575,Office Supplies,Paper,"Wirebound Message Books, Four 2 3/4 x 5 White Forms per Page",20.07,3,0.0,9.232199999999999
1160,CA-2014-147039,2016-06-29,2016-07-04,Standard Class,AA-10315,Alex Avila,Consumer,United States,Minneapolis,Minnesota,55407,Central,OFF-AP-10000576,Office Supplies,Appliances,"Belkin 325VA UPS Surge Protector, 6'",362.94,3,0.0,90.73500000000001
1161,CA-2014-147039,2016-06-29,2016-07-04,Standard Class,AA-10315,Alex Avila,Consumer,United States,Minneapolis,Minnesota,55407,Central,OFF-BI-10004654,Office Supplies,Binders,Avery Binding System Hidden Tab Executive Style Index Sets,11.54,2,0.0,5.77
3573,US-2014-126081,2016-06-29,2016-07-04,Standard Class,FC-14335,Fred Chung,Corporate,United States,Mesquite,Texas,75150,Central,OFF-PA-10003953,Office Supplies,Paper,Xerox 218,5.184000000000001,1,0.2,1.8144
9624,CA-2014-137449,2016-06-29,2016-06-30,First Class,ME-17725,Max Engle,Consumer,United States,Dallas,Texas,75220,Central,OFF-AP-10000240,Office Supplies,Appliances,Belkin F9G930V10-GRY 9 Outlet Surge,21.391999999999992,2,0.8,-54.54960000000001
9625,CA-2014-137449,2016-06-29,2016-06-30,First Class,ME-17725,Max Engle,Consumer,United States,Dallas,Texas,75220,Central,FUR-TA-10002855,Furniture,Tables,Bevis Round Conference Table Top & Single Column Base,307.314,3,0.3,-39.51180000000004
9626,CA-2014-137449,2016-06-29,2016-06-30,First Class,ME-17725,Max Engle,Consumer,United States,Dallas,Texas,75220,Central,FUR-BO-10000780,Furniture,Bookcases,O'Sullivan Plantations 2-Door Library in Landvery Oak,409.9992,3,0.32,-96.47039999999996
5157,CA-2014-163006,2016-06-30,2016-07-04,Second Class,GH-14410,Gary Hansen,Home Office,United States,Chicago,Illinois,60653,Central,TEC-PH-10002584,Technology,Phones,Samsung Galaxy S4,1001.5840000000001,2,0.2,125.19799999999992
5158,CA-2014-163006,2016-06-30,2016-07-04,Second Class,GH-14410,Gary Hansen,Home Office,United States,Chicago,Illinois,60653,Central,FUR-CH-10000229,Furniture,Chairs,Global Enterprise Series Seating High-Back Swivel/Tilt Chairs,569.058,3,0.3,-178.84680000000006
5159,CA-2014-163006,2016-06-30,2016-07-04,Second Class,GH-14410,Gary Hansen,Home Office,United States,Chicago,Illinois,60653,Central,FUR-FU-10003799,Furniture,Furnishings,"Seth Thomas 13 1/2"" Wall Clock",14.224000000000002,2,0.6,-10.312400000000004
3396,US-2014-148362,2016-07-01,2016-07-08,Standard Class,KF-16285,Karen Ferguson,Home Office,United States,Indianapolis,Indiana,46203,Central,OFF-ST-10001128,Office Supplies,Storage,"Carina Mini System Audio Rack, Model AR050B",443.92,4,0.0,13.317600000000027
3397,US-2014-148362,2016-07-01,2016-07-08,Standard Class,KF-16285,Karen Ferguson,Home Office,United States,Indianapolis,Indiana,46203,Central,OFF-BI-10003656,Office Supplies,Binders,Fellowes PB200 Plastic Comb Binding Machine,169.99,1,0.0,78.19539999999999
3398,US-2014-148362,2016-07-01,2016-07-08,Standard Class,KF-16285,Karen Ferguson,Home Office,United States,Indianapolis,Indiana,46203,Central,OFF-PA-10003441,Office Supplies,Paper,Xerox 226,25.92,4,0.0,12.441600000000001
7696,CA-2014-107958,2016-07-02,2016-07-05,First Class,AH-10120,Adrian Hane,Home Office,United States,Houston,Texas,77036,Central,OFF-PA-10000357,Office Supplies,Paper,"White Dual Perf Computer Printout Paper, 2700 Sheets, 1 Part, Heavyweight, 20 lbs., 14 7/8 x 11",163.96,5,0.2,59.4355
7697,CA-2014-107958,2016-07-02,2016-07-05,First Class,AH-10120,Adrian Hane,Home Office,United States,Houston,Texas,77036,Central,OFF-BI-10001787,Office Supplies,Binders,Wilson Jones Four-Pocket Poly Binders,5.231999999999998,4,0.8,-8.1096
1673,CA-2014-111647,2016-07-03,2016-07-07,Standard Class,RD-19585,Rob Dowd,Consumer,United States,Plano,Texas,75023,Central,TEC-PH-10002726,Technology,Phones,netTALK DUO VoIP Telephone Service,167.96800000000002,4,0.2,62.988
1912,CA-2014-121503,2016-07-03,2016-07-06,Second Class,FH-14275,Frank Hawley,Corporate,United States,Houston,Texas,77041,Central,OFF-PA-10001878,Office Supplies,Paper,Xerox 1891,273.896,7,0.2,92.43989999999998
1913,CA-2014-121503,2016-07-03,2016-07-06,Second Class,FH-14275,Frank Hawley,Corporate,United States,Houston,Texas,77041,Central,TEC-MA-10003674,Technology,Machines,Hewlett-Packard Deskjet 5550 Printer,597.1320000000001,3,0.4,49.76099999999997
4230,CA-2014-100223,2016-07-05,2016-07-10,Standard Class,LS-16945,Linda Southworth,Corporate,United States,Dallas,Texas,75220,Central,FUR-FU-10003601,Furniture,Furnishings,"Deflect-o RollaMat Studded, Beveled Mat for Medium Pile Carpeting",332.028,9,0.6,-348.62940000000003
4231,CA-2014-100223,2016-07-05,2016-07-10,Standard Class,LS-16945,Linda Southworth,Corporate,United States,Dallas,Texas,75220,Central,OFF-BI-10003429,Office Supplies,Binders,"Cardinal HOLDit! Binder Insert Strips,Extra Strips",11.393999999999998,9,0.8,-17.6607
4232,CA-2014-100223,2016-07-05,2016-07-10,Standard Class,LS-16945,Linda Southworth,Corporate,United States,Dallas,Texas,75220,Central,OFF-PA-10000232,Office Supplies,Paper,Xerox 1975,15.552000000000003,3,0.2,5.6376
4233,CA-2014-100223,2016-07-05,2016-07-10,Standard Class,LS-16945,Linda Southworth,Corporate,United States,Dallas,Texas,75220,Central,OFF-PA-10002195,Office Supplies,Paper,Xerox 1966,31.104000000000006,6,0.2,11.2752
4234,CA-2014-100223,2016-07-05,2016-07-10,Standard Class,LS-16945,Linda Southworth,Corporate,United States,Dallas,Texas,75220,Central,OFF-BI-10004492,Office Supplies,Binders,Tuf-Vin Binders,6.315999999999998,1,0.8,-10.421400000000002
9569,CA-2014-104388,2016-07-05,2016-07-07,First Class,DK-12835,Damala Kotsonis,Corporate,United States,Fremont,Nebraska,68025,Central,TEC-PH-10002293,Technology,Phones,Anker 36W 4-Port USB Wall Charger Travel Power Adapter for iPhone 5s 5c 5,79.96,4,0.0,22.388800000000003
1044,CA-2014-115651,2016-07-09,2016-07-12,First Class,NS-18640,Noel Staavos,Corporate,United States,Chicago,Illinois,60610,Central,OFF-AR-10001130,Office Supplies,Art,"Quartet Alpha White Chalk, 12/Pack",8.84,5,0.2,2.9835000000000003
1045,CA-2014-115651,2016-07-09,2016-07-12,First Class,NS-18640,Noel Staavos,Corporate,United States,Chicago,Illinois,60610,Central,OFF-AP-10000055,Office Supplies,Appliances,Belkin F9S820V06 8 Outlet Surge,58.46399999999998,9,0.8,-146.16000000000003
2233,CA-2014-132122,2016-07-09,2016-07-14,Standard Class,JH-15820,John Huston,Consumer,United States,Chicago,Illinois,60610,Central,OFF-ST-10003692,Office Supplies,Storage,Recycled Steel Personal File for Hanging File Folders,228.92,5,0.2,14.307499999999997
2574,CA-2014-145128,2016-07-09,2016-07-14,Standard Class,SM-20320,Sean Miller,Home Office,United States,Lafayette,Indiana,47905,Central,FUR-FU-10000293,Furniture,Furnishings,Eldon Antistatic Chair Mats for Low to Medium Pile Carpets,526.45,5,0.0,31.58699999999996
3107,CA-2014-127460,2016-07-10,2016-07-14,Standard Class,FG-14260,Frank Gastineau,Home Office,United States,Aurora,Illinois,60505,Central,OFF-ST-10004340,Office Supplies,Storage,"Fellowes Mobile File Cart, Black",298.464,6,0.2,26.115600000000015
6231,CA-2014-127656,2016-07-11,2016-07-17,Standard Class,NW-18400,Natalie Webber,Consumer,United States,Waterloo,Iowa,50701,Central,OFF-AR-10001166,Office Supplies,Art,Staples in misc. colors,30.32,4,0.0,11.8248
5976,CA-2014-102155,2016-07-13,2016-07-17,Standard Class,RR-19525,Rick Reed,Corporate,United States,Overland Park,Kansas,66212,Central,OFF-ST-10001496,Office Supplies,Storage,Standard Rollaway File with Lock,360.38,2,0.0,93.6988
5977,CA-2014-102155,2016-07-13,2016-07-17,Standard Class,RR-19525,Rick Reed,Corporate,United States,Overland Park,Kansas,66212,Central,OFF-PA-10003673,Office Supplies,Paper,Strathmore Photo Mount Cards,13.56,2,0.0,6.2376
2572,CA-2014-109778,2016-07-16,2016-07-21,Standard Class,VM-21685,Valerie Mitchum,Home Office,United States,Woodstock,Illinois,60098,Central,OFF-AR-10003759,Office Supplies,Art,"Crayola Anti Dust Chalk, 12/Pack",2.9120000000000004,2,0.2,0.9099999999999998
579,CA-2014-118640,2016-07-20,2016-07-26,Standard Class,CS-11950,Carlos Soltero,Consumer,United States,Chicago,Illinois,60610,Central,OFF-ST-10002974,Office Supplies,Storage,"Trav-L-File Heavy-Duty Shuttle II, Black",69.712,2,0.2,8.713999999999995
580,CA-2014-118640,2016-07-20,2016-07-26,Standard Class,CS-11950,Carlos Soltero,Consumer,United States,Chicago,Illinois,60610,Central,FUR-FU-10001475,Furniture,Furnishings,"Contract Clock, 14"", Brown",8.792,1,0.6,-5.7148
2314,CA-2014-122035,2016-07-20,2016-07-25,Standard Class,EM-13825,Elizabeth Moffitt,Corporate,United States,Sioux Falls,South Dakota,57103,Central,OFF-LA-10004093,Office Supplies,Labels,Avery 486,14.62,2,0.0,6.8713999999999995
2315,CA-2014-122035,2016-07-20,2016-07-25,Standard Class,EM-13825,Elizabeth Moffitt,Corporate,United States,Sioux Falls,South Dakota,57103,Central,OFF-AP-10002118,Office Supplies,Appliances,"1.7 Cubic Foot Compact ""Cube"" Office Refrigerators",416.32,2,0.0,112.40640000000002
2316,CA-2014-122035,2016-07-20,2016-07-25,Standard Class,EM-13825,Elizabeth Moffitt,Corporate,United States,Sioux Falls,South Dakota,57103,Central,OFF-BI-10000404,Office Supplies,Binders,Avery Printable Repositionable Plastic Tabs,43.0,5,0.0,20.21
2317,CA-2014-122035,2016-07-20,2016-07-25,Standard Class,EM-13825,Elizabeth Moffitt,Corporate,United States,Sioux Falls,South Dakota,57103,Central,FUR-CH-10003833,Furniture,Chairs,Novimex Fabric Task Chair,182.94,3,0.0,27.440999999999995
2318,CA-2014-122035,2016-07-20,2016-07-25,Standard Class,EM-13825,Elizabeth Moffitt,Corporate,United States,Sioux Falls,South Dakota,57103,Central,OFF-BI-10002072,Office Supplies,Binders,Cardinal Slant-D Ring Binders,60.83,7,0.0,30.415
2319,CA-2014-122035,2016-07-20,2016-07-25,Standard Class,EM-13825,Elizabeth Moffitt,Corporate,United States,Sioux Falls,South Dakota,57103,Central,TEC-AC-10003095,Technology,Accessories,Logitech G35 7.1-Channel Surround Sound Headset,389.97,3,0.0,132.58980000000003
3155,CA-2014-150497,2016-07-20,2016-07-24,Standard Class,SM-20950,Suzanne McNair,Corporate,United States,Maple Grove,Minnesota,55369,Central,OFF-BI-10004600,Office Supplies,Binders,Ibico Ibimaster 300 Manual Binding System,735.98,2,0.0,331.191
7845,US-2014-123834,2016-07-21,2016-07-25,Standard Class,GM-14500,Gene McClure,Consumer,United States,Pharr,Texas,78577,Central,FUR-TA-10001676,Furniture,Tables,Hon 61000 Series Interactive Training Tables,124.404,4,0.3,-21.3264
8327,CA-2014-103478,2016-07-21,2016-07-24,Second Class,KL-16555,Kelly Lampkin,Corporate,United States,Aurora,Illinois,60505,Central,OFF-BI-10001890,Office Supplies,Binders,Avery Poly Binder Pockets,2.8639999999999994,4,0.8,-4.582400000000002
8328,CA-2014-103478,2016-07-21,2016-07-24,Second Class,KL-16555,Kelly Lampkin,Corporate,United States,Aurora,Illinois,60505,Central,OFF-BI-10004224,Office Supplies,Binders,Catalog Binders with Expanding Posts,94.19199999999998,7,0.8,-164.83600000000007
9809,CA-2014-145093,2016-07-21,2016-07-26,Standard Class,PT-19090,Pete Takahito,Consumer,United States,Chicago,Illinois,60623,Central,OFF-BI-10001116,Office Supplies,Binders,"Wilson Jones 1"" Hanging DublLock Ring Binders",2.1119999999999997,2,0.8,-3.3792
8119,US-2014-106551,2016-07-22,2016-07-27,Standard Class,EB-13930,Eric Barreto,Consumer,United States,Chicago,Illinois,60653,Central,FUR-CH-10004997,Furniture,Chairs,Hon Every-Day Series Multi-Task Chairs,526.3439999999999,4,0.3,-75.19199999999998
4373,US-2014-169320,2016-07-23,2016-07-25,Second Class,LH-16900,Lena Hernandez,Consumer,United States,Elkhart,Indiana,46514,Central,OFF-AR-10003602,Office Supplies,Art,"Quartet Omega Colored Chalk, 12/Pack",11.68,2,0.0,5.489599999999999
4374,US-2014-169320,2016-07-23,2016-07-25,Second Class,LH-16900,Lena Hernandez,Consumer,United States,Elkhart,Indiana,46514,Central,TEC-AC-10002550,Technology,Accessories,"Memorex 25GB 6X Branded Blu-Ray Recordable Disc, 30/Pack",159.75,5,0.0,11.182499999999997
8185,US-2014-101721,2016-07-23,2016-07-27,Standard Class,MY-17380,Maribeth Yedwab,Corporate,United States,Chicago,Illinois,60623,Central,OFF-PA-10003641,Office Supplies,Paper,Xerox 1909,63.312,3,0.2,20.576399999999996
8639,CA-2014-118346,2016-07-23,2016-07-24,First Class,PO-19180,Philisse Overcash,Home Office,United States,Kenosha,Wisconsin,53142,Central,TEC-AC-10000736,Technology,Accessories,Logitech G600 MMO Gaming Mouse,399.95,5,0.0,143.982
9589,CA-2014-110940,2016-07-23,2016-07-28,Standard Class,AZ-10750,Annie Zypern,Consumer,United States,Wheeling,Illinois,60090,Central,OFF-AR-10000380,Office Supplies,Art,"Hunt PowerHouse Electric Pencil Sharpener, Blue",121.536,4,0.2,15.191999999999979
2856,CA-2014-169810,2016-07-25,2016-07-31,Standard Class,RB-19360,Raymond Buch,Consumer,United States,Sioux Falls,South Dakota,57103,Central,OFF-LA-10003663,Office Supplies,Labels,Avery 498,20.23,7,0.0,9.5081
7930,CA-2014-167549,2016-07-25,2016-07-27,First Class,EM-14200,Evan Minnotte,Home Office,United States,Dallas,Texas,75217,Central,FUR-TA-10004767,Furniture,Tables,Safco Drafting Table,298.116,6,0.3,-4.258800000000036
2227,CA-2014-130771,2016-07-29,2016-08-03,Standard Class,LA-16780,Laura Armstrong,Corporate,United States,Austin,Texas,78745,Central,OFF-FA-10003059,Office Supplies,Fasteners,Assorted Color Push Pins,2.8960000000000004,2,0.2,0.4705999999999998
2228,CA-2014-130771,2016-07-29,2016-08-03,Standard Class,LA-16780,Laura Armstrong,Corporate,United States,Austin,Texas,78745,Central,TEC-PH-10002496,Technology,Phones,Cisco SPA301,124.79200000000002,1,0.2,15.598999999999993
5025,US-2014-130953,2016-07-29,2016-08-03,Standard Class,RF-19735,Roland Fjeld,Consumer,United States,Oklahoma City,Oklahoma,73120,Central,OFF-BI-10004828,Office Supplies,Binders,GBC Poly Designer Binding Covers,33.48,2,0.0,16.405199999999997
5026,US-2014-130953,2016-07-29,2016-08-03,Standard Class,RF-19735,Roland Fjeld,Consumer,United States,Oklahoma City,Oklahoma,73120,Central,TEC-PH-10003012,Technology,Phones,Nortel Meridian M3904 Professional Digital phone,461.97,3,0.0,133.97129999999996
5027,US-2014-130953,2016-07-29,2016-08-03,Standard Class,RF-19735,Roland Fjeld,Consumer,United States,Oklahoma City,Oklahoma,73120,Central,OFF-AP-10002311,Office Supplies,Appliances,"Holmes Replacement Filter for HEPA Air Cleaner, Very Large Room, HEPA Filter",137.62,2,0.0,60.552800000000005
5028,US-2014-130953,2016-07-29,2016-08-03,Standard Class,RF-19735,Roland Fjeld,Consumer,United States,Oklahoma City,Oklahoma,73120,Central,FUR-CH-10004626,Furniture,Chairs,Office Star Flex Back Scooter Chair with Aluminum Finish Frame,302.67,3,0.0,72.6408
5713,CA-2014-115805,2016-07-31,2016-07-31,Same Day,KW-16435,Katrina Willman,Consumer,United States,Chicago,Illinois,60653,Central,TEC-PH-10003092,Technology,Phones,Motorola L804,36.792,1,0.2,4.139099999999999
6691,US-2014-165869,2016-07-31,2016-08-05,Standard Class,LS-17200,Luke Schmidt,Corporate,United States,Milwaukee,Wisconsin,53209,Central,OFF-BI-10003460,Office Supplies,Binders,Acco 3-Hole Punch,17.52,4,0.0,8.4096
6692,US-2014-165869,2016-07-31,2016-08-05,Standard Class,LS-17200,Luke Schmidt,Corporate,United States,Milwaukee,Wisconsin,53209,Central,OFF-AP-10002472,Office Supplies,Appliances,3M Office Air Cleaner,155.88,6,0.0,54.558
1010,CA-2014-135034,2016-08-01,2016-08-03,First Class,AT-10735,Annie Thurman,Consumer,United States,Chicago,Illinois,60653,Central,TEC-PH-10003931,Technology,Phones,JBL Micro Wireless Portable Bluetooth Speaker,95.98400000000001,2,0.2,5.999000000000002
1834,CA-2014-162691,2016-08-01,2016-08-07,Standard Class,AS-10045,Aaron Smayling,Corporate,United States,Austin,Texas,78745,Central,TEC-MA-10000488,Technology,Machines,Bady BDG101FRU Card Printer,1439.982,3,0.4,-263.99670000000026
1835,CA-2014-162691,2016-08-01,2016-08-07,Standard Class,AS-10045,Aaron Smayling,Corporate,United States,Austin,Texas,78745,Central,OFF-PA-10003729,Office Supplies,Paper,Xerox 1998,36.28800000000001,7,0.2,12.700800000000001
2008,CA-2014-165386,2016-08-03,2016-08-04,First Class,CM-12190,Charlotte Melton,Consumer,United States,Chicago,Illinois,60623,Central,FUR-BO-10003034,Furniture,Bookcases,"O'Sullivan Elevations Bookcase, Cherry Finish",183.37199999999999,2,0.3,-36.67439999999999
9208,CA-2014-140781,2016-08-03,2016-08-07,Standard Class,AB-10105,Adrian Barton,Consumer,United States,Bloomington,Illinois,61701,Central,TEC-AC-10000682,Technology,Accessories,Kensington K72356US Mouse-in-a-Box USB Desktop Mouse,39.816,3,0.2,7.465499999999999
5243,CA-2014-146367,2016-08-04,2016-08-08,Standard Class,HM-14860,Harry Marie,Corporate,United States,Carrollton,Texas,75007,Central,OFF-BI-10002827,Office Supplies,Binders,Avery Durable Poly Binders,3.3179999999999996,3,0.8,-5.640600000000002
6081,CA-2014-154676,2016-08-05,2016-08-08,First Class,NZ-18565,Nick Zandusky,Home Office,United States,Houston,Texas,77070,Central,OFF-ST-10001172,Office Supplies,Storage,"Tennsco Lockers, Sand",151.056,9,0.2,7.552799999999998
6641,CA-2014-128328,2016-08-05,2016-08-09,Standard Class,PO-18865,Patrick O'Donnell,Consumer,United States,Indianapolis,Indiana,46203,Central,OFF-BI-10001989,Office Supplies,Binders,Premium Transparent Presentation Covers by GBC,125.88,6,0.0,60.422399999999996
6642,CA-2014-128328,2016-08-05,2016-08-09,Standard Class,PO-18865,Patrick O'Donnell,Consumer,United States,Indianapolis,Indiana,46203,Central,TEC-AC-10001714,Technology,Accessories,Logitech MX Performance Wireless Mouse,79.78,2,0.0,29.5186
6643,CA-2014-128328,2016-08-05,2016-08-09,Standard Class,PO-18865,Patrick O'Donnell,Consumer,United States,Indianapolis,Indiana,46203,Central,OFF-LA-10003498,Office Supplies,Labels,Avery 475,133.20000000000002,9,0.0,66.60000000000001
5530,CA-2014-136609,2016-08-06,2016-08-11,Standard Class,TB-21355,Todd Boyes,Corporate,United States,Cedar Hill,Texas,75104,Central,OFF-PA-10004381,Office Supplies,Paper,14-7/8 x 11 Blue Bar Computer Printout Paper,115.296,3,0.2,40.353599999999986
4262,CA-2014-158344,2016-08-07,2016-08-11,Standard Class,CC-12475,Cindy Chapman,Consumer,United States,Moorhead,Minnesota,56560,Central,TEC-AC-10002006,Technology,Accessories,Memorex Micro Travel Drive 16 GB,63.96,4,0.0,19.827599999999997
7652,CA-2014-110821,2016-08-07,2016-08-08,First Class,CK-12205,Chloris Kastensmidt,Consumer,United States,Dallas,Texas,75081,Central,TEC-AC-10001552,Technology,Accessories,Logitech K350 2.4Ghz Wireless Keyboard,119.44800000000001,3,0.2,-13.437900000000006
7653,CA-2014-110821,2016-08-07,2016-08-08,First Class,CK-12205,Chloris Kastensmidt,Consumer,United States,Dallas,Texas,75081,Central,OFF-ST-10002790,Office Supplies,Storage,Safco Industrial Shelving,118.16,2,0.2,-25.108999999999988
2188,CA-2014-143063,2016-08-10,2016-08-15,Standard Class,IL-15100,Ivan Liston,Consumer,United States,Columbus,Indiana,47201,Central,OFF-EN-10003134,Office Supplies,Envelopes,Staple envelope,70.08,6,0.0,35.04
2189,CA-2014-143063,2016-08-10,2016-08-15,Standard Class,IL-15100,Ivan Liston,Consumer,United States,Columbus,Indiana,47201,Central,FUR-FU-10003708,Furniture,Furnishings,"Tenex Traditional Chairmats for Medium Pile Carpet, Standard Lip, 36"" x 48""",121.3,2,0.0,25.473
2190,CA-2014-143063,2016-08-10,2016-08-15,Standard Class,IL-15100,Ivan Liston,Consumer,United States,Columbus,Indiana,47201,Central,TEC-PH-10003645,Technology,Phones,Aastra 57i VoIP phone,1454.4900000000002,9,0.0,378.16740000000004
6728,CA-2014-145443,2016-08-10,2016-08-15,Second Class,SC-20695,Steve Chapman,Corporate,United States,Richmond,Indiana,47374,Central,OFF-PA-10003302,Office Supplies,Paper,Xerox 1906,177.2,5,0.0,83.28399999999999
4026,CA-2014-139311,2016-08-11,2016-08-13,First Class,SF-20965,Sylvia Foulston,Corporate,United States,Bedford,Texas,76021,Central,OFF-PA-10001776,Office Supplies,Paper,"Wirebound Message Books, Four 2 3/4"" x 5"" Forms per Page, 600 Sets per Book",29.664,4,0.2,10.011599999999998
4027,CA-2014-139311,2016-08-11,2016-08-13,First Class,SF-20965,Sylvia Foulston,Corporate,United States,Bedford,Texas,76021,Central,OFF-AR-10004582,Office Supplies,Art,BIC Brite Liner Grip Highlighters,9.184000000000001,7,0.2,2.869999999999999
4028,CA-2014-139311,2016-08-11,2016-08-13,First Class,SF-20965,Sylvia Foulston,Corporate,United States,Bedford,Texas,76021,Central,TEC-PH-10001557,Technology,Phones,Pyle PMP37LED,153.584,2,0.2,13.438599999999994
4029,CA-2014-139311,2016-08-11,2016-08-13,First Class,SF-20965,Sylvia Foulston,Corporate,United States,Bedford,Texas,76021,Central,OFF-BI-10004209,Office Supplies,Binders,"Fellowes Twister Kit, Gray/Clear, 3/pkg",12.863999999999995,8,0.8,-22.512
5295,CA-2014-144883,2016-08-15,2016-08-19,Standard Class,BO-11350,Bill Overfelt,Corporate,United States,Roseville,Minnesota,55113,Central,OFF-LA-10000305,Office Supplies,Labels,Avery 495,50.4,8,0.0,23.183999999999997
7185,CA-2014-133102,2016-08-17,2016-08-24,Standard Class,ED-13885,Emily Ducich,Home Office,United States,Houston,Texas,77095,Central,OFF-SU-10000432,Office Supplies,Supplies,Acco Side-Punched Conventional Columnar Pads,5.5520000000000005,2,0.2,-1.0410000000000006
7186,CA-2014-133102,2016-08-17,2016-08-24,Standard Class,ED-13885,Emily Ducich,Home Office,United States,Houston,Texas,77095,Central,OFF-AR-10003183,Office Supplies,Art,Avery Fluorescent Highlighter Four-Color Set,8.016,3,0.2,1.0019999999999993
7187,CA-2014-133102,2016-08-17,2016-08-24,Standard Class,ED-13885,Emily Ducich,Home Office,United States,Houston,Texas,77095,Central,FUR-CH-10002017,Furniture,Chairs,SAFCO Optional Arm Kit for Workspace Cribbage Stacking Chair,74.592,4,0.3,-2.1312000000000033
7188,CA-2014-133102,2016-08-17,2016-08-24,Standard Class,ED-13885,Emily Ducich,Home Office,United States,Houston,Texas,77095,Central,FUR-FU-10003247,Furniture,Furnishings,36X48 HARDFLOOR CHAIRMAT,16.784000000000002,2,0.6,-22.2388
7189,CA-2014-133102,2016-08-17,2016-08-24,Standard Class,ED-13885,Emily Ducich,Home Office,United States,Houston,Texas,77095,Central,OFF-AP-10001563,Office Supplies,Appliances,Belkin Premiere Surge Master II 8-outlet surge protector,38.86399999999999,4,0.8,-99.10320000000004
1513,CA-2014-112809,2016-08-18,2016-08-22,Standard Class,RA-19915,Russell Applegate,Consumer,United States,Dallas,Texas,75220,Central,OFF-ST-10002276,Office Supplies,Storage,Safco Steel Mobile File Cart,200.06400000000002,3,0.2,12.504000000000005
1514,CA-2014-112809,2016-08-18,2016-08-22,Standard Class,RA-19915,Russell Applegate,Consumer,United States,Dallas,Texas,75220,Central,OFF-BI-10001098,Office Supplies,Binders,Acco D-Ring Binder w/DublLock,21.379999999999995,5,0.8,-33.139
1515,CA-2014-112809,2016-08-18,2016-08-22,Standard Class,RA-19915,Russell Applegate,Consumer,United States,Dallas,Texas,75220,Central,OFF-BI-10001636,Office Supplies,Binders,Ibico Plastic and Wire Spiral Binding Combs,6.743999999999998,4,0.8,-11.4648
4921,CA-2014-101728,2016-08-19,2016-08-23,Standard Class,SC-20575,Sonia Cooley,Consumer,United States,Chicago,Illinois,60653,Central,OFF-BI-10002393,Office Supplies,Binders,Binder Posts,2.2959999999999994,2,0.8,-3.903200000000001
827,CA-2014-126956,2016-08-21,2016-08-28,Standard Class,GT-14710,Greg Tran,Consumer,United States,Lakeville,Minnesota,55044,Central,OFF-FA-10002280,Office Supplies,Fasteners,Advantus Plastic Paper Clips,35.0,7,0.0,16.8
828,CA-2014-126956,2016-08-21,2016-08-28,Standard Class,GT-14710,Greg Tran,Consumer,United States,Lakeville,Minnesota,55044,Central,OFF-SU-10000381,Office Supplies,Supplies,Acme Forged Steel Scissors with Black Enamel Handles,37.24,4,0.0,10.799599999999998
829,CA-2014-126956,2016-08-21,2016-08-28,Standard Class,GT-14710,Greg Tran,Consumer,United States,Lakeville,Minnesota,55044,Central,OFF-EN-10004459,Office Supplies,Envelopes,Security-Tint Envelopes,15.28,2,0.0,7.4872
8129,CA-2014-157350,2016-08-26,2016-09-01,Standard Class,DP-13000,Darren Powers,Consumer,United States,Chicago,Illinois,60610,Central,FUR-FU-10000222,Furniture,Furnishings,"Seth Thomas 16"" Steel Case Clock",64.96,5,0.6,-43.847999999999985
9585,CA-2014-132584,2016-08-26,2016-08-27,First Class,HJ-14875,Heather Jas,Home Office,United States,Detroit,Michigan,48234,Central,OFF-ST-10000344,Office Supplies,Storage,"Neat Ideas Personal Hanging Folder Files, Black",53.72,4,0.0,13.967199999999998
2918,CA-2014-155047,2016-08-27,2016-08-30,First Class,SE-20110,Sanjit Engle,Consumer,United States,Dallas,Texas,75220,Central,OFF-AR-10003338,Office Supplies,Art,"Eberhard Faber 3 1/2"" Golf Pencils",5.952000000000001,1,0.2,0.3720000000000001
3923,CA-2014-146920,2016-08-28,2016-09-01,Standard Class,SC-20305,Sean Christensen,Consumer,United States,Chicago,Illinois,60623,Central,OFF-PA-10002479,Office Supplies,Paper,Xerox 4200 Series MultiUse Premium Copy Paper (20Lb. and 84 Bright),25.344,6,0.2,7.92
3924,CA-2014-146920,2016-08-28,2016-09-01,Standard Class,SC-20305,Sean Christensen,Consumer,United States,Chicago,Illinois,60623,Central,OFF-PA-10001461,Office Supplies,Paper,HP Office Paper (20Lb. and 87 Bright),26.720000000000002,5,0.2,9.352
4598,US-2014-169502,2016-08-28,2016-09-01,Standard Class,MG-17650,Matthew Grinstein,Home Office,United States,Milwaukee,Wisconsin,53209,Central,OFF-SU-10004115,Office Supplies,Supplies,Acme Stainless Steel Office Snips,21.81,3,0.0,5.888700000000001
4599,US-2014-169502,2016-08-28,2016-09-01,Standard Class,MG-17650,Matthew Grinstein,Home Office,United States,Milwaukee,Wisconsin,53209,Central,OFF-AP-10001947,Office Supplies,Appliances,Acco 6 Outlet Guardian Premium Plus Surge Suppressor,91.6,5,0.0,26.563999999999997
1942,CA-2014-144064,2016-08-29,2016-09-01,First Class,CP-12085,Cathy Prescott,Corporate,United States,Quincy,Illinois,62301,Central,OFF-LA-10004544,Office Supplies,Labels,Avery 505,47.36000000000001,4,0.2,17.759999999999998
1943,CA-2014-144064,2016-08-29,2016-09-01,First Class,CP-12085,Cathy Prescott,Corporate,United States,Quincy,Illinois,62301,Central,OFF-ST-10004507,Office Supplies,Storage,Advantus Rolling Storage Box,27.439999999999998,2,0.2,2.401
1944,CA-2014-144064,2016-08-29,2016-09-01,First Class,CP-12085,Cathy Prescott,Corporate,United States,Quincy,Illinois,62301,Central,OFF-BI-10002012,Office Supplies,Binders,Wilson Jones Easy Flow II Sheet Lifters,3.2399999999999993,9,0.8,-5.184000000000001
3655,CA-2014-133004,2016-08-31,2016-09-05,Standard Class,AJ-10945,Ashley Jarboe,Consumer,United States,Lawrence,Indiana,46226,Central,OFF-AP-10002439,Office Supplies,Appliances,Tripp Lite Isotel 8 Ultra 8 Outlet Metal Surge,638.73,9,0.0,166.0698
5220,CA-2014-145653,2016-09-01,2016-09-01,Same Day,CA-12775,Cynthia Arntzen,Consumer,United States,Detroit,Michigan,48205,Central,FUR-CH-10004875,Furniture,Chairs,Harbour Creations 67200 Series Stacking Chairs,498.26000000000005,7,0.0,134.5302
910,CA-2014-137596,2016-09-02,2016-09-07,Standard Class,BE-11335,Bill Eplett,Home Office,United States,Jackson,Michigan,49201,Central,TEC-PH-10001494,Technology,Phones,Polycom CX600 IP Phone VoIP phone,1199.8,4,0.0,323.946
911,CA-2014-137596,2016-09-02,2016-09-07,Standard Class,BE-11335,Bill Eplett,Home Office,United States,Jackson,Michigan,49201,Central,TEC-AC-10004666,Technology,Accessories,Maxell iVDR EX 500GB Cartridge,1928.7800000000002,7,0.0,829.3754000000002
912,CA-2014-137596,2016-09-02,2016-09-07,Standard Class,BE-11335,Bill Eplett,Home Office,United States,Jackson,Michigan,49201,Central,OFF-ST-10003816,Office Supplies,Storage,Fellowes High-Stak Drawer Files,352.38,2,0.0,81.04739999999998
6903,CA-2014-111220,2016-09-02,2016-09-08,Standard Class,JS-15595,Jill Stevenson,Corporate,United States,Chicago,Illinois,60653,Central,OFF-FA-10002280,Office Supplies,Fasteners,Advantus Plastic Paper Clips,16.0,4,0.2,5.6
6904,CA-2014-111220,2016-09-02,2016-09-08,Standard Class,JS-15595,Jill Stevenson,Corporate,United States,Chicago,Illinois,60653,Central,OFF-AP-10003278,Office Supplies,Appliances,Belkin 7-Outlet SurgeMaster Home Series,5.587999999999999,2,0.8,-15.087600000000002
6905,CA-2014-111220,2016-09-02,2016-09-08,Standard Class,JS-15595,Jill Stevenson,Corporate,United States,Chicago,Illinois,60653,Central,OFF-ST-10003994,Office Supplies,Storage,"Belkin 19"" Center-Weighted Shelf, Gray",235.92,5,0.2,-44.23500000000001
7223,CA-2014-113075,2016-09-02,2016-09-06,Standard Class,MC-18100,Mick Crebagga,Consumer,United States,Chicago,Illinois,60623,Central,TEC-AC-10003441,Technology,Accessories,Kingston Digital DataTraveler 32GB USB 2.0,40.68,3,0.2,-7.1190000000000015
537,US-2014-122637,2016-09-03,2016-09-08,Second Class,EP-13915,Emily Phan,Consumer,United States,Chicago,Illinois,60653,Central,OFF-BI-10002429,Office Supplies,Binders,"Premier Elliptical Ring Binder, Black",42.61599999999999,7,0.8,-68.18560000000002
6351,CA-2014-161557,2016-09-03,2016-09-08,Standard Class,AG-10900,Arthur Gainer,Consumer,United States,Dallas,Texas,75217,Central,FUR-FU-10004622,Furniture,Furnishings,Eldon Advantage Foldable Chair Mats for Low Pile Carpets,108.40000000000002,5,0.6,-105.69000000000003
7322,CA-2014-167626,2016-09-03,2016-09-07,Standard Class,MY-18295,Muhammed Yedwab,Corporate,United States,Chicago,Illinois,60623,Central,OFF-PA-10003424,Office Supplies,Paper,"""While you Were Out"" Message Book, One Form per Page",8.904,3,0.2,3.3389999999999995
7323,CA-2014-167626,2016-09-03,2016-09-07,Standard Class,MY-18295,Muhammed Yedwab,Corporate,United States,Chicago,Illinois,60623,Central,TEC-AC-10004353,Technology,Accessories,Hypercom P1300 Pinpad,100.80000000000001,2,0.2,21.42
1496,CA-2014-152485,2016-09-04,2016-09-08,Standard Class,JD-15790,John Dryer,Consumer,United States,Coppell,Texas,75019,Central,OFF-AR-10003759,Office Supplies,Art,"Crayola Anti Dust Chalk, 12/Pack",10.192000000000002,7,0.2,3.184999999999999
1497,CA-2014-152485,2016-09-04,2016-09-08,Standard Class,JD-15790,John Dryer,Consumer,United States,Coppell,Texas,75019,Central,OFF-ST-10004950,Office Supplies,Storage,Acco Perma 3000 Stacking Storage Drawers,16.784000000000002,1,0.2,-0.20980000000000043
1498,CA-2014-152485,2016-09-04,2016-09-08,Standard Class,JD-15790,John Dryer,Consumer,United States,Coppell,Texas,75019,Central,OFF-AR-10001940,Office Supplies,Art,"Sanford Colorific Eraseable Coloring Pencils, 12 Count",13.120000000000001,5,0.2,3.7720000000000002
3513,CA-2014-140326,2016-09-04,2016-09-06,First Class,HW-14935,Helen Wasserman,Corporate,United States,Chicago,Illinois,60653,Central,FUR-BO-10000112,Furniture,Bookcases,"Bush Birmingham Collection Bookcase, Dark Cherry",825.174,9,0.3,-117.88199999999998
3514,CA-2014-140326,2016-09-04,2016-09-06,First Class,HW-14935,Helen Wasserman,Corporate,United States,Chicago,Illinois,60653,Central,OFF-PA-10004041,Office Supplies,Paper,"It's Hot Message Books with Stickers, 2 3/4"" x 5""",17.76,3,0.2,5.55
3515,CA-2014-140326,2016-09-04,2016-09-06,First Class,HW-14935,Helen Wasserman,Corporate,United States,Chicago,Illinois,60653,Central,OFF-AR-10001149,Office Supplies,Art,"Sanford Colorific Colored Pencils, 12/Box",6.911999999999999,3,0.2,0.8639999999999999
7918,CA-2014-100783,2016-09-04,2016-09-08,Second Class,JK-16120,Julie Kriz,Home Office,United States,Garland,Texas,75043,Central,OFF-AR-10000380,Office Supplies,Art,"Hunt PowerHouse Electric Pencil Sharpener, Blue",30.384,1,0.2,3.7979999999999947
3358,CA-2014-100335,2016-09-07,2016-09-13,Standard Class,NF-18595,Nicole Fjeld,Home Office,United States,Chicago,Illinois,60610,Central,OFF-PA-10001685,Office Supplies,Paper,Easy-staple paper,73.008,9,0.2,26.465400000000006
3567,CA-2014-103877,2016-09-07,2016-09-14,Standard Class,RD-19660,Robert Dilbeck,Home Office,United States,Independence,Missouri,64055,Central,OFF-BI-10003650,Office Supplies,Binders,GBC DocuBind 300 Electric Binding Machine,1577.94,3,0.0,757.4112
5280,US-2014-104094,2016-09-07,2016-09-11,Standard Class,AG-10675,Anna Gayman,Consumer,United States,Milwaukee,Wisconsin,53209,Central,TEC-AC-10002134,Technology,Accessories,Rosewill 107 Normal Keys USB Wired Standard Keyboard,13.48,1,0.0,1.8872
7141,CA-2014-128783,2016-09-07,2016-09-07,Same Day,TG-21640,Trudy Glocke,Consumer,United States,Saint Charles,Missouri,63301,Central,TEC-AC-10002473,Technology,Accessories,Maxell 4.7GB DVD-R,113.52,4,0.0,46.5432
7142,CA-2014-128783,2016-09-07,2016-09-07,Same Day,TG-21640,Trudy Glocke,Consumer,United States,Saint Charles,Missouri,63301,Central,FUR-FU-10003623,Furniture,Furnishings,"DataProducts Ampli Magnifier Task Lamp, Black,",135.29999999999998,5,0.0,37.88399999999999
1714,US-2014-124968,2016-09-08,2016-09-13,Second Class,MM-18055,Michelle Moray,Consumer,United States,Chicago,Illinois,60610,Central,FUR-TA-10004289,Furniture,Tables,BoxOffice By Design Rectangular and Half-Moon Meeting Room Tables,765.625,7,0.5,-566.5625
5768,CA-2014-126396,2016-09-08,2016-09-12,Second Class,AR-10345,Alex Russell,Corporate,United States,Houston,Texas,77070,Central,TEC-AC-10003116,Technology,Accessories,Memorex Froggy Flash Drive 8 GB,85.2,6,0.2,20.234999999999996
6649,US-2014-124779,2016-09-08,2016-09-11,First Class,BF-11020,Barry Französisch,Corporate,United States,Arlington,Texas,76017,Central,OFF-BI-10002429,Office Supplies,Binders,"Premier Elliptical Ring Binder, Black",42.61599999999999,7,0.8,-68.18560000000002
6650,US-2014-124779,2016-09-08,2016-09-11,First Class,BF-11020,Barry Französisch,Corporate,United States,Arlington,Texas,76017,Central,TEC-CO-10001943,Technology,Copiers,Canon PC-428 Personal Copier,319.98400000000004,2,0.2,107.99459999999999
6651,US-2014-124779,2016-09-08,2016-09-11,First Class,BF-11020,Barry Französisch,Corporate,United States,Arlington,Texas,76017,Central,OFF-FA-10004854,Office Supplies,Fasteners,"Vinyl Coated Wire Paper Clips in Organizer Box, 800/Box",45.92,5,0.2,15.498000000000001
6652,US-2014-124779,2016-09-08,2016-09-11,First Class,BF-11020,Barry Französisch,Corporate,United States,Arlington,Texas,76017,Central,FUR-FU-10001095,Furniture,Furnishings,DAX Black Cherry Wood-Tone Poster Frame,21.184,2,0.6,-11.6512
6653,US-2014-124779,2016-09-08,2016-09-11,First Class,BF-11020,Barry Französisch,Corporate,United States,Arlington,Texas,76017,Central,OFF-PA-10000061,Office Supplies,Paper,Xerox 205,20.736000000000004,4,0.2,7.2576
6654,US-2014-124779,2016-09-08,2016-09-11,First Class,BF-11020,Barry Französisch,Corporate,United States,Arlington,Texas,76017,Central,FUR-CH-10003535,Furniture,Chairs,"Global Armless Task Chair, Royal Blue",213.42999999999995,5,0.3,-39.63699999999999
5217,US-2014-159562,2016-09-09,2016-09-15,Standard Class,JB-16000,Joy Bell-,Consumer,United States,Roseville,Michigan,48066,Central,OFF-EN-10000461,Office Supplies,Envelopes,"#10- 4 1/8"" x 9 1/2"" Recycled Envelopes",17.48,2,0.0,8.2156
6256,CA-2014-139444,2016-09-09,2016-09-15,Standard Class,GK-14620,Grace Kelly,Corporate,United States,Plano,Texas,75023,Central,OFF-LA-10000134,Office Supplies,Labels,Avery 511,9.856000000000002,4,0.2,3.4495999999999993
42,CA-2014-120999,2016-09-10,2016-09-15,Standard Class,LC-16930,Linda Cazamias,Corporate,United States,Naperville,Illinois,60540,Central,TEC-PH-10004093,Technology,Phones,Panasonic Kx-TS550,147.168,4,0.2,16.556399999999996
1959,CA-2014-110905,2016-09-10,2016-09-15,Second Class,RW-19690,Robert Waldorf,Consumer,United States,Springfield,Missouri,65807,Central,OFF-BI-10003669,Office Supplies,Binders,3M Organizer Strips,16.200000000000003,3,0.0,7.776
1960,CA-2014-110905,2016-09-10,2016-09-15,Second Class,RW-19690,Robert Waldorf,Consumer,United States,Springfield,Missouri,65807,Central,OFF-AP-10004785,Office Supplies,Appliances,"Holmes Replacement Filter for HEPA Air Cleaner, Medium Room",33.99,3,0.0,14.615700000000004
1961,CA-2014-110905,2016-09-10,2016-09-15,Second Class,RW-19690,Robert Waldorf,Consumer,United States,Springfield,Missouri,65807,Central,TEC-AC-10003023,Technology,Accessories,Logitech G105 Gaming Keyboard,296.84999999999997,5,0.0,53.43299999999999
1962,CA-2014-110905,2016-09-10,2016-09-15,Second Class,RW-19690,Robert Waldorf,Consumer,United States,Springfield,Missouri,65807,Central,TEC-AC-10002217,Technology,Accessories,Imation Clip USB flash drive - 8 GB,112.80000000000001,6,0.0,6.768000000000001
1963,CA-2014-110905,2016-09-10,2016-09-15,Second Class,RW-19690,Robert Waldorf,Consumer,United States,Springfield,Missouri,65807,Central,OFF-BI-10002954,Office Supplies,Binders,Newell 3-Hole Punched Plastic Slotted Magazine Holders for Binders,13.71,3,0.0,6.5808
1964,CA-2014-110905,2016-09-10,2016-09-15,Second Class,RW-19690,Robert Waldorf,Consumer,United States,Springfield,Missouri,65807,Central,OFF-PA-10002586,Office Supplies,Paper,Xerox 1970,24.900000000000002,5,0.0,11.703000000000001
1965,CA-2014-110905,2016-09-10,2016-09-15,Second Class,RW-19690,Robert Waldorf,Consumer,United States,Springfield,Missouri,65807,Central,OFF-ST-10000025,Office Supplies,Storage,Fellowes Stor/Drawer Steel Plus Storage Drawers,286.29,3,0.0,17.177399999999977
1966,CA-2014-110905,2016-09-10,2016-09-15,Second Class,RW-19690,Robert Waldorf,Consumer,United States,Springfield,Missouri,65807,Central,OFF-AP-10003281,Office Supplies,Appliances,Acco 6 Outlet Guardian Standard Surge Suppressor,24.18,2,0.0,7.253999999999998
2847,CA-2014-152093,2016-09-10,2016-09-15,Standard Class,SN-20560,Skye Norling,Home Office,United States,Chicago,Illinois,60653,Central,OFF-BI-10003527,Office Supplies,Binders,Fellowes PB500 Electric Punch Plastic Comb Binding Machine with Manual Bind,762.5939999999998,3,0.8,-1143.891
4368,CA-2014-117044,2016-09-11,2016-09-13,Second Class,HA-14920,Helen Andreada,Consumer,United States,Chicago,Illinois,60623,Central,OFF-FA-10000936,Office Supplies,Fasteners,Acco Hot Clips Clips to Go,10.528,4,0.2,3.2899999999999996
4369,CA-2014-117044,2016-09-11,2016-09-13,Second Class,HA-14920,Helen Andreada,Consumer,United States,Chicago,Illinois,60623,Central,OFF-PA-10003657,Office Supplies,Paper,Xerox 1927,20.544000000000004,6,0.2,6.419999999999996
7493,US-2014-160836,2016-09-11,2016-09-16,Standard Class,CC-12475,Cindy Chapman,Consumer,United States,Houston,Texas,77070,Central,OFF-PA-10004239,Office Supplies,Paper,Xerox 1953,10.272000000000002,3,0.2,3.209999999999998
7494,US-2014-160836,2016-09-11,2016-09-16,Standard Class,CC-12475,Cindy Chapman,Consumer,United States,Houston,Texas,77070,Central,FUR-TA-10002855,Furniture,Tables,Bevis Round Conference Table Top & Single Column Base,512.19,5,0.3,-65.85300000000001
7495,US-2014-160836,2016-09-11,2016-09-16,Standard Class,CC-12475,Cindy Chapman,Consumer,United States,Houston,Texas,77070,Central,OFF-AP-10001626,Office Supplies,Appliances,"Commercial WindTunnel Clean Air Upright Vacuum, Replacement Belts, Filtration Bags",1.5559999999999996,2,0.8,-4.2012
72,CA-2014-114440,2016-09-14,2016-09-17,Second Class,TB-21520,Tracy Blumstein,Consumer,United States,Jackson,Michigan,49201,Central,OFF-PA-10004675,Office Supplies,Paper,"Telephone Message Books with Fax/Mobile Section, 5 1/2"" x 3 3/16""",19.049999999999997,3,0.0,8.763
439,CA-2014-130043,2016-09-15,2016-09-19,Standard Class,BB-11545,Brenda Bowman,Corporate,United States,Houston,Texas,77070,Central,OFF-PA-10002230,Office Supplies,Paper,Xerox 1897,31.872000000000003,8,0.2,11.553600000000003
903,CA-2014-132353,2016-09-15,2016-09-17,First Class,DB-13060,Dave Brooks,Consumer,United States,Chicago,Illinois,60653,Central,TEC-PH-10004536,Technology,Phones,Avaya 5420 Digital phone,323.97600000000006,3,0.2,20.248499999999993
6975,CA-2014-146185,2016-09-15,2016-09-19,Standard Class,CC-12145,Charles Crestani,Consumer,United States,Houston,Texas,77095,Central,OFF-AR-10002987,Office Supplies,Art,Prismacolor Color Pencil Set,31.744,2,0.2,8.332800000000002
726,CA-2014-144113,2016-09-16,2016-09-20,Standard Class,JF-15355,Jay Fein,Consumer,United States,Austin,Texas,78745,Central,OFF-EN-10001141,Office Supplies,Envelopes,"Manila Recycled Extra-Heavyweight Clasp Envelopes, 6"" x 9""",17.568,2,0.2,6.3684
727,CA-2014-144113,2016-09-16,2016-09-20,Standard Class,JF-15355,Jay Fein,Consumer,United States,Austin,Texas,78745,Central,TEC-PH-10002170,Technology,Phones,ClearSounds CSC500 Amplified Spirit Phone Corded phone,55.992,1,0.2,5.5992000000000015
7450,CA-2014-105669,2016-09-17,2016-09-22,Second Class,SJ-20125,Sanjit Jacobs,Home Office,United States,Houston,Texas,77036,Central,OFF-AR-10000390,Office Supplies,Art,Newell Chalk Holder,9.912,3,0.2,3.2213999999999996
7451,CA-2014-105669,2016-09-17,2016-09-22,Second Class,SJ-20125,Sanjit Jacobs,Home Office,United States,Houston,Texas,77036,Central,FUR-CH-10003774,Furniture,Chairs,"Global Wood Trimmed Manager's Task Chair, Khaki",318.43,5,0.3,-77.33300000000001
7452,CA-2014-105669,2016-09-17,2016-09-22,Second Class,SJ-20125,Sanjit Jacobs,Home Office,United States,Houston,Texas,77036,Central,OFF-BI-10002412,Office Supplies,Binders,Wilson Jones “Snap” Scratch Pad Binder Tool for Ring Binders,5.799999999999999,5,0.8,-10.15
7453,CA-2014-105669,2016-09-17,2016-09-22,Second Class,SJ-20125,Sanjit Jacobs,Home Office,United States,Houston,Texas,77036,Central,TEC-PH-10002415,Technology,Phones,Polycom VoiceStation 500 Conference phone,1415.76,6,0.2,88.48500000000007
760,CA-2014-133333,2016-09-18,2016-09-22,Standard Class,BF-11020,Barry Französisch,Corporate,United States,Green Bay,Wisconsin,54302,Central,OFF-PA-10002377,Office Supplies,Paper,"Adams Telephone Message Book W/Dividers/Space For Phone Numbers, 5 1/4""X8 1/2"", 200/Messages",22.72,4,0.0,10.223999999999998
2823,CA-2014-131016,2016-09-18,2016-09-20,First Class,DC-12850,Dan Campbell,Consumer,United States,Arlington,Texas,76017,Central,OFF-AR-10000122,Office Supplies,Art,Newell 314,8.928,2,0.2,0.5579999999999989
2824,CA-2014-131016,2016-09-18,2016-09-20,First Class,DC-12850,Dan Campbell,Consumer,United States,Arlington,Texas,76017,Central,OFF-ST-10000352,Office Supplies,Storage,Acco Perma 2700 Stacking Storage Drawers,47.584,2,0.2,-2.9739999999999966
5324,CA-2014-134439,2016-09-18,2016-09-23,Second Class,TM-21010,Tamara Manning,Consumer,United States,Grand Island,Nebraska,68801,Central,OFF-PA-10004082,Office Supplies,Paper,"Adams Telephone Message Book w/Frequently-Called Numbers Space, 400 Messages per Book",15.96,2,0.0,7.98
7732,CA-2014-140508,2016-09-18,2016-09-21,First Class,PA-19060,Pete Armstrong,Home Office,United States,Dallas,Texas,75220,Central,OFF-EN-10000927,Office Supplies,Envelopes,Jet-Pak Recycled Peel 'N' Seal Padded Mailers,114.84800000000001,4,0.2,35.889999999999986
796,CA-2014-151428,2016-09-21,2016-09-26,Standard Class,RH-19495,Rick Hansen,Consumer,United States,Rochester,Minnesota,55901,Central,OFF-BI-10000546,Office Supplies,Binders,Avery Durable Binders,20.16,7,0.0,9.8784
1784,CA-2014-166317,2016-09-22,2016-09-26,Standard Class,JE-15610,Jim Epp,Corporate,United States,Milwaukee,Wisconsin,53209,Central,OFF-PA-10004475,Office Supplies,Paper,Xerox 1940,219.84,4,0.0,107.7216
1785,CA-2014-166317,2016-09-22,2016-09-26,Standard Class,JE-15610,Jim Epp,Corporate,United States,Milwaukee,Wisconsin,53209,Central,TEC-AC-10004510,Technology,Accessories,Logitech Desktop MK120 Mouse and keyboard Combo,98.16,6,0.0,9.815999999999995
1786,CA-2014-166317,2016-09-22,2016-09-26,Standard Class,JE-15610,Jim Epp,Corporate,United States,Milwaukee,Wisconsin,53209,Central,OFF-BI-10002976,Office Supplies,Binders,ACCOHIDE Binder by Acco,33.04,8,0.0,15.5288
1787,CA-2014-166317,2016-09-22,2016-09-26,Standard Class,JE-15610,Jim Epp,Corporate,United States,Milwaukee,Wisconsin,53209,Central,TEC-PH-10001615,Technology,Phones,AT&T CL82213,86.97,3,0.0,25.22129999999999
2123,CA-2014-167381,2016-09-22,2016-09-24,Second Class,EH-14005,Erica Hernandez,Home Office,United States,Lansing,Michigan,48911,Central,FUR-BO-10001972,Furniture,Bookcases,O'Sullivan 4-Shelf Bookcase in Odessa Pine,241.96,2,0.0,41.13319999999999
2124,CA-2014-167381,2016-09-22,2016-09-24,Second Class,EH-14005,Erica Hernandez,Home Office,United States,Lansing,Michigan,48911,Central,OFF-LA-10000134,Office Supplies,Labels,Avery 511,27.72,9,0.0,13.3056
3211,US-2014-108245,2016-09-22,2016-09-27,Standard Class,SH-19975,Sally Hughsby,Corporate,United States,Pearland,Texas,77581,Central,OFF-EN-10001415,Office Supplies,Envelopes,Staple envelope,13.392000000000001,3,0.2,5.022
3212,US-2014-108245,2016-09-22,2016-09-27,Standard Class,SH-19975,Sally Hughsby,Corporate,United States,Pearland,Texas,77581,Central,OFF-BI-10000773,Office Supplies,Binders,Insertable Tab Post Binder Dividers,11.227999999999998,7,0.8,-18.52620000000001
1970,CA-2014-117485,2016-09-23,2016-09-29,Standard Class,BD-11320,Bill Donatelli,Consumer,United States,Tulsa,Oklahoma,74133,Central,TEC-AC-10004659,Technology,Accessories,Imation Secure+ Hardware Encrypted USB 2.0 Flash Drive; 16GB,291.96,4,0.0,102.18599999999998
5415,US-2014-125647,2016-09-23,2016-09-28,Standard Class,LC-16870,Lena Cacioppo,Consumer,United States,Chicago,Illinois,60653,Central,OFF-AP-10000390,Office Supplies,Appliances,Euro Pro Shark Stick Mini Vacuum,73.17599999999997,6,0.8,-197.57520000000002
5416,US-2014-125647,2016-09-23,2016-09-28,Standard Class,LC-16870,Lena Cacioppo,Consumer,United States,Chicago,Illinois,60653,Central,OFF-PA-10004888,Office Supplies,Paper,Xerox 217,20.736000000000004,4,0.2,7.2576
5417,US-2014-125647,2016-09-23,2016-09-28,Standard Class,LC-16870,Lena Cacioppo,Consumer,United States,Chicago,Illinois,60653,Central,TEC-PH-10004188,Technology,Phones,OtterBox Commuter Series Case - Samsung Galaxy S4,39.984,2,0.2,-8.9964
9627,CA-2014-103520,2016-09-23,2016-09-25,First Class,MH-17785,Maya Herman,Corporate,United States,Lubbock,Texas,79424,Central,OFF-PA-10001846,Office Supplies,Paper,Xerox 1899,9.248000000000001,2,0.2,3.3524000000000003
3494,CA-2014-142034,2016-09-24,2016-09-28,Standard Class,KB-16240,Karen Bern,Corporate,United States,Saint Cloud,Minnesota,56301,Central,TEC-AC-10002305,Technology,Accessories,KeyTronic E03601U1 - Keyboard - Beige,72.0,4,0.0,12.959999999999994
3495,CA-2014-142034,2016-09-24,2016-09-28,Standard Class,KB-16240,Karen Bern,Corporate,United States,Saint Cloud,Minnesota,56301,Central,TEC-AC-10000990,Technology,Accessories,Imation Bio 2GB USB Flash Drive Imation Corp,655.9000000000001,5,0.0,275.478
3496,CA-2014-142034,2016-09-24,2016-09-28,Standard Class,KB-16240,Karen Bern,Corporate,United States,Saint Cloud,Minnesota,56301,Central,FUR-CH-10000665,Furniture,Chairs,"Global Airflow Leather Mesh Back Chair, Black",603.92,4,0.0,181.17599999999993
9353,CA-2014-148411,2016-09-24,2016-09-26,First Class,RO-19780,Rose O'Brian,Consumer,United States,Chicago,Illinois,60623,Central,FUR-CH-10003973,Furniture,Chairs,GuestStacker Chair with Chrome Finish Legs,520.4639999999999,2,0.3,-14.870399999999961
9354,CA-2014-148411,2016-09-24,2016-09-26,First Class,RO-19780,Rose O'Brian,Consumer,United States,Chicago,Illinois,60623,Central,OFF-PA-10002109,Office Supplies,Paper,Wirebound Voice Message Log Book,11.424,3,0.2,3.7127999999999988
2035,CA-2014-162481,2016-09-25,2016-09-29,Standard Class,CT-11995,Carol Triggs,Consumer,United States,Rochester,Minnesota,55901,Central,OFF-BI-10002976,Office Supplies,Binders,ACCOHIDE Binder by Acco,8.26,2,0.0,3.8822
2036,CA-2014-162481,2016-09-25,2016-09-29,Standard Class,CT-11995,Carol Triggs,Consumer,United States,Rochester,Minnesota,55901,Central,FUR-CH-10003061,Furniture,Chairs,"Global Leather Task Chair, Black",269.96999999999997,3,0.0,51.294299999999964
1069,US-2014-139955,2016-09-28,2016-09-30,Second Class,CM-12160,Charles McCrossin,Consumer,United States,Brownsville,Texas,78521,Central,OFF-SU-10001935,Office Supplies,Supplies,Staple remover,1.7440000000000002,1,0.2,-0.34880000000000033
985,CA-2014-100314,2016-09-29,2016-10-05,Standard Class,AS-10630,Ann Steele,Home Office,United States,Pasadena,Texas,77506,Central,OFF-LA-10001569,Office Supplies,Labels,Avery 499,7.968000000000001,2,0.2,2.5896
986,CA-2014-100314,2016-09-29,2016-10-05,Standard Class,AS-10630,Ann Steele,Home Office,United States,Pasadena,Texas,77506,Central,OFF-EN-10000461,Office Supplies,Envelopes,"#10- 4 1/8"" x 9 1/2"" Recycled Envelopes",27.968000000000004,4,0.2,9.4392
987,CA-2014-100314,2016-09-29,2016-10-05,Standard Class,AS-10630,Ann Steele,Home Office,United States,Pasadena,Texas,77506,Central,TEC-MA-10003066,Technology,Machines,Wasp CCD Handheld Bar Code Reader,336.51,3,0.4,44.86799999999997
9688,US-2014-130603,2016-09-30,2016-10-06,Standard Class,SC-20050,Sample Company A,Home Office,United States,Arlington,Texas,76017,Central,OFF-BI-10000301,Office Supplies,Binders,GBC Instant Report Kit,11.645999999999997,9,0.8,-17.469000000000005
429,CA-2014-152275,2016-10-01,2016-10-08,Standard Class,KH-16630,Ken Heidel,Corporate,United States,San Antonio,Texas,78207,Central,OFF-AR-10000369,Office Supplies,Art,Design Ebony Sketching Pencil,6.671999999999999,6,0.2,0.5004
3582,CA-2014-117807,2016-10-01,2016-10-07,Standard Class,DK-13090,Dave Kipp,Consumer,United States,Fremont,Nebraska,68025,Central,OFF-PA-10000994,Office Supplies,Paper,Xerox 1915,104.85,1,0.0,50.327999999999996
750,CA-2014-126074,2016-10-02,2016-10-06,Standard Class,RF-19735,Roland Fjeld,Consumer,United States,Trenton,Michigan,48183,Central,OFF-BI-10003638,Office Supplies,Binders,GBC Durable Plastic Covers,58.050000000000004,3,0.0,26.703
751,CA-2014-126074,2016-10-02,2016-10-06,Standard Class,RF-19735,Roland Fjeld,Consumer,United States,Trenton,Michigan,48183,Central,FUR-FU-10003577,Furniture,Furnishings,Nu-Dell Leatherette Frames,157.74,11,0.0,56.7864
752,CA-2014-126074,2016-10-02,2016-10-06,Standard Class,RF-19735,Roland Fjeld,Consumer,United States,Trenton,Michigan,48183,Central,OFF-AR-10003478,Office Supplies,Art,"Avery Hi-Liter EverBold Pen Style Fluorescent Highlighters, 4/Pack",56.980000000000004,7,0.0,22.792
753,CA-2014-126074,2016-10-02,2016-10-06,Standard Class,RF-19735,Roland Fjeld,Consumer,United States,Trenton,Michigan,48183,Central,OFF-BI-10000546,Office Supplies,Binders,Avery Durable Binders,2.88,1,0.0,1.4112
9420,CA-2014-152926,2016-10-02,2016-10-04,Second Class,SC-20695,Steve Chapman,Corporate,United States,Houston,Texas,77041,Central,OFF-AP-10004708,Office Supplies,Appliances,Fellowes Superior 10 Outlet Split Surge Protector,15.223999999999997,2,0.8,-38.82120000000001
9421,CA-2014-152926,2016-10-02,2016-10-04,Second Class,SC-20695,Steve Chapman,Corporate,United States,Houston,Texas,77041,Central,OFF-AP-10001947,Office Supplies,Appliances,Acco 6 Outlet Guardian Premium Plus Surge Suppressor,21.983999999999995,6,0.8,-56.05920000000001
1897,CA-2014-141789,2016-10-03,2016-10-06,First Class,AC-10450,Amy Cox,Consumer,United States,Minneapolis,Minnesota,55407,Central,OFF-BI-10001359,Office Supplies,Binders,GBC DocuBind TL300 Electric Binding System,1793.98,2,0.0,843.1705999999999
8115,CA-2014-144820,2016-10-03,2016-10-07,Second Class,LW-16825,Laurel Workman,Corporate,United States,Pasadena,Texas,77506,Central,OFF-AR-10004817,Office Supplies,Art,Colorific Watercolor Pencils,20.64,5,0.2,2.3219999999999974
9872,CA-2014-146269,2016-10-06,2016-10-06,Same Day,MH-17455,Mark Hamilton,Consumer,United States,Chicago,Illinois,60623,Central,OFF-ST-10003208,Office Supplies,Storage,Adjustable Depth Letter/Legal Cart,290.336,2,0.2,32.66279999999995
9873,CA-2014-146269,2016-10-06,2016-10-06,Same Day,MH-17455,Mark Hamilton,Consumer,United States,Chicago,Illinois,60623,Central,OFF-AR-10004790,Office Supplies,Art,Staples in misc. colors,19.152,2,0.2,1.1969999999999992
4181,CA-2014-128426,2016-10-07,2016-10-11,Standard Class,JK-15730,Joe Kamberova,Consumer,United States,Houston,Texas,77036,Central,OFF-BI-10000756,Office Supplies,Binders,Storex DuraTech Recycled Plastic Frosted Binders,4.239999999999999,5,0.8,-6.359999999999999
5281,CA-2014-152709,2016-10-07,2016-10-12,Standard Class,DB-13210,Dean Braden,Consumer,United States,Detroit,Michigan,48234,Central,OFF-ST-10001837,Office Supplies,Storage,"SAFCO Mobile Desk Side File, Wire Frame",85.52,2,0.0,22.2352
1395,US-2014-117247,2016-10-09,2016-10-14,Standard Class,CK-12760,Cyma Kinney,Corporate,United States,Aurora,Illinois,60505,Central,FUR-TA-10002958,Furniture,Tables,"Bevis Oval Conference Table, Walnut",652.45,5,0.5,-430.6170000000002
1396,US-2014-117247,2016-10-09,2016-10-14,Standard Class,CK-12760,Cyma Kinney,Corporate,United States,Aurora,Illinois,60505,Central,FUR-TA-10001676,Furniture,Tables,Hon 61000 Series Interactive Training Tables,66.645,3,0.5,-42.6528
4917,CA-2014-163125,2016-10-09,2016-10-11,Second Class,MB-17305,Maria Bertelson,Consumer,United States,League City,Texas,77573,Central,OFF-AR-10004344,Office Supplies,Art,Bulldog Vacuum Base Pencil Sharpener,67.144,7,0.2,5.875099999999996
4918,CA-2014-163125,2016-10-09,2016-10-11,Second Class,MB-17305,Maria Bertelson,Consumer,United States,League City,Texas,77573,Central,FUR-CH-10001802,Furniture,Chairs,Hon Every-Day Chair Series Swivel Task Chairs,254.058,3,0.3,-32.66459999999999
8944,CA-2014-111717,2016-10-10,2016-10-16,Standard Class,SW-20245,Scot Wooten,Consumer,United States,Aurora,Illinois,60505,Central,FUR-CH-10001545,Furniture,Chairs,Hon Comfortask Task/Swivel Chairs,239.358,3,0.3,-47.8716
1046,CA-2014-152702,2016-10-12,2016-10-16,Standard Class,SN-20710,Steve Nguyen,Home Office,United States,Rockford,Illinois,61107,Central,FUR-CH-10002304,Furniture,Chairs,"Global Stack Chair without Arms, Black",254.60399999999998,14,0.3,-18.185999999999993
7793,CA-2014-169362,2016-10-12,2016-10-15,First Class,SP-20860,Sung Pak,Corporate,United States,Dallas,Texas,75217,Central,TEC-AC-10001383,Technology,Accessories,Logitech Wireless Touch Keyboard K400,39.984,2,0.2,-1.4994000000000067
9099,CA-2014-152933,2016-10-12,2016-10-16,Standard Class,MG-17650,Matthew Grinstein,Home Office,United States,Dallas,Texas,75081,Central,TEC-PH-10002085,Technology,Phones,Clarity 53712,369.544,7,0.2,27.71580000000003
9100,CA-2014-152933,2016-10-12,2016-10-16,Standard Class,MG-17650,Matthew Grinstein,Home Office,United States,Dallas,Texas,75081,Central,OFF-PA-10001934,Office Supplies,Paper,Xerox 1993,10.368000000000002,2,0.2,3.7584
9101,CA-2014-152933,2016-10-12,2016-10-16,Standard Class,MG-17650,Matthew Grinstein,Home Office,United States,Dallas,Texas,75081,Central,TEC-AC-10003033,Technology,Accessories,Plantronics CS510 - Over-the-Head monaural Wireless Headset System,791.8799999999999,3,0.2,128.68049999999994
4255,CA-2014-163160,2016-10-13,2016-10-16,First Class,TS-21610,Troy Staebel,Consumer,United States,Freeport,Illinois,61032,Central,OFF-PA-10003127,Office Supplies,Paper,Easy-staple paper,63.312,3,0.2,20.576399999999996
4256,CA-2014-163160,2016-10-13,2016-10-16,First Class,TS-21610,Troy Staebel,Consumer,United States,Freeport,Illinois,61032,Central,OFF-BI-10000778,Office Supplies,Binders,GBC VeloBinder Electric Binding Machine,96.78399999999998,4,0.8,-145.17600000000002
4257,CA-2014-163160,2016-10-13,2016-10-16,First Class,TS-21610,Troy Staebel,Consumer,United States,Freeport,Illinois,61032,Central,FUR-FU-10001424,Furniture,Furnishings,Dax Clear Box Frame,10.476,3,0.6,-6.809400000000004
5697,CA-2014-126123,2016-10-14,2016-10-18,Standard Class,AG-10765,Anthony Garverick,Home Office,United States,Chicago,Illinois,60623,Central,OFF-BI-10000309,Office Supplies,Binders,"GBC Twin Loop Wire Binding Elements, 9/16"" Spine, Black",27.395999999999997,9,0.8,-42.46380000000002
5698,CA-2014-126123,2016-10-14,2016-10-18,Standard Class,AG-10765,Anthony Garverick,Home Office,United States,Chicago,Illinois,60623,Central,OFF-BI-10004224,Office Supplies,Binders,Catalog Binders with Expanding Posts,13.455999999999998,1,0.8,-23.54800000000001
35,CA-2014-107727,2016-10-19,2016-10-23,Second Class,MA-17560,Matt Abelman,Home Office,United States,Houston,Texas,77095,Central,OFF-PA-10000249,Office Supplies,Paper,Easy-staple paper,29.472,3,0.2,9.946799999999998
1671,CA-2014-159457,2016-10-19,2016-10-26,Standard Class,RD-19480,Rick Duston,Consumer,United States,Houston,Texas,77095,Central,TEC-PH-10002185,Technology,Phones,QVS USB Car Charger 2-Port 2.1Amp for iPod/iPhone/iPad/iPad 2/iPad 3,16.68,3,0.2,5.2125
4927,CA-2014-117653,2016-10-19,2016-10-23,Standard Class,MO-17500,Mary O'Rourke,Consumer,United States,Chicago,Illinois,60623,Central,FUR-TA-10003008,Furniture,Tables,"Lesro Round Back Collection Coffee Table, End Table",91.275,1,0.5,-67.5435
5175,CA-2014-106432,2016-10-19,2016-10-24,Standard Class,CA-12265,Christina Anderson,Consumer,United States,Waco,Texas,76706,Central,OFF-BI-10002799,Office Supplies,Binders,"SlimView Poly Binder, 3/8""",2.0719999999999996,2,0.8,-3.522400000000001
5176,CA-2014-106432,2016-10-19,2016-10-24,Standard Class,CA-12265,Christina Anderson,Consumer,United States,Waco,Texas,76706,Central,FUR-BO-10004360,Furniture,Bookcases,Rush Hierlooms Collection Rich Wood Bookcases,328.39919999999995,3,0.32,-91.75859999999997
1831,CA-2014-145884,2016-10-21,2016-10-21,Same Day,SL-20155,Sara Luxemburg,Home Office,United States,Muskogee,Oklahoma,74403,Central,TEC-PH-10000895,Technology,Phones,Polycom VVX 310 VoIP phone,1439.92,8,0.0,374.3792000000001
1832,CA-2014-145884,2016-10-21,2016-10-21,Same Day,SL-20155,Sara Luxemburg,Home Office,United States,Muskogee,Oklahoma,74403,Central,FUR-TA-10002356,Furniture,Tables,Bevis Boat-Shaped Conference Table,262.11,1,0.0,62.90639999999999
1906,CA-2014-154410,2016-10-21,2016-10-24,First Class,MD-17860,Michael Dominguez,Corporate,United States,Indianapolis,Indiana,46203,Central,OFF-ST-10002743,Office Supplies,Storage,SAFCO Boltless Steel Shelving,909.12,8,0.0,9.091199999999958
4047,CA-2014-100356,2016-10-21,2016-10-25,Standard Class,SP-20920,Susan Pistek,Consumer,United States,Chicago,Illinois,60653,Central,OFF-AP-10002191,Office Supplies,Appliances,Belkin 8 Outlet SurgeMaster II Gold Surge Protector,23.991999999999994,2,0.8,-62.3792
7350,CA-2014-142125,2016-10-21,2016-10-27,Standard Class,JB-15400,Jennifer Braxton,Corporate,United States,Milwaukee,Wisconsin,53209,Central,OFF-BI-10000301,Office Supplies,Binders,GBC Instant Report Kit,38.82,6,0.0,19.41
7351,CA-2014-142125,2016-10-21,2016-10-27,Standard Class,JB-15400,Jennifer Braxton,Corporate,United States,Milwaukee,Wisconsin,53209,Central,OFF-BI-10003460,Office Supplies,Binders,Acco 3-Hole Punch,21.9,5,0.0,10.511999999999999
4478,CA-2014-130211,2016-10-22,2016-10-22,Same Day,BD-11620,Brian DeCherney,Consumer,United States,Lawton,Oklahoma,73505,Central,OFF-ST-10000129,Office Supplies,Storage,Fellowes Recycled Storage Drawers,333.09000000000003,3,0.0,23.316299999999984
4479,CA-2014-130211,2016-10-22,2016-10-22,Same Day,BD-11620,Brian DeCherney,Consumer,United States,Lawton,Oklahoma,73505,Central,FUR-TA-10003748,Furniture,Tables,Bevis 36 x 72 Conference Tables,248.98,2,0.0,54.7756
4516,US-2014-111920,2016-10-22,2016-10-26,Standard Class,PS-18970,Paul Stevenson,Home Office,United States,Tulsa,Oklahoma,74133,Central,OFF-AR-10003179,Office Supplies,Art,Dixon Ticonderoga Core-Lock Colored Pencils,36.44,4,0.0,12.025199999999998
3856,US-2014-105389,2016-10-23,2016-10-28,Second Class,DM-13015,Darrin Martin,Consumer,United States,San Antonio,Texas,78207,Central,OFF-BI-10004364,Office Supplies,Binders,Storex Dura Pro Binders,3.563999999999999,3,0.8,-6.237000000000002
3857,US-2014-105389,2016-10-23,2016-10-28,Second Class,DM-13015,Darrin Martin,Consumer,United States,San Antonio,Texas,78207,Central,TEC-PH-10002824,Technology,Phones,Jabra SPEAK 410 Multidevice Speakerphone,823.9600000000002,5,0.2,51.497499999999974
3858,US-2014-105389,2016-10-23,2016-10-28,Second Class,DM-13015,Darrin Martin,Consumer,United States,San Antonio,Texas,78207,Central,OFF-AR-10000634,Office Supplies,Art,Newell 320,10.272000000000002,3,0.2,0.8988
4148,CA-2014-106068,2016-10-23,2016-10-28,Standard Class,RB-19330,Randy Bradley,Consumer,United States,Austin,Texas,78745,Central,OFF-BI-10000962,Office Supplies,Binders,"Acco Flexible ACCOHIDE Square Ring Data Binder, Dark Blue, 11 1/2"" X 14"" 7/8""",9.761999999999997,3,0.8,-15.131100000000004
4149,CA-2014-106068,2016-10-23,2016-10-28,Standard Class,RB-19330,Randy Bradley,Consumer,United States,Austin,Texas,78745,Central,OFF-ST-10004507,Office Supplies,Storage,Advantus Rolling Storage Box,13.719999999999999,1,0.2,1.2005
4150,CA-2014-106068,2016-10-23,2016-10-28,Standard Class,RB-19330,Randy Bradley,Consumer,United States,Austin,Texas,78745,Central,TEC-AC-10002942,Technology,Accessories,WD My Passport Ultra 1TB Portable External Hard Drive,55.2,1,0.2,-2.070000000000004
4151,CA-2014-106068,2016-10-23,2016-10-28,Standard Class,RB-19330,Randy Bradley,Consumer,United States,Austin,Texas,78745,Central,OFF-ST-10002344,Office Supplies,Storage,"Carina 42""Hx23 3/4""W Media Storage Unit",259.136,4,0.2,-58.305599999999984
8678,CA-2014-141705,2016-10-24,2016-10-26,First Class,PO-18850,Patrick O'Brill,Consumer,United States,Mansfield,Texas,76063,Central,FUR-TA-10004607,Furniture,Tables,Hon 2111 Invitation Series Straight Table,517.4050000000001,5,0.3,-81.30650000000003
87,CA-2014-155558,2016-10-26,2016-11-02,Standard Class,PG-18895,Paul Gonzalez,Consumer,United States,Rochester,Minnesota,55901,Central,TEC-AC-10001998,Technology,Accessories,Logitech LS21 Speaker System - PC Multimedia - 2.1-CH - Wired,19.99,1,0.0,6.796599999999998
88,CA-2014-155558,2016-10-26,2016-11-02,Standard Class,PG-18895,Paul Gonzalez,Consumer,United States,Rochester,Minnesota,55901,Central,OFF-LA-10000134,Office Supplies,Labels,Avery 511,6.16,2,0.0,2.9568
9532,CA-2014-102729,2016-10-26,2016-10-31,Standard Class,BF-11215,Benjamin Farhat,Home Office,United States,Dallas,Texas,75217,Central,OFF-ST-10000464,Office Supplies,Storage,"Multi-Use Personal File Cart and Caster Set, Three Stacking Bins",55.616,2,0.2,5.561600000000002
3253,CA-2014-110373,2016-10-27,2016-10-30,Second Class,MA-17560,Matt Abelman,Home Office,United States,Chicago,Illinois,60610,Central,OFF-AR-10003045,Office Supplies,Art,Prang Colored Pencils,7.055999999999999,3,0.2,2.205
3254,CA-2014-110373,2016-10-27,2016-10-30,Second Class,MA-17560,Matt Abelman,Home Office,United States,Chicago,Illinois,60610,Central,TEC-PH-10001536,Technology,Phones,Spigen Samsung Galaxy S5 Case Wallet,27.183999999999997,2,0.2,2.0387999999999984
5673,CA-2014-127922,2016-10-27,2016-11-03,Standard Class,SH-19975,Sally Hughsby,Corporate,United States,Dallas,Texas,75081,Central,OFF-EN-10003068,Office Supplies,Envelopes,#6 3/4 Gummed Flap White Envelopes,15.840000000000002,2,0.2,5.543999999999999
5674,CA-2014-127922,2016-10-27,2016-11-03,Standard Class,SH-19975,Sally Hughsby,Corporate,United States,Dallas,Texas,75081,Central,OFF-PA-10001204,Office Supplies,Paper,Xerox 1972,8.448,2,0.2,2.6399999999999997
6495,CA-2014-111262,2016-10-28,2016-11-01,Second Class,KH-16510,Keith Herrera,Consumer,United States,Houston,Texas,77095,Central,TEC-AC-10002167,Technology,Accessories,Imation 8gb Micro Traveldrive Usb 2.0 Flash Drive,24.0,2,0.2,-2.6999999999999993
6496,CA-2014-111262,2016-10-28,2016-11-01,Second Class,KH-16510,Keith Herrera,Consumer,United States,Houston,Texas,77095,Central,OFF-PA-10001937,Office Supplies,Paper,Xerox 21,15.552000000000003,3,0.2,5.4432
6497,CA-2014-111262,2016-10-28,2016-11-01,Second Class,KH-16510,Keith Herrera,Consumer,United States,Houston,Texas,77095,Central,TEC-AC-10004510,Technology,Accessories,Logitech Desktop MK120 Mouse and keyboard Combo,26.176000000000002,2,0.2,-3.272000000000002
3438,CA-2014-152583,2016-10-30,2016-10-30,Same Day,RA-19945,Ryan Akin,Consumer,United States,Dallas,Texas,75217,Central,FUR-FU-10003849,Furniture,Furnishings,"DAX Metal Frame, Desktop, Stepped-Edge",16.192,2,0.6,-8.500799999999998
3439,CA-2014-152583,2016-10-30,2016-10-30,Same Day,RA-19945,Ryan Akin,Consumer,United States,Dallas,Texas,75217,Central,FUR-TA-10002041,Furniture,Tables,"Bevis Round Conference Table Top, X-Base",251.00599999999997,2,0.3,-68.13019999999999
3440,CA-2014-152583,2016-10-30,2016-10-30,Same Day,RA-19945,Ryan Akin,Consumer,United States,Dallas,Texas,75217,Central,OFF-ST-10002214,Office Supplies,Storage,X-Rack File for Hanging Folders,54.192,6,0.2,4.064399999999997
6398,CA-2014-131632,2016-10-31,2016-11-04,Standard Class,AH-10120,Adrian Hane,Home Office,United States,Dallas,Texas,75217,Central,OFF-AR-10003651,Office Supplies,Art,Newell 350,5.248,2,0.2,0.5903999999999991
7827,CA-2014-117114,2016-10-31,2016-11-05,Standard Class,CY-12745,Craig Yedwab,Corporate,United States,Chicago,Illinois,60610,Central,TEC-PH-10004042,Technology,Phones,ClearOne Communications CHAT 70 OC Speaker Phone,508.76800000000003,4,0.2,38.1576
7828,CA-2014-117114,2016-10-31,2016-11-05,Standard Class,CY-12745,Craig Yedwab,Corporate,United States,Chicago,Illinois,60610,Central,OFF-EN-10001137,Office Supplies,Envelopes,"#10 Gummed Flap White Envelopes, 100/Box",9.912,3,0.2,3.2213999999999996
3275,CA-2014-116358,2016-11-02,2016-11-06,Standard Class,KM-16225,Kalyca Meade,Corporate,United States,Overland Park,Kansas,66212,Central,OFF-FA-10003495,Office Supplies,Fasteners,Staples,18.240000000000002,3,0.0,9.120000000000001
3276,CA-2014-116358,2016-11-02,2016-11-06,Standard Class,KM-16225,Kalyca Meade,Corporate,United States,Overland Park,Kansas,66212,Central,OFF-AR-10004685,Office Supplies,Art,"Binney & Smith Crayola Metallic Colored Pencils, 8-Color Set",27.78,6,0.0,9.167399999999999
7377,US-2014-145597,2016-11-02,2016-11-05,First Class,GG-14650,Greg Guthrie,Corporate,United States,Bloomington,Illinois,61701,Central,OFF-AR-10001958,Office Supplies,Art,Stanley Bostitch Contemporary Electric Pencil Sharpeners,54.336000000000006,4,0.2,5.4336
8020,CA-2014-167227,2016-11-02,2016-11-05,First Class,NP-18670,Nora Paige,Consumer,United States,Saint Louis,Missouri,63116,Central,OFF-AP-10001962,Office Supplies,Appliances,Black & Decker Filter for Double Action Dustbuster Cordless Vac BLDV7210,83.9,10,0.0,20.975
8021,CA-2014-167227,2016-11-02,2016-11-05,First Class,NP-18670,Nora Paige,Consumer,United States,Saint Louis,Missouri,63116,Central,OFF-PA-10001838,Office Supplies,Paper,"Adams Telephone Message Book W/Dividers/Space For Phone Numbers, 5 1/4""X8 1/2"", 300/Messages",11.76,2,0.0,5.7623999999999995
2907,CA-2014-121615,2016-11-03,2016-11-09,Standard Class,DL-12925,Daniel Lacy,Consumer,United States,Eagan,Minnesota,55122,Central,OFF-PA-10000327,Office Supplies,Paper,Xerox 1971,8.56,2,0.0,3.8519999999999994
2908,CA-2014-121615,2016-11-03,2016-11-09,Standard Class,DL-12925,Daniel Lacy,Consumer,United States,Eagan,Minnesota,55122,Central,OFF-ST-10001325,Office Supplies,Storage,Sterilite Officeware Hinged File Box,52.400000000000006,5,0.0,14.148
2909,CA-2014-121615,2016-11-03,2016-11-09,Standard Class,DL-12925,Daniel Lacy,Consumer,United States,Eagan,Minnesota,55122,Central,OFF-LA-10001771,Office Supplies,Labels,Avery 513,14.940000000000001,3,0.0,6.8724
1411,CA-2014-105144,2016-11-04,2016-11-11,Standard Class,SZ-20035,Sam Zeldin,Home Office,United States,Grand Prairie,Texas,75051,Central,OFF-LA-10003923,Office Supplies,Labels,Alphabetical Labels for Top Tab Filing,23.680000000000003,2,0.2,8.879999999999999
9224,CA-2014-121160,2016-11-04,2016-11-04,Same Day,FM-14290,Frank Merwin,Home Office,United States,Bryan,Texas,77803,Central,OFF-BI-10001308,Office Supplies,Binders,GBC Standard Plastic Binding Systems' Combs,7.535999999999999,6,0.8,-13.18800000000001
9225,CA-2014-121160,2016-11-04,2016-11-04,Same Day,FM-14290,Frank Merwin,Home Office,United States,Bryan,Texas,77803,Central,OFF-BI-10003094,Office Supplies,Binders,Self-Adhesive Ring Binder Labels,1.4079999999999997,2,0.8,-2.323200000000001
9226,CA-2014-121160,2016-11-04,2016-11-04,Same Day,FM-14290,Frank Merwin,Home Office,United States,Bryan,Texas,77803,Central,OFF-BI-10004040,Office Supplies,Binders,Wilson Jones Impact Binders,4.143999999999999,4,0.8,-6.423200000000001
9227,CA-2014-121160,2016-11-04,2016-11-04,Same Day,FM-14290,Frank Merwin,Home Office,United States,Bryan,Texas,77803,Central,OFF-ST-10002485,Office Supplies,Storage,Rogers Deluxe File Chest,52.751999999999995,3,0.2,-12.5286
3349,CA-2014-154732,2016-11-05,2016-11-07,First Class,AH-10195,Alan Haines,Corporate,United States,Chicago,Illinois,60623,Central,OFF-BI-10000474,Office Supplies,Binders,Avery Recycled Flexi-View Covers for Binding Systems,16.029999999999998,5,0.8,-25.648000000000003
3462,CA-2014-114258,2016-11-05,2016-11-10,Second Class,EM-13825,Elizabeth Moffitt,Corporate,United States,Dallas,Texas,75081,Central,TEC-PH-10003012,Technology,Phones,Nortel Meridian M3904 Professional Digital phone,492.76800000000003,4,0.2,55.436399999999935
9498,CA-2014-118213,2016-11-05,2016-11-07,First Class,AB-10060,Adam Bellavance,Home Office,United States,Greenwood,Indiana,46142,Central,OFF-PA-10002615,Office Supplies,Paper,"Ampad Gold Fibre Wirebound Steno Books, 6"" x 9"", Gregg Ruled",4.41,1,0.0,2.0286
9499,CA-2014-118213,2016-11-05,2016-11-07,First Class,AB-10060,Adam Bellavance,Home Office,United States,Greenwood,Indiana,46142,Central,OFF-PA-10000565,Office Supplies,Paper,Easy-staple paper,167.94,3,0.0,82.2906
9500,CA-2014-118213,2016-11-05,2016-11-07,First Class,AB-10060,Adam Bellavance,Home Office,United States,Greenwood,Indiana,46142,Central,OFF-PA-10003673,Office Supplies,Paper,Strathmore Photo Mount Cards,67.8,10,0.0,31.188
3046,CA-2014-125290,2016-11-06,2016-11-10,Second Class,CC-12430,Chuck Clark,Home Office,United States,Minneapolis,Minnesota,55407,Central,OFF-AR-10001216,Office Supplies,Art,Newell 339,13.899999999999999,5,0.0,3.6139999999999994
3047,CA-2014-125290,2016-11-06,2016-11-10,Second Class,CC-12430,Chuck Clark,Home Office,United States,Minneapolis,Minnesota,55407,Central,OFF-PA-10003127,Office Supplies,Paper,Easy-staple paper,26.38,1,0.0,12.134799999999998
8621,US-2014-119319,2016-11-06,2016-11-09,Second Class,LC-17050,Liz Carlisle,Consumer,United States,Dallas,Texas,75217,Central,FUR-FU-10003878,Furniture,Furnishings,"Linden 10"" Round Wall Clock, Black",30.560000000000002,5,0.6,-19.863999999999997
8966,CA-2014-106691,2016-11-06,2016-11-12,Standard Class,CC-12370,Christopher Conant,Consumer,United States,Houston,Texas,77070,Central,OFF-BI-10000145,Office Supplies,Binders,Zipper Ring Binder Pockets,1.2479999999999998,2,0.8,-1.934400000000001
9482,CA-2014-150504,2016-11-06,2016-11-12,Standard Class,HG-14845,Harry Greene,Consumer,United States,Dallas,Texas,75220,Central,OFF-ST-10000615,Office Supplies,Storage,"SimpliFile Personal File, Black Granite, 15w x 6-15/16d x 11-1/4h",18.16,2,0.2,1.8160000000000016
9493,CA-2014-163188,2016-11-07,2016-11-07,Same Day,EC-14050,Erin Creighton,Consumer,United States,Oklahoma City,Oklahoma,73120,Central,OFF-BI-10000756,Office Supplies,Binders,Storex DuraTech Recycled Plastic Frosted Binders,38.160000000000004,9,0.0,19.080000000000002
3317,CA-2014-161739,2016-11-10,2016-11-15,Second Class,EB-13750,Edward Becker,Corporate,United States,Round Rock,Texas,78664,Central,FUR-FU-10001468,Furniture,Furnishings,Tenex Antistatic Computer Chair Mats,341.96,5,0.6,-427.45000000000005
901,CA-2014-150959,2016-11-11,2016-11-13,First Class,TD-20995,Tamara Dahlen,Consumer,United States,Garland,Texas,75043,Central,OFF-LA-10001045,Office Supplies,Labels,Permanent Self-Adhesive File Folder Labels for Typewriters by Universal,10.440000000000001,5,0.2,3.392999999999999
902,CA-2014-150959,2016-11-11,2016-11-13,First Class,TD-20995,Tamara Dahlen,Consumer,United States,Garland,Texas,75043,Central,OFF-BI-10001510,Office Supplies,Binders,Deluxe Heavy-Duty Vinyl Round Ring Binder,18.336,4,0.8,-32.08800000000001
3175,CA-2014-157483,2016-11-11,2016-11-18,Standard Class,EP-13915,Emily Phan,Consumer,United States,Detroit,Michigan,48227,Central,OFF-AR-10004260,Office Supplies,Art,Boston 1799 Powerhouse Electric Pencil Sharpener,181.86,7,0.0,50.9208
4227,CA-2014-120327,2016-11-11,2016-11-16,Standard Class,WB-21850,William Brown,Consumer,United States,Urbandale,Iowa,50322,Central,OFF-FA-10004854,Office Supplies,Fasteners,"Vinyl Coated Wire Paper Clips in Organizer Box, 800/Box",45.92,4,0.0,21.5824
5079,CA-2014-143217,2016-11-11,2016-11-17,Standard Class,CG-12040,Catherine Glotzbach,Home Office,United States,Milwaukee,Wisconsin,53209,Central,OFF-BI-10002949,Office Supplies,Binders,Prestige Round Ring Binders,18.240000000000002,3,0.0,8.572799999999999
8997,US-2014-116491,2016-11-11,2016-11-13,First Class,PG-18820,Patrick Gardner,Consumer,United States,Dallas,Texas,75081,Central,TEC-PH-10004531,Technology,Phones,OtterBox Commuter Series Case - iPhone 5 & 5s,35.184,2,0.2,12.3144
9261,CA-2014-167976,2016-11-11,2016-11-14,Second Class,JL-15505,Jeremy Lonsdale,Consumer,United States,Aberdeen,South Dakota,57401,Central,OFF-SU-10004661,Office Supplies,Supplies,Acme Titanium Bonded Scissors,25.5,3,0.0,6.63
1500,CA-2014-130386,2016-11-12,2016-11-18,Standard Class,NG-18430,Nathan Gelder,Consumer,United States,Austin,Texas,78745,Central,OFF-PA-10002749,Office Supplies,Paper,"Wirebound Message Books, 5-1/2 x 4 Forms, 2 or 4 Forms per Page",16.056,3,0.2,5.8203000000000005
1501,CA-2014-130386,2016-11-12,2016-11-18,Standard Class,NG-18430,Nathan Gelder,Consumer,United States,Austin,Texas,78745,Central,OFF-PA-10003823,Office Supplies,Paper,Xerox 197,223.056,9,0.2,69.70499999999998
1502,CA-2014-130386,2016-11-12,2016-11-18,Standard Class,NG-18430,Nathan Gelder,Consumer,United States,Austin,Texas,78745,Central,OFF-ST-10003716,Office Supplies,Storage,Tennsco Double-Tier Lockers,540.048,3,0.2,-47.2542
3135,CA-2014-164168,2016-11-12,2016-11-18,Standard Class,LS-16975,Lindsay Shagiari,Home Office,United States,Dallas,Texas,75081,Central,OFF-BI-10000666,Office Supplies,Binders,Surelock Post Binders,30.55999999999999,5,0.8,-45.84000000000002
3136,CA-2014-164168,2016-11-12,2016-11-18,Standard Class,LS-16975,Lindsay Shagiari,Home Office,United States,Dallas,Texas,75081,Central,OFF-ST-10002583,Office Supplies,Storage,Fellowes Neat Ideas Storage Cubes,77.952,3,0.2,-15.590400000000002
3137,CA-2014-164168,2016-11-12,2016-11-18,Standard Class,LS-16975,Lindsay Shagiari,Home Office,United States,Dallas,Texas,75081,Central,TEC-PH-10004908,Technology,Phones,Panasonic KX TS3282W Corded phone,67.992,1,0.2,8.498999999999992
3138,CA-2014-164168,2016-11-12,2016-11-18,Standard Class,LS-16975,Lindsay Shagiari,Home Office,United States,Dallas,Texas,75081,Central,OFF-EN-10001219,Office Supplies,Envelopes,"#10- 4 1/8"" x 9 1/2"" Security-Tint Envelopes",12.224,2,0.2,4.4312
3139,CA-2014-164168,2016-11-12,2016-11-18,Standard Class,LS-16975,Lindsay Shagiari,Home Office,United States,Dallas,Texas,75081,Central,TEC-AC-10004568,Technology,Accessories,Maxell LTO Ultrium - 800 GB,44.784,2,0.2,-0.5598000000000045
3140,CA-2014-164168,2016-11-12,2016-11-18,Standard Class,LS-16975,Lindsay Shagiari,Home Office,United States,Dallas,Texas,75081,Central,FUR-FU-10001756,Furniture,Furnishings,"Eldon Expressions Desk Accessory, Wood Photo Frame, Mahogany",22.848,3,0.6,-17.707200000000007
85,US-2014-119662,2016-11-13,2016-11-16,First Class,CS-12400,Christopher Schild,Home Office,United States,Chicago,Illinois,60623,Central,OFF-ST-10003656,Office Supplies,Storage,Safco Industrial Wire Shelving,230.376,3,0.2,-48.9549
1551,US-2014-124926,2016-11-13,2016-11-18,Second Class,ME-17320,Maria Etezadi,Home Office,United States,Houston,Texas,77095,Central,OFF-AP-10004868,Office Supplies,Appliances,Hoover Commercial Soft Guard Upright Vacuum And Disposable Filtration Bags,9.323999999999998,6,0.8,-24.708599999999997
5805,CA-2014-113873,2016-11-13,2016-11-19,Standard Class,KE-16420,Katrina Edelman,Corporate,United States,Dallas,Texas,75220,Central,OFF-ST-10000943,Office Supplies,Storage,Eldon ProFile File 'N Store Portable File Tub Letter/Legal Size Black,61.792,4,0.2,6.179200000000002
5806,CA-2014-113873,2016-11-13,2016-11-19,Standard Class,KE-16420,Katrina Edelman,Corporate,United States,Dallas,Texas,75220,Central,FUR-BO-10003441,Furniture,Bookcases,"Bush Westfield Collection Bookcases, Fully Assembled",205.99919999999997,3,0.32,-27.264600000000016
5190,US-2014-136679,2016-11-14,2016-11-18,Standard Class,XP-21865,Xylona Preis,Consumer,United States,Pasadena,Texas,77506,Central,TEC-AC-10004855,Technology,Accessories,V7 USB Numeric Keypad,167.95200000000003,6,0.2,-27.2922
5191,US-2014-136679,2016-11-14,2016-11-18,Standard Class,XP-21865,Xylona Preis,Consumer,United States,Pasadena,Texas,77506,Central,OFF-AR-10003582,Office Supplies,Art,"Boston Electric Pencil Sharpener, Model 1818, Charcoal Black",45.04,2,0.2,4.504000000000003
8875,CA-2014-142489,2016-11-14,2016-11-16,Second Class,TC-21295,Toby Carlisle,Consumer,United States,Houston,Texas,77095,Central,OFF-BI-10003684,Office Supplies,Binders,Wilson Jones Legal Size Ring Binders,21.989999999999995,5,0.8,-32.985
9218,US-2014-118157,2016-11-14,2016-11-17,First Class,AW-10930,Arthur Wiediger,Home Office,United States,Minneapolis,Minnesota,55407,Central,OFF-EN-10004459,Office Supplies,Envelopes,Security-Tint Envelopes,15.28,2,0.0,7.4872
3024,CA-2014-124674,2016-11-17,2016-11-23,Standard Class,JB-16000,Joy Bell-,Consumer,United States,Brownsville,Texas,78521,Central,FUR-BO-10002202,Furniture,Bookcases,"Atlantic Metals Mobile 2-Shelf Bookcases, Custom Colors",327.73279999999994,2,0.32,-14.458800000000025
5038,CA-2014-141719,2016-11-17,2016-11-21,Second Class,EG-13900,Emily Grady,Consumer,United States,Naperville,Illinois,60540,Central,TEC-AC-10003610,Technology,Accessories,Logitech Illuminated - Keyboard,239.96000000000004,5,0.2,83.98599999999999
2930,CA-2014-143434,2016-11-18,2016-11-24,Standard Class,ME-17320,Maria Etezadi,Home Office,United States,Saginaw,Michigan,48601,Central,FUR-FU-10002597,Furniture,Furnishings,"C-Line Magnetic Cubicle Keepers, Clear Polypropylene",19.76,4,0.0,8.2992
8110,CA-2014-160122,2016-11-18,2016-11-23,Standard Class,RD-19930,Russell D'Ascenzo,Consumer,United States,Chicago,Illinois,60623,Central,OFF-EN-10002592,Office Supplies,Envelopes,"Peel & Seel Recycled Catalog Envelopes, Brown",55.584,6,0.2,20.844
8111,CA-2014-160122,2016-11-18,2016-11-23,Standard Class,RD-19930,Russell D'Ascenzo,Consumer,United States,Chicago,Illinois,60623,Central,FUR-CH-10000422,Furniture,Chairs,Global Highback Leather Tilter in Burgundy,127.38599999999998,2,0.3,-25.477199999999982
9006,CA-2014-107825,2016-11-18,2016-11-18,Same Day,NB-18655,Nona Balk,Corporate,United States,Milwaukee,Wisconsin,53209,Central,OFF-ST-10001321,Office Supplies,Storage,"Decoflex Hanging Personal Folder File, Blue",92.52,6,0.0,24.980400000000007
9007,CA-2014-107825,2016-11-18,2016-11-18,Same Day,NB-18655,Nona Balk,Corporate,United States,Milwaukee,Wisconsin,53209,Central,OFF-ST-10000777,Office Supplies,Storage,"Companion Letter/Legal File, Black",37.76,1,0.0,10.5728
9008,CA-2014-107825,2016-11-18,2016-11-18,Same Day,NB-18655,Nona Balk,Corporate,United States,Milwaukee,Wisconsin,53209,Central,OFF-LA-10003720,Office Supplies,Labels,Avery 487,7.38,2,0.0,3.4686
9009,CA-2014-107825,2016-11-18,2016-11-18,Same Day,NB-18655,Nona Balk,Corporate,United States,Milwaukee,Wisconsin,53209,Central,FUR-FU-10000206,Furniture,Furnishings,"GE General Purpose, Extra Long Life, Showcase & Floodlight Incandescent Bulbs",5.82,2,0.0,2.7354
304,US-2014-152380,2016-11-19,2016-11-23,Standard Class,JH-15910,Jonathan Howell,Consumer,United States,Chicago,Illinois,60623,Central,FUR-TA-10002533,Furniture,Tables,BPI Conference Tables,219.07500000000002,3,0.5,-131.44500000000005
1598,CA-2014-158876,2016-11-19,2016-11-21,Second Class,AB-10150,Aimee Bixby,Consumer,United States,Carrollton,Texas,75007,Central,OFF-PA-10000308,Office Supplies,Paper,Xerox 1901,16.896,4,0.2,5.279999999999999
1599,CA-2014-158876,2016-11-19,2016-11-21,Second Class,AB-10150,Aimee Bixby,Consumer,United States,Carrollton,Texas,75007,Central,OFF-SU-10001165,Office Supplies,Supplies,Acme Elite Stainless Steel Scissors,6.672000000000001,1,0.2,0.5004
1600,CA-2014-158876,2016-11-19,2016-11-21,Second Class,AB-10150,Aimee Bixby,Consumer,United States,Carrollton,Texas,75007,Central,OFF-AR-10003373,Office Supplies,Art,"Boston School Pro Electric Pencil Sharpener, 1670",99.13600000000001,4,0.2,8.674399999999995
1601,CA-2014-158876,2016-11-19,2016-11-21,Second Class,AB-10150,Aimee Bixby,Consumer,United States,Carrollton,Texas,75007,Central,FUR-FU-10001967,Furniture,Furnishings,Telescoping Adjustable Floor Lamp,15.991999999999999,2,0.6,-13.992999999999999
2151,US-2014-139969,2016-11-19,2016-11-26,Standard Class,AF-10870,Art Ferguson,Consumer,United States,College Station,Texas,77840,Central,FUR-CH-10001973,Furniture,Chairs,Office Star Flex Back Scooter Chair with White Frame,233.058,3,0.3,-53.270399999999995
2172,US-2014-137491,2016-11-19,2016-11-25,Standard Class,LC-16930,Linda Cazamias,Corporate,United States,San Angelo,Texas,76903,Central,FUR-CH-10004675,Furniture,Chairs,"Lifetime Advantage Folding Chairs, 4/Carton",305.312,2,0.3,-8.72320000000002
3615,CA-2014-112529,2016-11-19,2016-11-21,First Class,SC-20770,Stewart Carmichael,Corporate,United States,San Antonio,Texas,78207,Central,FUR-TA-10002622,Furniture,Tables,"Bush Andora Conference Table, Maple/Graphite Gray Finish",718.1159999999999,6,0.3,-71.8116
3616,CA-2014-112529,2016-11-19,2016-11-21,First Class,SC-20770,Stewart Carmichael,Corporate,United States,San Antonio,Texas,78207,Central,OFF-AR-10001915,Office Supplies,Art,Peel-Off China Markers,31.776,4,0.2,8.738400000000002
5309,CA-2014-131254,2016-11-19,2016-11-21,First Class,NC-18415,Nathan Cano,Consumer,United States,Houston,Texas,77095,Central,FUR-CH-10003774,Furniture,Chairs,"Global Wood Trimmed Manager's Task Chair, Khaki",191.058,3,0.3,-46.39980000000001
5310,CA-2014-131254,2016-11-19,2016-11-21,First Class,NC-18415,Nathan Cano,Consumer,United States,Houston,Texas,77095,Central,OFF-AR-10003876,Office Supplies,Art,"Avery Hi-Liter GlideStik Fluorescent Highlighter, Yellow Ink",13.040000000000001,5,0.2,3.9120000000000004
5311,CA-2014-131254,2016-11-19,2016-11-21,First Class,NC-18415,Nathan Cano,Consumer,United States,Houston,Texas,77095,Central,OFF-BI-10003527,Office Supplies,Binders,Fellowes PB500 Electric Punch Plastic Comb Binding Machine with Manual Bind,1525.1879999999996,6,0.8,-2287.782
2782,CA-2014-146724,2016-11-20,2016-11-27,Standard Class,HG-15025,Hunter Glantz,Consumer,United States,Lakeville,Minnesota,55044,Central,OFF-AR-10001026,Office Supplies,Art,"Sanford Uni-Blazer View Highlighters, Chisel Tip, Yellow",22.0,10,0.0,9.680000000000001
9039,CA-2014-157420,2016-11-21,2016-11-21,Same Day,HZ-14950,Henia Zydlo,Consumer,United States,Houston,Texas,77095,Central,TEC-PH-10003555,Technology,Phones,Motorola HK250 Universal Bluetooth Headset,55.176,3,0.2,-12.414599999999997
3723,CA-2014-144036,2016-11-22,2016-11-26,Standard Class,FO-14305,Frank Olsen,Consumer,United States,Houston,Texas,77070,Central,OFF-AR-10000122,Office Supplies,Art,Newell 314,35.712,8,0.2,2.2319999999999958
426,CA-2014-149160,2016-11-23,2016-11-26,Second Class,JM-15265,Janet Molinari,Corporate,United States,Canton,Michigan,48187,Central,FUR-FU-10003347,Furniture,Furnishings,Coloredge Poster Frame,28.4,2,0.0,11.076
427,CA-2014-149160,2016-11-23,2016-11-26,Second Class,JM-15265,Janet Molinari,Corporate,United States,Canton,Michigan,48187,Central,OFF-BI-10001543,Office Supplies,Binders,GBC VeloBinder Manual Binding System,287.92,8,0.0,138.2016
4773,CA-2014-119746,2016-11-23,2016-11-27,Standard Class,CM-12385,Christopher Martinez,Consumer,United States,Chicago,Illinois,60610,Central,FUR-FU-10004909,Furniture,Furnishings,Contemporary Wood/Metal Frame,6.464,1,0.6,-4.040000000000001
4774,CA-2014-119746,2016-11-23,2016-11-27,Standard Class,CM-12385,Christopher Martinez,Consumer,United States,Chicago,Illinois,60610,Central,OFF-LA-10001613,Office Supplies,Labels,Avery File Folder Labels,11.52,5,0.2,4.176
4775,CA-2014-119746,2016-11-23,2016-11-27,Standard Class,CM-12385,Christopher Martinez,Consumer,United States,Chicago,Illinois,60610,Central,TEC-PH-10004447,Technology,Phones,Toshiba IPT2010-SD IP Telephone,222.38400000000001,2,0.2,16.678799999999995
6303,CA-2014-166919,2016-11-23,2016-11-27,Standard Class,AH-10210,Alan Hwang,Consumer,United States,Dallas,Texas,75220,Central,TEC-PH-10001305,Technology,Phones,Panasonic KX TS208W Corded phone,195.96000000000004,5,0.2,19.596000000000018
8428,CA-2014-167017,2016-11-23,2016-11-25,First Class,DC-12850,Dan Campbell,Consumer,United States,Roseville,Michigan,48066,Central,OFF-SU-10001935,Office Supplies,Supplies,Staple remover,4.36,2,0.0,0.17439999999999944
8801,CA-2014-148992,2016-11-23,2016-11-27,Standard Class,CS-12250,Chris Selesnick,Corporate,United States,Chicago,Illinois,60623,Central,OFF-PA-10004285,Office Supplies,Paper,Xerox 1959,10.688,2,0.2,3.7407999999999997
8975,CA-2014-156622,2016-11-23,2016-11-26,First Class,JP-15460,Jennifer Patt,Corporate,United States,Dallas,Texas,75220,Central,OFF-PA-10000477,Office Supplies,Paper,Xerox 22,36.28800000000001,7,0.2,12.700800000000001
8976,CA-2014-156622,2016-11-23,2016-11-26,First Class,JP-15460,Jennifer Patt,Corporate,United States,Dallas,Texas,75220,Central,OFF-PA-10002923,Office Supplies,Paper,Xerox 1942,78.304,2,0.2,29.363999999999997
8977,CA-2014-156622,2016-11-23,2016-11-26,First Class,JP-15460,Jennifer Patt,Corporate,United States,Dallas,Texas,75220,Central,FUR-TA-10003008,Furniture,Tables,"Lesro Round Back Collection Coffee Table, End Table",127.785,1,0.3,-31.03349999999999
8978,CA-2014-156622,2016-11-23,2016-11-26,First Class,JP-15460,Jennifer Patt,Corporate,United States,Dallas,Texas,75220,Central,OFF-BI-10003707,Office Supplies,Binders,Aluminum Screw Posts,6.103999999999998,2,0.8,-9.156
554,CA-2014-101945,2016-11-24,2016-11-28,Standard Class,GT-14710,Greg Tran,Consumer,United States,Houston,Texas,77070,Central,OFF-FA-10004248,Office Supplies,Fasteners,Advantus T-Pin Paper Clips,10.824,3,0.2,2.5707
8117,CA-2014-105543,2016-11-24,2016-11-24,Same Day,BG-11695,Brooke Gillingham,Corporate,United States,Garden City,Kansas,67846,Central,OFF-ST-10003123,Office Supplies,Storage,Fellowes Bases and Tops For Staxonsteel/High-Stak Systems,33.29,1,0.0,7.989599999999999
9217,CA-2014-103765,2016-11-24,2016-11-30,Standard Class,JG-15310,Jason Gross,Corporate,United States,Odessa,Texas,79762,Central,OFF-AP-10002311,Office Supplies,Appliances,"Holmes Replacement Filter for HEPA Air Cleaner, Very Large Room, HEPA Filter",13.761999999999997,1,0.8,-24.7716
3848,CA-2014-129000,2016-11-25,2016-11-27,Second Class,SZ-20035,Sam Zeldin,Home Office,United States,Canton,Michigan,48187,Central,OFF-ST-10001097,Office Supplies,Storage,Office Impressions Heavy Duty Welded Shelving & Multimedia Storage Drawers,501.81000000000006,3,0.0,0.0
8959,CA-2014-150266,2016-11-25,2016-11-30,Standard Class,RO-19780,Rose O'Brian,Consumer,United States,Houston,Texas,77070,Central,TEC-PH-10003437,Technology,Phones,Blue Parrot B250XT Professional Grade Wireless Bluetooth Headset with,299.96,5,0.2,37.49499999999996
8960,CA-2014-150266,2016-11-25,2016-11-30,Standard Class,RO-19780,Rose O'Brian,Consumer,United States,Houston,Texas,77070,Central,OFF-AP-10002867,Office Supplies,Appliances,Fellowes Command Center 5-outlet power strip,67.83999999999999,5,0.8,-179.776
8961,CA-2014-150266,2016-11-25,2016-11-30,Standard Class,RO-19780,Rose O'Brian,Consumer,United States,Houston,Texas,77070,Central,FUR-CH-10002126,Furniture,Chairs,Hon Deluxe Fabric Upholstered Stacking Chairs,853.9299999999998,5,0.3,-24.39799999999991
8962,CA-2014-150266,2016-11-25,2016-11-30,Standard Class,RO-19780,Rose O'Brian,Consumer,United States,Houston,Texas,77070,Central,OFF-AR-10001761,Office Supplies,Art,Avery Hi-Liter Smear-Safe Highlighters,18.688,4,0.2,3.7375999999999996
511,CA-2014-135307,2016-11-26,2016-11-27,First Class,LS-17245,Lynn Smith,Consumer,United States,Gladstone,Missouri,64118,Central,FUR-FU-10001290,Furniture,Furnishings,Executive Impressions Supervisor Wall Clock,126.30000000000001,3,0.0,40.416
512,CA-2014-135307,2016-11-26,2016-11-27,First Class,LS-17245,Lynn Smith,Consumer,United States,Gladstone,Missouri,64118,Central,TEC-AC-10002399,Technology,Accessories,SanDisk Cruzer 32 GB USB Flash Drive,38.04,2,0.0,12.172799999999999
3853,CA-2014-130526,2016-11-26,2016-11-29,First Class,GT-14755,Guy Thornton,Consumer,United States,Rockford,Illinois,61107,Central,OFF-BI-10001524,Office Supplies,Binders,GBC Premium Transparent Covers with Diagonal Lined Pattern,33.56799999999999,8,0.8,-53.708800000000025
7132,CA-2014-141439,2016-11-26,2016-12-01,Standard Class,TT-21460,Tonja Turnell,Home Office,United States,Richmond,Indiana,47374,Central,FUR-TA-10001039,Furniture,Tables,KI Adjustable-Height Table,257.94,3,0.0,67.0644
7133,CA-2014-141439,2016-11-26,2016-12-01,Standard Class,TT-21460,Tonja Turnell,Home Office,United States,Richmond,Indiana,47374,Central,TEC-PH-10002624,Technology,Phones,Samsung Galaxy S4 Mini,1879.96,4,0.0,545.1883999999998
7134,CA-2014-141439,2016-11-26,2016-12-01,Standard Class,TT-21460,Tonja Turnell,Home Office,United States,Richmond,Indiana,47374,Central,FUR-FU-10001473,Furniture,Furnishings,DAX Wood Document Frame,27.46,2,0.0,9.8856
7135,CA-2014-141439,2016-11-26,2016-12-01,Standard Class,TT-21460,Tonja Turnell,Home Office,United States,Richmond,Indiana,47374,Central,TEC-PH-10001819,Technology,Phones,Innergie mMini Combo Duo USB Travel Charging Kit,89.98,2,0.0,43.1904
7136,CA-2014-141439,2016-11-26,2016-12-01,Standard Class,TT-21460,Tonja Turnell,Home Office,United States,Richmond,Indiana,47374,Central,FUR-CH-10004287,Furniture,Chairs,SAFCO Arco Folding Chair,828.5999999999999,3,0.0,240.29399999999995
914,CA-2014-102519,2016-11-27,2016-11-29,First Class,BM-11650,Brian Moss,Corporate,United States,Milwaukee,Wisconsin,53209,Central,FUR-FU-10004091,Furniture,Furnishings,"Howard Miller 13"" Diameter Goldtone Round Wall Clock",46.94,1,0.0,19.2454
915,CA-2014-102519,2016-11-27,2016-11-29,First Class,BM-11650,Brian Moss,Corporate,United States,Milwaukee,Wisconsin,53209,Central,TEC-AC-10001772,Technology,Accessories,Memorex Mini Travel Drive 16 GB USB 2.0 Flash Drive,143.73000000000002,9,0.0,56.05470000000001
7557,CA-2014-159506,2016-11-27,2016-12-02,Standard Class,JR-16210,Justin Ritter,Corporate,United States,Columbus,Indiana,47201,Central,OFF-PA-10003641,Office Supplies,Paper,Xerox 1909,158.28,6,0.0,72.80879999999999
7558,CA-2014-159506,2016-11-27,2016-12-02,Standard Class,JR-16210,Justin Ritter,Corporate,United States,Columbus,Indiana,47201,Central,OFF-BI-10004519,Office Supplies,Binders,GBC DocuBind P100 Manual Binding Machine,497.93999999999994,3,0.0,224.07299999999998
3899,CA-2014-102267,2016-11-30,2016-12-04,Standard Class,SC-20800,Stuart Calhoun,Consumer,United States,Edinburg,Texas,78539,Central,OFF-FA-10000611,Office Supplies,Fasteners,Binder Clips by OIC,2.368,2,0.2,0.8287999999999999
6936,CA-2014-137365,2016-11-30,2016-12-03,Second Class,BP-11095,Bart Pistole,Corporate,United States,El Paso,Texas,79907,Central,TEC-AC-10001767,Technology,Accessories,SanDisk Ultra 64 GB MicroSDHC Class 10 Memory Card,95.97600000000001,3,0.2,-10.79730000000001
207,CA-2014-135860,2016-12-01,2016-12-07,Standard Class,JH-15985,Joseph Holt,Consumer,United States,Saginaw,Michigan,48601,Central,OFF-ST-10000642,Office Supplies,Storage,"Tennsco Lockers, Gray",83.92,4,0.0,5.874399999999994
208,CA-2014-135860,2016-12-01,2016-12-07,Standard Class,JH-15985,Joseph Holt,Consumer,United States,Saginaw,Michigan,48601,Central,TEC-PH-10001700,Technology,Phones,Panasonic KX-TG6844B Expandable Digital Cordless Telephone,131.98,2,0.0,35.634600000000006
209,CA-2014-135860,2016-12-01,2016-12-07,Standard Class,JH-15985,Joseph Holt,Consumer,United States,Saginaw,Michigan,48601,Central,OFF-BI-10003274,Office Supplies,Binders,"Avery Durable Slant Ring Binders, No Labels",15.92,4,0.0,7.4824
210,CA-2014-135860,2016-12-01,2016-12-07,Standard Class,JH-15985,Joseph Holt,Consumer,United States,Saginaw,Michigan,48601,Central,OFF-FA-10000134,Office Supplies,Fasteners,"Advantus Push Pins, Aluminum Head",52.29,9,0.0,16.209899999999998
211,CA-2014-135860,2016-12-01,2016-12-07,Standard Class,JH-15985,Joseph Holt,Consumer,United States,Saginaw,Michigan,48601,Central,OFF-ST-10001522,Office Supplies,Storage,"Gould Plastics 18-Pocket Panel Bin, 34w x 5-1/4d x 20-1/2h",91.99,1,0.0,3.6795999999999935
3244,CA-2014-113355,2016-12-01,2016-12-05,Standard Class,SJ-20215,Sarah Jordon,Consumer,United States,Grand Prairie,Texas,75051,Central,TEC-PH-10004912,Technology,Phones,Cisco SPA112 2 Port Phone Adapter,219.80000000000004,5,0.2,24.72749999999997
3245,CA-2014-113355,2016-12-01,2016-12-05,Standard Class,SJ-20215,Sarah Jordon,Consumer,United States,Grand Prairie,Texas,75051,Central,FUR-CH-10002602,Furniture,Chairs,DMI Arturo Collection Mission-style Design Wood Chair,317.058,3,0.3,-18.117599999999996
6864,CA-2014-138618,2016-12-01,2016-12-08,Standard Class,MY-17380,Maribeth Yedwab,Corporate,United States,San Antonio,Texas,78207,Central,OFF-PA-10000520,Office Supplies,Paper,Xerox 201,10.368000000000002,2,0.2,3.6288
1996,US-2014-147221,2016-12-02,2016-12-04,Second Class,JS-16030,Joy Smith,Consumer,United States,Houston,Texas,77036,Central,OFF-AP-10002534,Office Supplies,Appliances,3.6 Cubic Foot Counter Height Office Refrigerator,294.61999999999995,5,0.8,-766.012
1997,US-2014-147221,2016-12-02,2016-12-04,Second Class,JS-16030,Joy Smith,Consumer,United States,Houston,Texas,77036,Central,FUR-FU-10004020,Furniture,Furnishings,Advantus Panel Wall Acrylic Frame,8.752,4,0.6,-3.719599999999998
5531,CA-2014-160885,2016-12-02,2016-12-06,Standard Class,JK-16090,Juliana Krohn,Consumer,United States,Omaha,Nebraska,68104,Central,TEC-PH-10001795,Technology,Phones,ClearOne CHATAttach 160 - speaker phone,2479.96,4,0.0,743.9879999999998
6690,CA-2014-104108,2016-12-02,2016-12-09,Standard Class,RP-19855,Roy Phan,Corporate,United States,Houston,Texas,77095,Central,OFF-AR-10000817,Office Supplies,Art,Manco Dry-Lighter Erasable Highlighter,12.160000000000002,5,0.2,2.127999999999999
7537,CA-2014-103415,2016-12-03,2016-12-08,Standard Class,MV-17485,Mark Van Huff,Consumer,United States,Houston,Texas,77041,Central,FUR-FU-10000820,Furniture,Furnishings,Tensor Brushed Steel Torchiere Floor Lamp,13.591999999999999,2,0.6,-14.2716
7762,CA-2014-123071,2016-12-03,2016-12-06,First Class,CC-12550,Clay Cheatham,Consumer,United States,Plano,Texas,75023,Central,OFF-PA-10003729,Office Supplies,Paper,Xerox 1998,10.368000000000002,2,0.2,3.6288
6123,CA-2014-152660,2016-12-04,2016-12-09,Standard Class,CB-12415,Christy Brittain,Consumer,United States,Chicago,Illinois,60610,Central,OFF-ST-10000532,Office Supplies,Storage,Advantus Rolling Drawer Organizers,61.568,2,0.2,4.6175999999999995
6532,US-2014-107384,2016-12-04,2016-12-08,Standard Class,TP-21130,Theone Pippenger,Consumer,United States,Rochester,Minnesota,55901,Central,OFF-AR-10001315,Office Supplies,Art,Newell 310,8.8,5,0.0,2.5519999999999996
6533,US-2014-107384,2016-12-04,2016-12-08,Standard Class,TP-21130,Theone Pippenger,Consumer,United States,Rochester,Minnesota,55901,Central,TEC-AC-10004595,Technology,Accessories,First Data TMFD35 PIN Pad,142.8,1,0.0,29.988
6534,US-2014-107384,2016-12-04,2016-12-08,Standard Class,TP-21130,Theone Pippenger,Consumer,United States,Rochester,Minnesota,55901,Central,TEC-AC-10001539,Technology,Accessories,Logitech G430 Surround Sound Gaming Headset with Dolby 7.1 Technology,399.95,5,0.0,143.982
674,CA-2014-130351,2016-12-05,2016-12-08,First Class,RB-19570,Rob Beeghly,Consumer,United States,Columbus,Indiana,47201,Central,OFF-AP-10004532,Office Supplies,Appliances,Kensington 6 Outlet Guardian Standard Surge Protector,61.44,3,0.0,16.5888
675,CA-2014-130351,2016-12-05,2016-12-08,First Class,RB-19570,Rob Beeghly,Consumer,United States,Columbus,Indiana,47201,Central,OFF-PA-10002137,Office Supplies,Paper,"Southworth 100% Résumé Paper, 24lb.",38.9,5,0.0,17.504999999999995
676,CA-2014-130351,2016-12-05,2016-12-08,First Class,RB-19570,Rob Beeghly,Consumer,United States,Columbus,Indiana,47201,Central,TEC-AC-10003832,Technology,Accessories,Imation 16GB Mini TravelDrive USB 2.0 Flash Drive,99.39000000000001,3,0.0,40.749900000000004
3897,CA-2014-134285,2016-12-07,2016-12-12,Standard Class,DS-13180,David Smith,Corporate,United States,San Antonio,Texas,78207,Central,OFF-FA-10000611,Office Supplies,Fasteners,Binder Clips by OIC,3.5519999999999996,3,0.2,1.2431999999999999
3898,CA-2014-134285,2016-12-07,2016-12-12,Standard Class,DS-13180,David Smith,Corporate,United States,San Antonio,Texas,78207,Central,OFF-PA-10000304,Office Supplies,Paper,Xerox 1995,15.552000000000003,3,0.2,5.4432
4992,US-2014-122714,2016-12-07,2016-12-13,Standard Class,HG-14965,Henry Goldwyn,Corporate,United States,Chicago,Illinois,60653,Central,OFF-BI-10001120,Office Supplies,Binders,Ibico EPK-21 Electric Binding System,1889.9899999999998,5,0.8,-2929.4845000000005
5728,CA-2014-117324,2016-12-08,2016-12-13,Standard Class,JP-15520,Jeremy Pistek,Consumer,United States,Madison,Wisconsin,53711,Central,TEC-AC-10003023,Technology,Accessories,Logitech G105 Gaming Keyboard,178.10999999999999,3,0.0,32.059799999999996
5729,CA-2014-117324,2016-12-08,2016-12-13,Standard Class,JP-15520,Jeremy Pistek,Consumer,United States,Madison,Wisconsin,53711,Central,OFF-AP-10003590,Office Supplies,Appliances,Hoover WindTunnel Plus Canister Vacuum,1089.75,3,0.0,305.1300000000001
5730,CA-2014-117324,2016-12-08,2016-12-13,Standard Class,JP-15520,Jeremy Pistek,Consumer,United States,Madison,Wisconsin,53711,Central,OFF-LA-10003510,Office Supplies,Labels,"Avery 4027 File Folder Labels for Dot Matrix Printers, 5000 Labels per Box, White",61.06,2,0.0,28.087600000000002
5731,CA-2014-117324,2016-12-08,2016-12-13,Standard Class,JP-15520,Jeremy Pistek,Consumer,United States,Madison,Wisconsin,53711,Central,FUR-BO-10003159,Furniture,Bookcases,"Sauder Camden County Collection Libraries, Planked Cherry Finish",459.92,4,0.0,41.392799999999966
5732,CA-2014-117324,2016-12-08,2016-12-13,Standard Class,JP-15520,Jeremy Pistek,Consumer,United States,Madison,Wisconsin,53711,Central,OFF-PA-10002713,Office Supplies,Paper,"Adams Phone Message Book, 200 Message Capacity, 8 1/16” x 11”",27.52,4,0.0,12.659199999999998
76,US-2014-118038,2016-12-09,2016-12-11,First Class,KB-16600,Ken Brennan,Corporate,United States,Houston,Texas,77041,Central,OFF-BI-10004182,Office Supplies,Binders,Economy Binders,1.2479999999999998,3,0.8,-1.9344000000000006
77,US-2014-118038,2016-12-09,2016-12-11,First Class,KB-16600,Ken Brennan,Corporate,United States,Houston,Texas,77041,Central,FUR-FU-10000260,Furniture,Furnishings,"6"" Cubicle Wall Clock, Black",9.708,3,0.6,-5.8248000000000015
78,US-2014-118038,2016-12-09,2016-12-11,First Class,KB-16600,Ken Brennan,Corporate,United States,Houston,Texas,77041,Central,OFF-ST-10000615,Office Supplies,Storage,"SimpliFile Personal File, Black Granite, 15w x 6-15/16d x 11-1/4h",27.240000000000002,3,0.2,2.724000000000002
1469,CA-2014-139199,2016-12-09,2016-12-13,Standard Class,DK-12835,Damala Kotsonis,Corporate,United States,Detroit,Michigan,48234,Central,FUR-CH-10000847,Furniture,Chairs,Global Executive Mid-Back Manager's Chair,872.94,3,0.0,226.96439999999998
1470,CA-2014-139199,2016-12-09,2016-12-13,Standard Class,DK-12835,Damala Kotsonis,Corporate,United States,Detroit,Michigan,48234,Central,OFF-BI-10003982,Office Supplies,Binders,Wilson Jones Century Plastic Molded Ring Binders,41.54,2,0.0,19.523799999999998
1471,CA-2014-139199,2016-12-09,2016-12-13,Standard Class,DK-12835,Damala Kotsonis,Corporate,United States,Detroit,Michigan,48234,Central,OFF-PA-10001293,Office Supplies,Paper,Xerox 1946,12.96,2,0.0,6.2208000000000006
1691,CA-2014-129833,2016-12-09,2016-12-15,Standard Class,HF-14995,Herbert Flentye,Consumer,United States,Indianapolis,Indiana,46203,Central,OFF-PA-10000575,Office Supplies,Paper,"Wirebound Message Books, Four 2 3/4 x 5 White Forms per Page",33.45,5,0.0,15.387
1692,CA-2014-129833,2016-12-09,2016-12-15,Standard Class,HF-14995,Herbert Flentye,Consumer,United States,Indianapolis,Indiana,46203,Central,OFF-BI-10004182,Office Supplies,Binders,Economy Binders,10.4,5,0.0,5.096
3651,CA-2014-109960,2016-12-09,2016-12-11,Second Class,DB-13210,Dean Braden,Consumer,United States,Detroit,Michigan,48234,Central,TEC-AC-10004859,Technology,Accessories,"Maxell Pro 80 Minute CD-R, 10/Pack",104.88,6,0.0,41.952000000000005
3652,CA-2014-109960,2016-12-09,2016-12-11,Second Class,DB-13210,Dean Braden,Consumer,United States,Detroit,Michigan,48234,Central,OFF-AR-10001860,Office Supplies,Art,BIC Liqua Brite Liner,34.7,5,0.0,12.492
3653,CA-2014-109960,2016-12-09,2016-12-11,Second Class,DB-13210,Dean Braden,Consumer,United States,Detroit,Michigan,48234,Central,OFF-BI-10001636,Office Supplies,Binders,Ibico Plastic and Wire Spiral Binding Combs,33.72,4,0.0,15.511199999999999
3654,CA-2014-109960,2016-12-09,2016-12-11,Second Class,DB-13210,Dean Braden,Consumer,United States,Detroit,Michigan,48234,Central,OFF-PA-10000349,Office Supplies,Paper,Easy-staple paper,14.940000000000001,3,0.0,7.021800000000001
4211,CA-2014-109715,2016-12-09,2016-12-14,Standard Class,AH-10585,Angele Hood,Consumer,United States,Chicago,Illinois,60623,Central,OFF-PA-10004965,Office Supplies,Paper,Xerox 1921,15.984000000000002,2,0.2,4.994999999999999
5351,US-2014-103814,2016-12-09,2016-12-16,Standard Class,LH-16900,Lena Hernandez,Consumer,United States,Park Ridge,Illinois,60068,Central,OFF-PA-10001019,Office Supplies,Paper,Xerox 1884,143.85600000000002,9,0.2,48.551399999999994
9768,CA-2014-102659,2016-12-09,2016-12-15,Standard Class,LW-17215,Luke Weiss,Consumer,United States,Grand Rapids,Michigan,49505,Central,OFF-BI-10000088,Office Supplies,Binders,GBC Imprintable Covers,54.900000000000006,5,0.0,26.901000000000003
1509,CA-2014-108294,2016-12-10,2016-12-10,Same Day,LS-16975,Lindsay Shagiari,Home Office,United States,Omaha,Nebraska,68104,Central,OFF-BI-10004965,Office Supplies,Binders,Ibico Covers for Plastic or Wire Binding Elements,34.5,3,0.0,15.524999999999999
4358,CA-2014-162565,2016-12-11,2016-12-11,Same Day,RR-19315,Ralph Ritter,Consumer,United States,Aurora,Illinois,60505,Central,OFF-PA-10001937,Office Supplies,Paper,Xerox 21,10.368000000000002,2,0.2,3.6288
4359,CA-2014-162565,2016-12-11,2016-12-11,Same Day,RR-19315,Ralph Ritter,Consumer,United States,Aurora,Illinois,60505,Central,FUR-FU-10004306,Furniture,Furnishings,Electrix Halogen Magnifier Lamp,77.72000000000001,1,0.6,-66.062
4360,CA-2014-162565,2016-12-11,2016-12-11,Same Day,RR-19315,Ralph Ritter,Consumer,United States,Aurora,Illinois,60505,Central,FUR-CH-10003973,Furniture,Chairs,GuestStacker Chair with Chrome Finish Legs,520.4639999999999,2,0.3,-14.870399999999961
6273,CA-2014-149706,2016-12-11,2016-12-12,First Class,AS-10285,Alejandro Savely,Corporate,United States,Palatine,Illinois,60067,Central,TEC-AC-10001284,Technology,Accessories,Enermax Briskie RF Wireless Keyboard and Mouse Combo,116.312,7,0.2,23.262400000000003
6990,CA-2014-165099,2016-12-11,2016-12-13,First Class,DK-13375,Dennis Kane,Consumer,United States,Abilene,Texas,79605,Central,OFF-AP-10001634,Office Supplies,Appliances,Hoover Commercial Lightweight Upright Vacuum,1.3919999999999997,2,0.8,-3.758400000000001
9210,CA-2014-142776,2016-12-11,2016-12-14,Second Class,RS-19870,Roy Skaria,Home Office,United States,Burlington,Iowa,52601,Central,OFF-EN-10003160,Office Supplies,Envelopes,Pastel Pink Envelopes,7.28,1,0.0,3.4944
9211,CA-2014-142776,2016-12-11,2016-12-14,Second Class,RS-19870,Roy Skaria,Home Office,United States,Burlington,Iowa,52601,Central,OFF-BI-10002012,Office Supplies,Binders,Wilson Jones Easy Flow II Sheet Lifters,5.4,3,0.0,2.592
3332,CA-2014-122595,2016-12-14,2016-12-20,Standard Class,GM-14455,Gary Mitchum,Home Office,United States,Chicago,Illinois,60653,Central,TEC-AC-10000474,Technology,Accessories,Kensington Expert Mouse Optical USB Trackball for PC or Mac,227.976,3,0.2,28.496999999999957
3333,CA-2014-122595,2016-12-14,2016-12-20,Standard Class,GM-14455,Gary Mitchum,Home Office,United States,Chicago,Illinois,60653,Central,TEC-PH-10003095,Technology,Phones,Samsung HM1900 Bluetooth Headset,52.67999999999999,3,0.2,19.755
3334,CA-2014-122595,2016-12-14,2016-12-20,Standard Class,GM-14455,Gary Mitchum,Home Office,United States,Chicago,Illinois,60653,Central,FUR-FU-10002963,Furniture,Furnishings,"Master Caster Door Stop, Gray",2.032,1,0.6,-1.3208000000000002
6439,US-2014-113992,2016-12-14,2016-12-19,Standard Class,LC-16885,Lena Creighton,Consumer,United States,Plano,Texas,75023,Central,FUR-TA-10000577,Furniture,Tables,Bretford CR4500 Series Slim Rectangular Table,974.9879999999998,4,0.3,-97.49879999999996
6713,CA-2014-107629,2016-12-14,2016-12-14,Same Day,DB-13060,Dave Brooks,Consumer,United States,Skokie,Illinois,60076,Central,FUR-FU-10002298,Furniture,Furnishings,"Rubbermaid ClusterMat Chairmats, Mat Size- 66"" x 60"", Lip 20"" x 11"" -90 Degree Angle",266.35200000000003,6,0.6,-292.9872
6714,CA-2014-107629,2016-12-14,2016-12-14,Same Day,DB-13060,Dave Brooks,Consumer,United States,Skokie,Illinois,60076,Central,FUR-FU-10004091,Furniture,Furnishings,"Howard Miller 13"" Diameter Goldtone Round Wall Clock",56.328,3,0.6,-26.755799999999994
6715,CA-2014-107629,2016-12-14,2016-12-14,Same Day,DB-13060,Dave Brooks,Consumer,United States,Skokie,Illinois,60076,Central,TEC-AC-10004510,Technology,Accessories,Logitech Desktop MK120 Mouse and keyboard Combo,39.264,3,0.2,-4.908000000000003
6716,CA-2014-107629,2016-12-14,2016-12-14,Same Day,DB-13060,Dave Brooks,Consumer,United States,Skokie,Illinois,60076,Central,OFF-AR-10002987,Office Supplies,Art,Prismacolor Color Pencil Set,95.232,6,0.2,24.99840000000001
4860,CA-2014-136063,2016-12-15,2016-12-19,Standard Class,SS-20140,Saphhira Shifley,Corporate,United States,Oak Park,Illinois,60302,Central,OFF-AR-10000823,Office Supplies,Art,Newell 307,10.192000000000002,7,0.2,1.0192
2974,CA-2014-111808,2016-12-16,2016-12-20,Standard Class,AR-10510,Andrew Roberts,Consumer,United States,Tulsa,Oklahoma,74133,Central,OFF-BI-10004656,Office Supplies,Binders,Peel & Stick Add-On Corner Pockets,10.8,5,0.0,5.183999999999999
204,US-2014-116701,2016-12-17,2016-12-21,Second Class,LC-17140,Logan Currie,Consumer,United States,Dallas,Texas,75220,Central,OFF-AP-10003217,Office Supplies,Appliances,Eureka Sanitaire  Commercial Upright,66.28399999999999,2,0.8,-178.9668
2852,CA-2014-107342,2016-12-17,2016-12-22,Standard Class,VF-21715,Vicky Freymann,Home Office,United States,Columbus,Indiana,47201,Central,OFF-PA-10001745,Office Supplies,Paper,"Wirebound Message Books, 2 7/8"" x 5"", 3 Forms per Page",28.16,4,0.0,13.235199999999999
9378,CA-2014-155362,2016-12-17,2016-12-21,Standard Class,DP-13105,Dave Poirier,Corporate,United States,Eau Claire,Wisconsin,54703,Central,OFF-ST-10001031,Office Supplies,Storage,Adjustable Personal File Tote,32.56,2,0.0,8.465600000000002
8932,CA-2014-143252,2016-12-18,2016-12-24,Standard Class,HE-14800,Harold Engle,Corporate,United States,Milwaukee,Wisconsin,53209,Central,FUR-FU-10001057,Furniture,Furnishings,Tensor Track Tree Floor Lamp,99.94999999999999,5,0.0,22.9885
8933,CA-2014-143252,2016-12-18,2016-12-24,Standard Class,HE-14800,Harold Engle,Corporate,United States,Milwaukee,Wisconsin,53209,Central,TEC-AC-10002331,Technology,Accessories,"Maxell 74 Minute CDR, 10/Pack",29.339999999999996,3,0.0,10.855799999999999
4104,CA-2014-137456,2016-12-21,2016-12-21,Same Day,RB-19465,Rick Bensley,Home Office,United States,Fremont,Nebraska,68025,Central,FUR-FU-10001940,Furniture,Furnishings,Staple-based wall hangings,15.92,2,0.0,7.004800000000001
4944,CA-2014-106782,2016-12-21,2016-12-27,Standard Class,LP-17095,Liz Preis,Consumer,United States,Lafayette,Indiana,47905,Central,OFF-ST-10004459,Office Supplies,Storage,Tennsco Single-Tier Lockers,375.34,1,0.0,18.766999999999996
145,CA-2014-155376,2016-12-22,2016-12-27,Standard Class,SG-20080,Sandra Glassco,Consumer,United States,Independence,Missouri,64055,Central,OFF-AP-10001058,Office Supplies,Appliances,Sanyo 2.5 Cubic Foot Mid-Size Office Refrigerators,839.4300000000001,3,0.0,218.25179999999997
2056,CA-2014-120376,2016-12-22,2016-12-25,First Class,TP-21130,Theone Pippenger,Consumer,United States,Detroit,Michigan,48227,Central,TEC-AC-10001114,Technology,Accessories,Microsoft Wireless Mobile Mouse 4000,199.95000000000002,5,0.0,63.98399999999999
2057,CA-2014-120376,2016-12-22,2016-12-25,First Class,TP-21130,Theone Pippenger,Consumer,United States,Detroit,Michigan,48227,Central,FUR-CH-10002335,Furniture,Chairs,Hon GuestStacker Chair,1586.6899999999998,7,0.0,412.5394
2058,CA-2014-120376,2016-12-22,2016-12-25,First Class,TP-21130,Theone Pippenger,Consumer,United States,Detroit,Michigan,48227,Central,TEC-AC-10000844,Technology,Accessories,Logitech Gaming G510s - Keyboard,84.99,1,0.0,30.596399999999996
2059,CA-2014-120376,2016-12-22,2016-12-25,First Class,TP-21130,Theone Pippenger,Consumer,United States,Detroit,Michigan,48227,Central,FUR-TA-10004534,Furniture,Tables,Bevis 44 x 96 Conference Tables,411.8,2,0.0,70.00599999999997
6193,CA-2014-104927,2016-12-22,2016-12-26,Standard Class,AG-10330,Alex Grayson,Consumer,United States,Houston,Texas,77095,Central,OFF-PA-10000019,Office Supplies,Paper,Xerox 1931,25.920000000000005,5,0.2,9.072
6194,CA-2014-104927,2016-12-22,2016-12-26,Standard Class,AG-10330,Alex Grayson,Consumer,United States,Houston,Texas,77095,Central,OFF-BI-10003429,Office Supplies,Binders,"Cardinal HOLDit! Binder Insert Strips,Extra Strips",6.329999999999999,5,0.8,-9.811499999999999
6195,CA-2014-104927,2016-12-22,2016-12-26,Standard Class,AG-10330,Alex Grayson,Consumer,United States,Houston,Texas,77095,Central,OFF-PA-10000176,Office Supplies,Paper,Xerox 1887,75.88,5,0.2,26.557999999999993
8578,CA-2014-146164,2016-12-22,2016-12-26,Standard Class,CM-12190,Charlotte Melton,Consumer,United States,Rochester,Minnesota,55901,Central,FUR-TA-10004915,Furniture,Tables,"Office Impressions End Table, 20-1/2""H x 24""W x 20""D",607.52,2,0.0,97.20320000000004
8579,CA-2014-146164,2016-12-22,2016-12-26,Standard Class,CM-12190,Charlotte Melton,Consumer,United States,Rochester,Minnesota,55901,Central,OFF-ST-10001228,Office Supplies,Storage,Personal File Boxes with Fold-Down Carry Handle,31.16,2,0.0,7.789999999999999
3545,CA-2014-121216,2016-12-23,2016-12-25,Second Class,MM-17920,Michael Moore,Consumer,United States,College Station,Texas,77840,Central,OFF-PA-10004519,Office Supplies,Paper,Spiral Phone Message Books with Labels by Adams,28.672000000000004,8,0.2,10.393600000000001
3546,CA-2014-121216,2016-12-23,2016-12-25,Second Class,MM-17920,Michael Moore,Consumer,United States,College Station,Texas,77840,Central,OFF-AP-10001947,Office Supplies,Appliances,Acco 6 Outlet Guardian Premium Plus Surge Suppressor,29.311999999999994,8,0.8,-74.74560000000001
6997,CA-2014-117443,2016-12-23,2016-12-25,Second Class,JB-15400,Jennifer Braxton,Corporate,United States,Rockford,Illinois,61107,Central,OFF-BI-10004002,Office Supplies,Binders,Wilson Jones International Size A4 Ring Binders,13.839999999999998,4,0.8,-22.144000000000005
6998,CA-2014-117443,2016-12-23,2016-12-25,Second Class,JB-15400,Jennifer Braxton,Corporate,United States,Rockford,Illinois,61107,Central,OFF-PA-10004475,Office Supplies,Paper,Xerox 1940,175.872,4,0.2,63.75359999999999
7608,CA-2014-121195,2016-12-24,2016-12-27,First Class,NS-18505,Neola Schneider,Consumer,United States,Dallas,Texas,75220,Central,OFF-ST-10000585,Office Supplies,Storage,Economy Rollaway Files,264.32,2,0.2,19.823999999999998
7943,CA-2014-134194,2016-12-25,2017-01-01,Standard Class,GA-14725,Guy Armstrong,Consumer,United States,Dallas,Texas,75081,Central,OFF-BI-10003684,Office Supplies,Binders,Wilson Jones Legal Size Ring Binders,39.58199999999999,9,0.8,-59.372999999999976
7944,CA-2014-134194,2016-12-25,2017-01-01,Standard Class,GA-14725,Guy Armstrong,Consumer,United States,Dallas,Texas,75081,Central,OFF-SU-10000946,Office Supplies,Supplies,Staple remover,44.688,7,0.2,5.0273999999999965
7945,CA-2014-134194,2016-12-25,2017-01-01,Standard Class,GA-14725,Guy Armstrong,Consumer,United States,Dallas,Texas,75081,Central,OFF-AR-10001615,Office Supplies,Art,Newell 34,31.744,2,0.2,2.3808000000000007
7946,CA-2014-134194,2016-12-25,2017-01-01,Standard Class,GA-14725,Guy Armstrong,Consumer,United States,Dallas,Texas,75081,Central,OFF-BI-10001597,Office Supplies,Binders,"Wilson Jones Ledger-Size, Piano-Hinge Binder, 2"", Blue",40.97999999999999,5,0.8,-65.568
7947,CA-2014-134194,2016-12-25,2017-01-01,Standard Class,GA-14725,Guy Armstrong,Consumer,United States,Dallas,Texas,75081,Central,OFF-BI-10001116,Office Supplies,Binders,"Wilson Jones 1"" Hanging DublLock Ring Binders",3.1679999999999993,3,0.8,-5.0687999999999995
1009,US-2014-106705,2016-12-26,2017-01-01,Standard Class,PO-18850,Patrick O'Brill,Consumer,United States,Burlington,Iowa,52601,Central,OFF-PA-10001509,Office Supplies,Paper,"Recycled Desk Saver Line ""While You Were Out"" Book, 5 1/2"" X 4""",44.75,5,0.0,20.584999999999994
5475,CA-2014-121741,2016-12-26,2016-12-26,Same Day,YC-21895,Yoseph Carroll,Corporate,United States,Fremont,Nebraska,68025,Central,OFF-ST-10004459,Office Supplies,Storage,Tennsco Single-Tier Lockers,750.68,2,0.0,37.53399999999999
8159,CA-2014-136238,2016-12-26,2017-01-01,Standard Class,KB-16240,Karen Bern,Corporate,United States,Odessa,Texas,79762,Central,OFF-PA-10004285,Office Supplies,Paper,Xerox 1959,16.032,3,0.2,5.611199999999999
954,CA-2014-136539,2016-12-28,2017-01-01,Standard Class,GH-14665,Greg Hansen,Consumer,United States,Round Rock,Texas,78664,Central,OFF-AR-10001958,Office Supplies,Art,Stanley Bostitch Contemporary Electric Pencil Sharpeners,27.168000000000003,2,0.2,2.7168
955,CA-2014-136539,2016-12-28,2017-01-01,Standard Class,GH-14665,Greg Hansen,Consumer,United States,Round Rock,Texas,78664,Central,FUR-BO-10004709,Furniture,Bookcases,"Bush Westfield Collection Bookcases, Medium Cherry Finish",78.85279999999999,2,0.32,-11.595999999999997
6819,CA-2014-163860,2016-12-28,2017-01-01,Standard Class,LO-17170,Lori Olson,Corporate,United States,Peoria,Illinois,61604,Central,OFF-BI-10003784,Office Supplies,Binders,Computer Printout Index Tabs,1.6799999999999995,5,0.8,-2.6880000000000015
6820,CA-2014-163860,2016-12-28,2017-01-01,Standard Class,LO-17170,Lori Olson,Corporate,United States,Peoria,Illinois,61604,Central,FUR-FU-10004586,Furniture,Furnishings,G.E. Longer-Life Indoor Recessed Floodlight Bulbs,7.968,3,0.6,-2.3903999999999996
6821,CA-2014-163860,2016-12-28,2017-01-01,Standard Class,LO-17170,Lori Olson,Corporate,United States,Peoria,Illinois,61604,Central,FUR-CH-10004698,Furniture,Chairs,"Padded Folding Chairs, Black, 4/Carton",113.372,2,0.3,-3.2391999999999896
6822,CA-2014-163860,2016-12-28,2017-01-01,Standard Class,LO-17170,Lori Olson,Corporate,United States,Peoria,Illinois,61604,Central,FUR-FU-10001935,Furniture,Furnishings,3M Hangers With Command Adhesive,2.9600000000000004,2,0.6,-1.4059999999999997
7485,CA-2014-135111,2016-12-28,2017-01-02,Standard Class,CS-12400,Christopher Schild,Home Office,United States,Fargo,North Dakota,58103,Central,OFF-AR-10004707,Office Supplies,Art,Staples in misc. colors,2.48,1,0.0,0.8679999999999999
7486,CA-2014-135111,2016-12-28,2017-01-02,Standard Class,CS-12400,Christopher Schild,Home Office,United States,Fargo,North Dakota,58103,Central,OFF-BI-10004040,Office Supplies,Binders,Wilson Jones Impact Binders,25.9,5,0.0,12.690999999999999
4240,CA-2014-158673,2016-12-29,2017-01-04,Standard Class,KB-16600,Ken Brennan,Corporate,United States,Grand Rapids,Michigan,49505,Central,OFF-PA-10000994,Office Supplies,Paper,Xerox 1915,209.7,2,0.0,100.65599999999999
646,CA-2014-126221,2016-12-30,2017-01-05,Standard Class,CC-12430,Chuck Clark,Home Office,United States,Columbus,Indiana,47201,Central,OFF-AP-10002457,Office Supplies,Appliances,"Eureka The Boss Plus 12-Amp Hard Box Upright Vacuum, Red",209.3,2,0.0,56.510999999999996
